rank,objective,sensor_ids,sensors,n_parts,usd,pins,declared,emergent,score,lift,per_part,per_dollar,per_pin,emergent_keys,new_routes,fired_edges,notes,reasoning
1,score,S001|S023|S072|S179|S197|S212,DS18B20 digital temp probe|BME688 gas + climate AI|MPU-6050 6-axis IMU|DFRobot Gravity mmWave presence radar|US-100 ultrasonic w/ temp comp|INA3221 triple-channel power,6,49.5,7,64,9,73,58,12.167,1.475,10.429,air-density|energy-waste-unoccupied|grid-stress|path-averaged-temperature|presence-verified|soil-water-volumetric|thermal-map|thermal-time-constant|wet-bulb-heat-stress,bearing-failing|material-type,air-density-live|bearing-thermal|compost-core|gait-corridor|grid-frequency-watch|house-thermal-constant|liquid-id-effusivity|microclimate-grid|presence-two-physics|psychrometric-wetbulb|sleep-two-signal|snow-sonic|soil-heat-pulse|sonic-thermometer|unoccupied-burn,,"DS18B20 digital temp probe + BME688 gas + climate AI + MPU-6050 6-axis IMU + DFRobot Gravity mmWave presence radar + US-100 ultrasonic w/ temp comp + INA3221 triple-channel power: the set fires Bearing temperature-rise monitor, Compost activity meter, Building thermal time-constant and 6 more, unlocking energy-waste-unoccupied, presence-verified, soil-water-volumetric, thermal-map, plus 2 new routes to outcomes it declares nowhere — 73 outcomes together against 15 for its best single member, a lift of 58. It costs 7 ESP32 pins and $49.5; it spans 1-Wire + I2C + Pulse + UART."
2,score,S007|S023|S072|S179|S197|S212,MLX90614 IR thermometer|BME688 gas + climate AI|MPU-6050 6-axis IMU|DFRobot Gravity mmWave presence radar|US-100 ultrasonic w/ temp comp|INA3221 triple-channel power,6,55,6,65,8,73,58,12.167,1.327,12.167,air-density|energy-waste-unoccupied|grid-stress|path-averaged-temperature|presence-verified|soil-water-volumetric|thermal-time-constant|wet-bulb-heat-stress,compost-active|material-type,air-density-live|bearing-thermal|cloud-cover-ir|compost-core|gait-corridor|grid-frequency-watch|house-thermal-constant|liquid-id-effusivity|presence-two-physics|psychrometric-wetbulb|sleep-two-signal|snow-sonic|soil-heat-pulse|sonic-thermometer|stove-watch|unoccupied-burn,,"MLX90614 IR thermometer + BME688 gas + climate AI + MPU-6050 6-axis IMU + DFRobot Gravity mmWave presence radar + US-100 ultrasonic w/ temp comp + INA3221 triple-channel power: the set fires Bearing temperature-rise monitor, Sky thermometer cloud detector, Compost activity meter and 6 more, unlocking energy-waste-unoccupied, presence-verified, soil-water-volumetric, thermal-time-constant, plus 2 new routes to outcomes it declares nowhere — 73 outcomes together against 15 for its best single member, a lift of 58. It costs 6 ESP32 pins and $55; it spans I2C + Pulse + UART."
3,score,S001|S023|S144|S179|S182|S206,DS18B20 digital temp probe|BME688 gas + climate AI|INA219 current/power monitor|DFRobot Gravity mmWave presence radar|Scale-hacking: NAU7802|MPU-9250 9-axis (legacy),6,62.0,5,65,8,73,56,12.167,1.177,14.6,air-density|energy-waste-unoccupied|grid-stress|presence-verified|soil-water-volumetric|thermal-map|thermal-time-constant|wet-bulb-heat-stress,bearing-failing|material-type|snow-depth,air-density-live|bearing-thermal|compost-core|gait-corridor|grid-frequency-watch|house-thermal-constant|liquid-id-effusivity|microclimate-grid|presence-two-physics|psychrometric-wetbulb|sleep-two-signal|snow-sonic|soil-heat-pulse|unoccupied-burn,a level translator is needed — not a 3.3V-native signal — MPU-9250 9-axis (legacy),"DS18B20 digital temp probe + BME688 gas + climate AI + INA219 current/power monitor + DFRobot Gravity mmWave presence radar + Scale-hacking: NAU7802 + MPU-9250 9-axis (legacy): the set fires Bearing temperature-rise monitor, Compost activity meter, Building thermal time-constant and 7 more, unlocking energy-waste-unoccupied, presence-verified, soil-water-volumetric, thermal-map, plus 3 new routes to outcomes it declares nowhere — 73 outcomes together against 17 for its best single member, a lift of 56. It costs 5 ESP32 pins and $62; it spans 1-Wire + I2C + UART. Caveat: a level translator is needed — not a 3.3V-native signal — MPU-9250 9-axis (legacy)."
4,score,S007|S015|S072|S179|S197|S212,MLX90614 IR thermometer|SHT31 weatherproof probe|MPU-6050 6-axis IMU|DFRobot Gravity mmWave presence radar|US-100 ultrasonic w/ temp comp|INA3221 triple-channel power,6,52,6,63,9,72,57,12.0,1.385,12.0,black-ice-risk|condensation-risk|energy-waste-unoccupied|grid-stress|path-averaged-temperature|presence-verified|soil-water-volumetric|thermal-time-constant|wet-bulb-heat-stress,material-type,bearing-thermal|black-ice-watch|cloud-cover-ir|compost-core|condensation-watch|gait-corridor|grid-frequency-watch|house-thermal-constant|liquid-id-effusivity|mould-forecast|presence-two-physics|psychrometric-wetbulb|sleep-two-signal|snow-sonic|soil-heat-pulse|sonic-thermometer|stove-watch|unoccupied-burn,,"MLX90614 IR thermometer + SHT31 weatherproof probe + MPU-6050 6-axis IMU + DFRobot Gravity mmWave presence radar + US-100 ultrasonic w/ temp comp + INA3221 triple-channel power: the set fires Bearing temperature-rise monitor, Road ice predictor, Sky thermometer cloud detector and 9 more, unlocking black-ice-risk, condensation-risk, energy-waste-unoccupied, presence-verified, plus 1 new route to outcomes it declares nowhere — 72 outcomes together against 15 for its best single member, a lift of 57. It costs 6 ESP32 pins and $52; it spans I2C + Pulse + UART."
5,score,S023|S072|S093|S179|S197|S212,BME688 gas + climate AI|MPU-6050 6-axis IMU|Ultrasonic mic experiments|DFRobot Gravity mmWave presence radar|US-100 ultrasonic w/ temp comp|INA3221 triple-channel power,6,53,7,63,9,72,57,12.0,1.358,10.286,air-density|energy-waste-unoccupied|grid-stress|path-averaged-temperature|presence-verified|recording-authenticity|soil-water-volumetric|thermal-time-constant|wet-bulb-heat-stress,breathing-stopped|compost-active|material-type,air-density-live|apnea-two-channel|bearing-thermal|compost-core|enf-timestamp|gait-corridor|grid-frequency-watch|helmholtz-level|house-thermal-constant|liquid-id-effusivity|presence-two-physics|psychrometric-wetbulb|sleep-two-signal|snow-sonic|soil-heat-pulse|sonic-thermometer|unoccupied-burn,"PSRAM wanted — an S3 or WROVER variant, not a plain ESP32 — Ultrasonic mic experiments","BME688 gas + climate AI + MPU-6050 6-axis IMU + Ultrasonic mic experiments + DFRobot Gravity mmWave presence radar + US-100 ultrasonic w/ temp comp + INA3221 triple-channel power: the set fires Two-channel breathing sentinel, Bearing temperature-rise monitor, Compost activity meter and 7 more, unlocking energy-waste-unoccupied, presence-verified, recording-authenticity, soil-water-volumetric, plus 3 new routes to outcomes it declares nowhere — 72 outcomes together against 15 for its best single member, a lift of 57. It costs 7 ESP32 pins and $53; it spans Analog + I2C + Pulse + UART. Caveat: PSRAM wanted — an S3 or WROVER variant, not a plain ESP32 — Ultrasonic mic experiments."
6,score,S023|S072|S179|S197|S210|S212,BME688 gas + climate AI|MPU-6050 6-axis IMU|DFRobot Gravity mmWave presence radar|US-100 ultrasonic w/ temp comp|DS18B20 water temp + flow combo|INA3221 triple-channel power,6,57,7,63,9,72,57,12.0,1.263,10.286,air-density|energy-waste-unoccupied|grid-stress|path-averaged-temperature|presence-verified|soil-water-volumetric|thermal-map|thermal-time-constant|wet-bulb-heat-stress,bearing-failing|compost-active|material-type|water-leak,air-density-live|bearing-thermal|compost-core|gait-corridor|grid-frequency-watch|house-thermal-constant|leak-by-context|liquid-id-effusivity|loop-heat-meter|microclimate-grid|presence-two-physics|psychrometric-wetbulb|sleep-two-signal|snow-sonic|soil-heat-pulse|sonic-thermometer|unoccupied-burn,,"BME688 gas + climate AI + MPU-6050 6-axis IMU + DFRobot Gravity mmWave presence radar + US-100 ultrasonic w/ temp comp + DS18B20 water temp + flow combo + INA3221 triple-channel power: the set fires Bearing temperature-rise monitor, Compost activity meter, Building thermal time-constant and 8 more, unlocking energy-waste-unoccupied, presence-verified, soil-water-volumetric, thermal-map, plus 4 new routes to outcomes it declares nowhere — 72 outcomes together against 15 for its best single member, a lift of 57. It costs 7 ESP32 pins and $57; it spans 1-Wire + I2C + Pulse + UART."
7,score,S023|S084|S179|S182|S206|S381,BME688 gas + climate AI|A3144 / SS49E Hall switches|DFRobot Gravity mmWave presence radar|Scale-hacking: NAU7802|MPU-9250 9-axis (legacy)|BL0940 calibration-free mains metering IC,6,58.9,7,61,11,72,55,12.0,1.222,10.286,air-density|building-heat-loss|cost-per-use|energy-waste-unoccupied|grid-stress|inrush-health|presence-verified|soil-water-volumetric|thermal-map|thermal-time-constant|wet-bulb-heat-stress,bearing-failing|compost-active|material-type|power-quality|snow-depth,air-density-live|bearing-thermal|building-ua|compost-core|gait-corridor|grid-frequency-watch|house-thermal-constant|inrush-signature|liquid-id-effusivity|microclimate-grid|nilm-signature|pf-power-quality|presence-two-physics|psychrometric-wetbulb|sleep-two-signal|snow-sonic|soil-heat-pulse|unoccupied-burn|which-room-energy,"a level translator is needed — not a 3.3V-native signal — A3144 / SS49E Hall switches, MPU-9250 9-axis (legacy)","BME688 gas + climate AI + A3144 / SS49E Hall switches + DFRobot Gravity mmWave presence radar + Scale-hacking: NAU7802 + MPU-9250 9-axis (legacy) + BL0940 calibration-free mains metering IC: the set fires Bearing temperature-rise monitor, Whole-building heat-loss coefficient, Compost activity meter and 9 more, unlocking building-heat-loss, cost-per-use, energy-waste-unoccupied, presence-verified, plus 5 new routes to outcomes it declares nowhere — 72 outcomes together against 17 for its best single member, a lift of 55. It costs 7 ESP32 pins and $58.9; it spans Analog + I2C + UART. Caveat: a level translator is needed — not a 3.3V-native signal — A3144 / SS49E Hall switches, MPU-9250 9-axis (legacy)."
8,score,S001|S023|S178|S179|S182|S381,DS18B20 digital temp probe|BME688 gas + climate AI|LDC1612 inductive sensing|DFRobot Gravity mmWave presence radar|Scale-hacking: NAU7802|BL0940 calibration-free mains metering IC,6,62.0,7,61,11,72,55,12.0,1.161,10.286,air-density|building-heat-loss|cost-per-use|energy-waste-unoccupied|grid-stress|inrush-health|presence-verified|soil-water-volumetric|thermal-map|thermal-time-constant|wet-bulb-heat-stress,bearing-failing|power-quality|snow-depth,air-density-live|bearing-thermal|building-ua|compost-core|gait-corridor|grid-frequency-watch|house-thermal-constant|inrush-signature|liquid-id-effusivity|microclimate-grid|nilm-signature|pf-power-quality|presence-two-physics|psychrometric-wetbulb|snow-sonic|soil-heat-pulse|unoccupied-burn|which-room-energy,,"DS18B20 digital temp probe + BME688 gas + climate AI + LDC1612 inductive sensing + DFRobot Gravity mmWave presence radar + Scale-hacking: NAU7802 + BL0940 calibration-free mains metering IC: the set fires Bearing temperature-rise monitor, Whole-building heat-loss coefficient, Compost activity meter and 8 more, unlocking building-heat-loss, cost-per-use, energy-waste-unoccupied, presence-verified, plus 3 new routes to outcomes it declares nowhere — 72 outcomes together against 17 for its best single member, a lift of 55. It costs 7 ESP32 pins and $62; it spans 1-Wire + I2C + UART."
9,score,S001|S023|S144|S178|S179|S182,DS18B20 digital temp probe|BME688 gas + climate AI|INA219 current/power monitor|LDC1612 inductive sensing|DFRobot Gravity mmWave presence radar|Scale-hacking: NAU7802,6,63.0,5,65,7,72,55,12.0,1.143,14.4,air-density|energy-waste-unoccupied|grid-stress|presence-verified|soil-water-volumetric|thermal-time-constant|wet-bulb-heat-stress,bearing-failing|snow-depth,air-density-live|bearing-thermal|compost-core|gait-corridor|grid-frequency-watch|house-thermal-constant|liquid-id-effusivity|presence-two-physics|psychrometric-wetbulb|snow-sonic|soil-heat-pulse|unoccupied-burn,,"DS18B20 digital temp probe + BME688 gas + climate AI + INA219 current/power monitor + LDC1612 inductive sensing + DFRobot Gravity mmWave presence radar + Scale-hacking: NAU7802: the set fires Bearing temperature-rise monitor, Compost activity meter, Building thermal time-constant and 5 more, unlocking energy-waste-unoccupied, presence-verified, soil-water-volumetric, thermal-time-constant, plus 2 new routes to outcomes it declares nowhere — 72 outcomes together against 17 for its best single member, a lift of 55. It costs 5 ESP32 pins and $63; it spans 1-Wire + I2C + UART."
10,score,S007|S036|S072|S179|S197|S212,MLX90614 IR thermometer|SCD41 true CO2|MPU-6050 6-axis IMU|DFRobot Gravity mmWave presence radar|US-100 ultrasonic w/ temp comp|INA3221 triple-channel power,6,65,6,62,10,72,57,12.0,1.108,12.0,air-changes-hour|energy-waste-unoccupied|grid-stress|path-averaged-temperature|presence-verified|room-volume-estimate|soil-water-volumetric|thermal-time-constant|wet-bulb-heat-stress|window-open-state,compost-active|material-type,ach-co2-decay|bearing-thermal|cloud-cover-ir|co2-room-volume|compost-core|gait-corridor|grid-frequency-watch|house-thermal-constant|liquid-id-effusivity|presence-two-physics|psychrometric-wetbulb|sleep-two-signal|snow-sonic|soil-heat-pulse|sonic-thermometer|stove-watch|unoccupied-burn|window-detect,,"MLX90614 IR thermometer + SCD41 true CO2 + MPU-6050 6-axis IMU + DFRobot Gravity mmWave presence radar + US-100 ultrasonic w/ temp comp + INA3221 triple-channel power: the set fires Bearing temperature-rise monitor, Sky thermometer cloud detector, Compost activity meter and 6 more, unlocking energy-waste-unoccupied, presence-verified, soil-water-volumetric, thermal-time-constant, plus 2 new routes to outcomes it declares nowhere — 72 outcomes together against 15 for its best single member, a lift of 57. It costs 6 ESP32 pins and $65; it spans I2C + Pulse + UART."
11,score,S023|S093|S144|S179|S182|S206,BME688 gas + climate AI|Ultrasonic mic experiments|INA219 current/power monitor|DFRobot Gravity mmWave presence radar|Scale-hacking: NAU7802|MPU-9250 9-axis (legacy),6,65.5,5,63,9,72,55,12.0,1.099,14.4,air-density|energy-waste-unoccupied|grid-stress|path-averaged-temperature|presence-verified|recording-authenticity|soil-water-volumetric|thermal-time-constant|wet-bulb-heat-stress,breathing-stopped|compost-active|material-type|snow-depth,air-density-live|apnea-two-channel|bearing-thermal|compost-core|enf-timestamp|gait-corridor|grid-frequency-watch|helmholtz-level|house-thermal-constant|liquid-id-effusivity|presence-two-physics|psychrometric-wetbulb|sleep-two-signal|snow-sonic|soil-heat-pulse|sonic-thermometer|unoccupied-burn,"PSRAM wanted — an S3 or WROVER variant, not a plain ESP32 — Ultrasonic mic experiments|a level translator is needed — not a 3.3V-native signal — MPU-9250 9-axis (legacy)","BME688 gas + climate AI + Ultrasonic mic experiments + INA219 current/power monitor + DFRobot Gravity mmWave presence radar + Scale-hacking: NAU7802 + MPU-9250 9-axis (legacy): the set fires Two-channel breathing sentinel, Bearing temperature-rise monitor, Compost activity meter and 8 more, unlocking energy-waste-unoccupied, presence-verified, recording-authenticity, soil-water-volumetric, plus 4 new routes to outcomes it declares nowhere — 72 outcomes together against 17 for its best single member, a lift of 55. It costs 5 ESP32 pins and $65.5; it spans Analog + I2C + UART. Caveat: PSRAM wanted — an S3 or WROVER variant, not a plain ESP32 — Ultrasonic mic experiments."
12,score,S007|S023|S144|S179|S182|S206,MLX90614 IR thermometer|BME688 gas + climate AI|INA219 current/power monitor|DFRobot Gravity mmWave presence radar|Scale-hacking: NAU7802|MPU-9250 9-axis (legacy),6,67.5,4,65,7,72,55,12.0,1.067,18.0,air-density|energy-waste-unoccupied|grid-stress|presence-verified|soil-water-volumetric|thermal-time-constant|wet-bulb-heat-stress,compost-active|material-type|snow-depth,air-density-live|bearing-thermal|cloud-cover-ir|compost-core|gait-corridor|grid-frequency-watch|house-thermal-constant|liquid-id-effusivity|presence-two-physics|psychrometric-wetbulb|sleep-two-signal|snow-sonic|soil-heat-pulse|stove-watch|unoccupied-burn,a level translator is needed — not a 3.3V-native signal — MPU-9250 9-axis (legacy),"MLX90614 IR thermometer + BME688 gas + climate AI + INA219 current/power monitor + DFRobot Gravity mmWave presence radar + Scale-hacking: NAU7802 + MPU-9250 9-axis (legacy): the set fires Bearing temperature-rise monitor, Sky thermometer cloud detector, Compost activity meter and 7 more, unlocking energy-waste-unoccupied, presence-verified, soil-water-volumetric, thermal-time-constant, plus 3 new routes to outcomes it declares nowhere — 72 outcomes together against 17 for its best single member, a lift of 55. It costs 4 ESP32 pins and $67.5; it spans I2C + UART. Caveat: a level translator is needed — not a 3.3V-native signal — MPU-9250 9-axis (legacy)."
13,score,S023|S178|S179|S182|S206|S381,BME688 gas + climate AI|LDC1612 inductive sensing|DFRobot Gravity mmWave presence radar|Scale-hacking: NAU7802|MPU-9250 9-axis (legacy)|BL0940 calibration-free mains metering IC,6,67.5,6,61,11,72,55,12.0,1.067,12.0,air-density|building-heat-loss|cost-per-use|energy-waste-unoccupied|grid-stress|inrush-health|presence-verified|soil-water-volumetric|thermal-map|thermal-time-constant|wet-bulb-heat-stress,bearing-failing|compost-active|power-quality|snow-depth,air-density-live|bearing-thermal|building-ua|compost-core|gait-corridor|grid-frequency-watch|house-thermal-constant|inrush-signature|liquid-id-effusivity|microclimate-grid|nilm-signature|pf-power-quality|presence-two-physics|psychrometric-wetbulb|sleep-two-signal|snow-sonic|soil-heat-pulse|unoccupied-burn|which-room-energy,a level translator is needed — not a 3.3V-native signal — MPU-9250 9-axis (legacy),"BME688 gas + climate AI + LDC1612 inductive sensing + DFRobot Gravity mmWave presence radar + Scale-hacking: NAU7802 + MPU-9250 9-axis (legacy) + BL0940 calibration-free mains metering IC: the set fires Bearing temperature-rise monitor, Whole-building heat-loss coefficient, Compost activity meter and 9 more, unlocking building-heat-loss, cost-per-use, energy-waste-unoccupied, presence-verified, plus 4 new routes to outcomes it declares nowhere — 72 outcomes together against 17 for its best single member, a lift of 55. It costs 6 ESP32 pins and $67.5; it spans I2C + UART. Caveat: a level translator is needed — not a 3.3V-native signal — MPU-9250 9-axis (legacy)."
14,score,S023|S179|S182|S206|S210|S381,BME688 gas + climate AI|DFRobot Gravity mmWave presence radar|Scale-hacking: NAU7802|MPU-9250 9-axis (legacy)|DS18B20 water temp + flow combo|BL0940 calibration-free mains metering IC,6,68.5,7,61,11,72,55,12.0,1.051,10.286,air-density|building-heat-loss|cost-per-use|energy-waste-unoccupied|grid-stress|inrush-health|presence-verified|soil-water-volumetric|thermal-map|thermal-time-constant|wet-bulb-heat-stress,bearing-failing|compost-active|material-type|power-quality|snow-depth|water-leak,air-density-live|bearing-thermal|building-ua|compost-core|gait-corridor|grid-frequency-watch|house-thermal-constant|inrush-signature|leak-by-context|liquid-id-effusivity|loop-heat-meter|microclimate-grid|nilm-signature|pf-power-quality|presence-two-physics|psychrometric-wetbulb|sleep-two-signal|snow-sonic|soil-heat-pulse|unoccupied-burn|which-room-energy,a level translator is needed — not a 3.3V-native signal — MPU-9250 9-axis (legacy),"BME688 gas + climate AI + DFRobot Gravity mmWave presence radar + Scale-hacking: NAU7802 + MPU-9250 9-axis (legacy) + DS18B20 water temp + flow combo + BL0940 calibration-free mains metering IC: the set fires Bearing temperature-rise monitor, Whole-building heat-loss coefficient, Compost activity meter and 11 more, unlocking building-heat-loss, cost-per-use, energy-waste-unoccupied, presence-verified, plus 6 new routes to outcomes it declares nowhere — 72 outcomes together against 17 for its best single member, a lift of 55. It costs 7 ESP32 pins and $68.5; it spans 1-Wire + I2C + UART. Caveat: a level translator is needed — not a 3.3V-native signal — MPU-9250 9-axis (legacy)."
15,score,S001|S023|S079|S144|S179|S182,DS18B20 digital temp probe|BME688 gas + climate AI|ICM-20948 9-axis IMU|INA219 current/power monitor|DFRobot Gravity mmWave presence radar|Scale-hacking: NAU7802,6,69.0,5,65,7,72,55,12.0,1.043,14.4,air-density|energy-waste-unoccupied|grid-stress|presence-verified|soil-water-volumetric|thermal-time-constant|wet-bulb-heat-stress,bearing-failing|material-type|snow-depth,air-density-live|bearing-thermal|compost-core|gait-corridor|grid-frequency-watch|house-thermal-constant|liquid-id-effusivity|presence-two-physics|psychrometric-wetbulb|sleep-two-signal|snow-sonic|soil-heat-pulse|unoccupied-burn,,"DS18B20 digital temp probe + BME688 gas + climate AI + ICM-20948 9-axis IMU + INA219 current/power monitor + DFRobot Gravity mmWave presence radar + Scale-hacking: NAU7802: the set fires Bearing temperature-rise monitor, Compost activity meter, Building thermal time-constant and 6 more, unlocking energy-waste-unoccupied, presence-verified, soil-water-volumetric, thermal-time-constant, plus 3 new routes to outcomes it declares nowhere — 72 outcomes together against 17 for its best single member, a lift of 55. It costs 5 ESP32 pins and $69; it spans 1-Wire + I2C + UART."
16,score,S023|S144|S179|S182|S206|S210,BME688 gas + climate AI|INA219 current/power monitor|DFRobot Gravity mmWave presence radar|Scale-hacking: NAU7802|MPU-9250 9-axis (legacy)|DS18B20 water temp + flow combo,6,69.5,5,64,8,72,55,12.0,1.036,14.4,air-density|energy-waste-unoccupied|grid-stress|presence-verified|soil-water-volumetric|thermal-map|thermal-time-constant|wet-bulb-heat-stress,bearing-failing|compost-active|material-type|snow-depth|water-leak,air-density-live|bearing-thermal|compost-core|gait-corridor|grid-frequency-watch|house-thermal-constant|leak-by-context|liquid-id-effusivity|loop-heat-meter|microclimate-grid|presence-two-physics|psychrometric-wetbulb|sleep-two-signal|snow-sonic|soil-heat-pulse|unoccupied-burn,a level translator is needed — not a 3.3V-native signal — MPU-9250 9-axis (legacy),"BME688 gas + climate AI + INA219 current/power monitor + DFRobot Gravity mmWave presence radar + Scale-hacking: NAU7802 + MPU-9250 9-axis (legacy) + DS18B20 water temp + flow combo: the set fires Bearing temperature-rise monitor, Compost activity meter, Building thermal time-constant and 9 more, unlocking energy-waste-unoccupied, presence-verified, soil-water-volumetric, thermal-map, plus 5 new routes to outcomes it declares nowhere — 72 outcomes together against 17 for its best single member, a lift of 55. It costs 5 ESP32 pins and $69.5; it spans 1-Wire + I2C + UART. Caveat: a level translator is needed — not a 3.3V-native signal — MPU-9250 9-axis (legacy)."
17,score,S023|S144|S179|S182|S206|S232,BME688 gas + climate AI|INA219 current/power monitor|DFRobot Gravity mmWave presence radar|Scale-hacking: NAU7802|MPU-9250 9-axis (legacy)|Acoustic emission (ultrasonic contact),6,69.5,6,64,8,72,55,12.0,1.036,12.0,air-density|energy-waste-unoccupied|grid-stress|path-averaged-temperature|presence-verified|soil-water-volumetric|thermal-time-constant|wet-bulb-heat-stress,compost-active|material-type|snow-depth,air-density-live|bearing-thermal|compost-core|gait-corridor|grid-frequency-watch|hive-triple|house-thermal-constant|liquid-id-effusivity|presence-two-physics|psychrometric-wetbulb|sleep-two-signal|snow-sonic|soil-heat-pulse|sonic-thermometer|unoccupied-burn,"PSRAM wanted — an S3 or WROVER variant, not a plain ESP32 — Acoustic emission (ultrasonic contact)|a level translator is needed — not a 3.3V-native signal — MPU-9250 9-axis (legacy)","BME688 gas + climate AI + INA219 current/power monitor + DFRobot Gravity mmWave presence radar + Scale-hacking: NAU7802 + MPU-9250 9-axis (legacy) + Acoustic emission (ultrasonic contact): the set fires Bearing temperature-rise monitor, Compost activity meter, Hive vital-signs fusion and 7 more, unlocking energy-waste-unoccupied, presence-verified, soil-water-volumetric, thermal-time-constant, plus 3 new routes to outcomes it declares nowhere — 72 outcomes together against 17 for its best single member, a lift of 55. It costs 6 ESP32 pins and $69.5; it spans Analog + I2C + UART. Caveat: PSRAM wanted — an S3 or WROVER variant, not a plain ESP32 — Acoustic emission (ultrasonic contact)."
18,score,S023|S178|S179|S182|S210|S381,BME688 gas + climate AI|LDC1612 inductive sensing|DFRobot Gravity mmWave presence radar|Scale-hacking: NAU7802|DS18B20 water temp + flow combo|BL0940 calibration-free mains metering IC,6,69.5,7,61,11,72,55,12.0,1.036,10.286,air-density|building-heat-loss|cost-per-use|energy-waste-unoccupied|grid-stress|inrush-health|presence-verified|soil-water-volumetric|thermal-map|thermal-time-constant|wet-bulb-heat-stress,bearing-failing|compost-active|power-quality|snow-depth|water-leak,air-density-live|bearing-thermal|building-ua|compost-core|gait-corridor|grid-frequency-watch|house-thermal-constant|inrush-signature|leak-by-context|liquid-id-effusivity|loop-heat-meter|microclimate-grid|nilm-signature|pf-power-quality|presence-two-physics|psychrometric-wetbulb|snow-sonic|soil-heat-pulse|unoccupied-burn|which-room-energy,,"BME688 gas + climate AI + LDC1612 inductive sensing + DFRobot Gravity mmWave presence radar + Scale-hacking: NAU7802 + DS18B20 water temp + flow combo + BL0940 calibration-free mains metering IC: the set fires Bearing temperature-rise monitor, Whole-building heat-loss coefficient, Compost activity meter and 10 more, unlocking building-heat-loss, cost-per-use, energy-waste-unoccupied, presence-verified, plus 5 new routes to outcomes it declares nowhere — 72 outcomes together against 17 for its best single member, a lift of 55. It costs 7 ESP32 pins and $69.5; it spans 1-Wire + I2C + UART."
19,score,S023|S169|S179|S182|S206|S381,BME688 gas + climate AI|Grove Vision AI v2|DFRobot Gravity mmWave presence radar|Scale-hacking: NAU7802|MPU-9250 9-axis (legacy)|BL0940 calibration-free mains metering IC,6,74.5,6,61,11,72,55,12.0,0.966,12.0,air-density|building-heat-loss|cost-per-use|energy-waste-unoccupied|grid-stress|inrush-health|presence-verified|soil-water-volumetric|thermal-map|thermal-time-constant|wet-bulb-heat-stress,bearing-failing|compost-active|power-quality|snow-depth,air-density-live|bearing-thermal|building-ua|compost-core|gait-corridor|grid-frequency-watch|house-thermal-constant|inrush-signature|liquid-id-effusivity|microclimate-grid|nilm-signature|pf-power-quality|presence-two-physics|psychrometric-wetbulb|sleep-two-signal|snow-sonic|soil-heat-pulse|unoccupied-burn|which-room-energy,"PSRAM wanted — an S3 or WROVER variant, not a plain ESP32 — Grove Vision AI v2|a level translator is needed — not a 3.3V-native signal — MPU-9250 9-axis (legacy)","BME688 gas + climate AI + Grove Vision AI v2 + DFRobot Gravity mmWave presence radar + Scale-hacking: NAU7802 + MPU-9250 9-axis (legacy) + BL0940 calibration-free mains metering IC: the set fires Bearing temperature-rise monitor, Whole-building heat-loss coefficient, Compost activity meter and 9 more, unlocking building-heat-loss, cost-per-use, energy-waste-unoccupied, presence-verified, plus 4 new routes to outcomes it declares nowhere — 72 outcomes together against 17 for its best single member, a lift of 55. It costs 6 ESP32 pins and $74.5; it spans I2C + UART. Caveat: PSRAM wanted — an S3 or WROVER variant, not a plain ESP32 — Grove Vision AI v2."
20,score,S023|S079|S179|S182|S210|S381,BME688 gas + climate AI|ICM-20948 9-axis IMU|DFRobot Gravity mmWave presence radar|Scale-hacking: NAU7802|DS18B20 water temp + flow combo|BL0940 calibration-free mains metering IC,6,75.5,7,61,11,72,55,12.0,0.954,10.286,air-density|building-heat-loss|cost-per-use|energy-waste-unoccupied|grid-stress|inrush-health|presence-verified|soil-water-volumetric|thermal-map|thermal-time-constant|wet-bulb-heat-stress,bearing-failing|compost-active|material-type|power-quality|snow-depth|water-leak,air-density-live|bearing-thermal|building-ua|compost-core|gait-corridor|grid-frequency-watch|house-thermal-constant|inrush-signature|leak-by-context|liquid-id-effusivity|loop-heat-meter|microclimate-grid|nilm-signature|pf-power-quality|presence-two-physics|psychrometric-wetbulb|sleep-two-signal|snow-sonic|soil-heat-pulse|unoccupied-burn|which-room-energy,,"BME688 gas + climate AI + ICM-20948 9-axis IMU + DFRobot Gravity mmWave presence radar + Scale-hacking: NAU7802 + DS18B20 water temp + flow combo + BL0940 calibration-free mains metering IC: the set fires Bearing temperature-rise monitor, Whole-building heat-loss coefficient, Compost activity meter and 11 more, unlocking building-heat-loss, cost-per-use, energy-waste-unoccupied, presence-verified, plus 6 new routes to outcomes it declares nowhere — 72 outcomes together against 17 for its best single member, a lift of 55. It costs 7 ESP32 pins and $75.5; it spans 1-Wire + I2C + UART."
21,score,S001|S023|S075|S144|S179|S182,DS18B20 digital temp probe|BME688 gas + climate AI|BNO086 high-perf fusion IMU|INA219 current/power monitor|DFRobot Gravity mmWave presence radar|Scale-hacking: NAU7802,6,76.0,5,65,7,72,55,12.0,0.947,14.4,air-density|energy-waste-unoccupied|grid-stress|presence-verified|soil-water-volumetric|thermal-time-constant|wet-bulb-heat-stress,bearing-failing|material-type|snow-depth,air-density-live|bearing-thermal|compost-core|gait-corridor|grid-frequency-watch|house-thermal-constant|liquid-id-effusivity|presence-two-physics|psychrometric-wetbulb|sleep-two-signal|snow-sonic|soil-heat-pulse|unoccupied-burn,,"DS18B20 digital temp probe + BME688 gas + climate AI + BNO086 high-perf fusion IMU + INA219 current/power monitor + DFRobot Gravity mmWave presence radar + Scale-hacking: NAU7802: the set fires Bearing temperature-rise monitor, Compost activity meter, Building thermal time-constant and 6 more, unlocking energy-waste-unoccupied, presence-verified, soil-water-volumetric, thermal-time-constant, plus 3 new routes to outcomes it declares nowhere — 72 outcomes together against 17 for its best single member, a lift of 55. It costs 5 ESP32 pins and $76; it spans 1-Wire + I2C + UART."
22,score,S023|S148|S179|S182|S206|S210,BME688 gas + climate AI|PZEM-004T AC power module|DFRobot Gravity mmWave presence radar|Scale-hacking: NAU7802|MPU-9250 9-axis (legacy)|DS18B20 water temp + flow combo,6,78,7,61,11,72,55,12.0,0.923,10.286,air-density|building-heat-loss|cost-per-use|energy-waste-unoccupied|grid-stress|inrush-health|presence-verified|soil-water-volumetric|thermal-map|thermal-time-constant|wet-bulb-heat-stress,bearing-failing|compost-active|material-type|snow-depth|water-leak,air-density-live|bearing-thermal|building-ua|compost-core|gait-corridor|grid-frequency-watch|house-thermal-constant|inrush-signature|leak-by-context|liquid-id-effusivity|loop-heat-meter|microclimate-grid|nilm-signature|pf-power-quality|presence-two-physics|psychrometric-wetbulb|sleep-two-signal|snow-sonic|soil-heat-pulse|unoccupied-burn|which-room-energy,a level translator is needed — not a 3.3V-native signal — MPU-9250 9-axis (legacy),"BME688 gas + climate AI + PZEM-004T AC power module + DFRobot Gravity mmWave presence radar + Scale-hacking: NAU7802 + MPU-9250 9-axis (legacy) + DS18B20 water temp + flow combo: the set fires Bearing temperature-rise monitor, Whole-building heat-loss coefficient, Compost activity meter and 11 more, unlocking building-heat-loss, cost-per-use, energy-waste-unoccupied, presence-verified, plus 5 new routes to outcomes it declares nowhere — 72 outcomes together against 17 for its best single member, a lift of 55. It costs 7 ESP32 pins and $78; it spans 1-Wire + I2C + UART. Caveat: a level translator is needed — not a 3.3V-native signal — MPU-9250 9-axis (legacy)."
23,score,S023|S075|S179|S182|S210|S381,BME688 gas + climate AI|BNO086 high-perf fusion IMU|DFRobot Gravity mmWave presence radar|Scale-hacking: NAU7802|DS18B20 water temp + flow combo|BL0940 calibration-free mains metering IC,6,82.5,7,61,11,72,55,12.0,0.873,10.286,air-density|building-heat-loss|cost-per-use|energy-waste-unoccupied|grid-stress|inrush-health|presence-verified|soil-water-volumetric|thermal-map|thermal-time-constant|wet-bulb-heat-stress,bearing-failing|compost-active|material-type|power-quality|snow-depth|water-leak,air-density-live|bearing-thermal|building-ua|compost-core|gait-corridor|grid-frequency-watch|house-thermal-constant|inrush-signature|leak-by-context|liquid-id-effusivity|loop-heat-meter|microclimate-grid|nilm-signature|pf-power-quality|presence-two-physics|psychrometric-wetbulb|sleep-two-signal|snow-sonic|soil-heat-pulse|unoccupied-burn|which-room-energy,,"BME688 gas + climate AI + BNO086 high-perf fusion IMU + DFRobot Gravity mmWave presence radar + Scale-hacking: NAU7802 + DS18B20 water temp + flow combo + BL0940 calibration-free mains metering IC: the set fires Bearing temperature-rise monitor, Whole-building heat-loss coefficient, Compost activity meter and 11 more, unlocking building-heat-loss, cost-per-use, energy-waste-unoccupied, presence-verified, plus 6 new routes to outcomes it declares nowhere — 72 outcomes together against 17 for its best single member, a lift of 55. It costs 7 ESP32 pins and $82.5; it spans 1-Wire + I2C + UART."
24,score,S007|S072|S179|S197|S212|S235,MLX90614 IR thermometer|MPU-6050 6-axis IMU|DFRobot Gravity mmWave presence radar|US-100 ultrasonic w/ temp comp|INA3221 triple-channel power|Scent delivery + e-nose loop,6,100,6,64,8,72,57,12.0,0.72,12.0,air-density|energy-waste-unoccupied|grid-stress|path-averaged-temperature|presence-verified|soil-water-volumetric|thermal-time-constant|wet-bulb-heat-stress,compost-active|material-type,air-density-live|bearing-thermal|cloud-cover-ir|compost-core|gait-corridor|grid-frequency-watch|house-thermal-constant|liquid-id-effusivity|presence-two-physics|psychrometric-wetbulb|sleep-two-signal|snow-sonic|soil-heat-pulse|sonic-thermometer|stove-watch|unoccupied-burn,"PSRAM wanted — an S3 or WROVER variant, not a plain ESP32 — Scent delivery + e-nose loop","MLX90614 IR thermometer + MPU-6050 6-axis IMU + DFRobot Gravity mmWave presence radar + US-100 ultrasonic w/ temp comp + INA3221 triple-channel power + Scent delivery + e-nose loop: the set fires Bearing temperature-rise monitor, Sky thermometer cloud detector, Compost activity meter and 6 more, unlocking energy-waste-unoccupied, presence-verified, soil-water-volumetric, thermal-time-constant, plus 2 new routes to outcomes it declares nowhere — 72 outcomes together against 15 for its best single member, a lift of 57. It costs 6 ESP32 pins and $100; it spans I2C + Pulse + UART. Caveat: PSRAM wanted — an S3 or WROVER variant, not a plain ESP32 — Scent delivery + e-nose loop."
25,score,S001|S072|S179|S197|S212|S278,DS18B20 digital temp probe|MPU-6050 6-axis IMU|DFRobot Gravity mmWave presence radar|US-100 ultrasonic w/ temp comp|INA3221 triple-channel power|SEN66 six-in-one air module,6,104.5,7,61,11,72,57,12.0,0.689,10.286,air-changes-hour|energy-waste-unoccupied|grid-stress|path-averaged-temperature|presence-verified|room-volume-estimate|soil-water-volumetric|thermal-map|thermal-time-constant|wet-bulb-heat-stress|window-open-state,bearing-failing|material-type,ach-co2-decay|bearing-thermal|co2-room-volume|compost-core|gait-corridor|grid-frequency-watch|house-thermal-constant|liquid-id-effusivity|microclimate-grid|presence-two-physics|psychrometric-wetbulb|sleep-two-signal|snow-sonic|soil-heat-pulse|sonic-thermometer|unoccupied-burn|window-detect,,"DS18B20 digital temp probe + MPU-6050 6-axis IMU + DFRobot Gravity mmWave presence radar + US-100 ultrasonic w/ temp comp + INA3221 triple-channel power + SEN66 six-in-one air module: the set fires Bearing temperature-rise monitor, Compost activity meter, Building thermal time-constant and 6 more, unlocking energy-waste-unoccupied, presence-verified, soil-water-volumetric, thermal-map, plus 2 new routes to outcomes it declares nowhere — 72 outcomes together against 15 for its best single member, a lift of 57. It costs 7 ESP32 pins and $104.5; it spans 1-Wire + I2C + Pulse + UART."
26,score,S013|S072|S179|S197|S212|S278,BME280 climate combo|MPU-6050 6-axis IMU|DFRobot Gravity mmWave presence radar|US-100 ultrasonic w/ temp comp|INA3221 triple-channel power|SEN66 six-in-one air module,6,108.0,6,59,13,72,57,12.0,0.667,12.0,air-changes-hour|air-density|energy-waste-unoccupied|grid-stress|path-averaged-temperature|presence-verified|radon-risk-rising|room-volume-estimate|soil-water-volumetric|thermal-map|thermal-time-constant|wet-bulb-heat-stress|window-open-state,bearing-failing|compost-active|material-type,ach-co2-decay|air-density-live|bearing-thermal|co2-room-volume|compost-core|gait-corridor|grid-frequency-watch|house-thermal-constant|liquid-id-effusivity|microclimate-grid|presence-two-physics|psychrometric-wetbulb|radon-fast-proxy|sleep-two-signal|snow-sonic|soil-heat-pulse|sonic-thermometer|unoccupied-burn|window-detect,,"BME280 climate combo + MPU-6050 6-axis IMU + DFRobot Gravity mmWave presence radar + US-100 ultrasonic w/ temp comp + INA3221 triple-channel power + SEN66 six-in-one air module: the set fires Bearing temperature-rise monitor, Compost activity meter, Building thermal time-constant and 7 more, unlocking energy-waste-unoccupied, presence-verified, radon-risk-rising, soil-water-volumetric, plus 3 new routes to outcomes it declares nowhere — 72 outcomes together against 15 for its best single member, a lift of 57. It costs 6 ESP32 pins and $108; it spans I2C + Pulse + UART."
27,score,S007|S072|S179|S197|S212|S278,MLX90614 IR thermometer|MPU-6050 6-axis IMU|DFRobot Gravity mmWave presence radar|US-100 ultrasonic w/ temp comp|INA3221 triple-channel power|SEN66 six-in-one air module,6,110.0,6,62,10,72,57,12.0,0.655,12.0,air-changes-hour|energy-waste-unoccupied|grid-stress|path-averaged-temperature|presence-verified|room-volume-estimate|soil-water-volumetric|thermal-time-constant|wet-bulb-heat-stress|window-open-state,compost-active|material-type,ach-co2-decay|bearing-thermal|cloud-cover-ir|co2-room-volume|compost-core|gait-corridor|grid-frequency-watch|house-thermal-constant|liquid-id-effusivity|presence-two-physics|psychrometric-wetbulb|sleep-two-signal|snow-sonic|soil-heat-pulse|sonic-thermometer|stove-watch|unoccupied-burn|window-detect,,"MLX90614 IR thermometer + MPU-6050 6-axis IMU + DFRobot Gravity mmWave presence radar + US-100 ultrasonic w/ temp comp + INA3221 triple-channel power + SEN66 six-in-one air module: the set fires Bearing temperature-rise monitor, Sky thermometer cloud detector, Compost activity meter and 6 more, unlocking energy-waste-unoccupied, presence-verified, soil-water-volumetric, thermal-time-constant, plus 2 new routes to outcomes it declares nowhere — 72 outcomes together against 15 for its best single member, a lift of 57. It costs 6 ESP32 pins and $110; it spans I2C + Pulse + UART."
28,score,S001|S023|S087|S182|S206|S379,DS18B20 digital temp probe|BME688 gas + climate AI|INMP441 I2S MEMS mic|Scale-hacking: NAU7802|MPU-9250 9-axis (legacy)|ATM90E32AS polyphase energy metering AFE,6,44.5,8,59,12,71,54,11.833,1.596,8.875,air-density|building-heat-loss|cost-per-use|energy-waste-unoccupied|grid-stress|inrush-health|presence-verified|recording-authenticity|soil-water-volumetric|thermal-map|thermal-time-constant|wet-bulb-heat-stress,material-type,air-density-live|bearing-thermal|building-ua|compost-core|enf-timestamp|grid-frequency-watch|helmholtz-level|house-thermal-constant|inrush-signature|liquid-id-effusivity|microclimate-grid|nilm-signature|pf-power-quality|presence-two-physics|psychrometric-wetbulb|soil-heat-pulse|unoccupied-burn|which-room-energy,"PSRAM wanted — an S3 or WROVER variant, not a plain ESP32 — INMP441 I2S MEMS mic|a level translator is needed — not a 3.3V-native signal — MPU-9250 9-axis (legacy)","DS18B20 digital temp probe + BME688 gas + climate AI + INMP441 I2S MEMS mic + Scale-hacking: NAU7802 + MPU-9250 9-axis (legacy) + ATM90E32AS polyphase energy metering AFE: the set fires Bearing temperature-rise monitor, Whole-building heat-loss coefficient, Compost activity meter and 8 more, unlocking building-heat-loss, cost-per-use, energy-waste-unoccupied, presence-verified, plus 1 new route to outcomes it declares nowhere — 71 outcomes together against 17 for its best single member, a lift of 54. It costs 8 ESP32 pins and $44.5; it spans 1-Wire + I2C + I2S + UART. Caveat: PSRAM wanted — an S3 or WROVER variant, not a plain ESP32 — INMP441 I2S MEMS mic."
29,score,S007|S013|S072|S179|S197|S212,MLX90614 IR thermometer|BME280 climate combo|MPU-6050 6-axis IMU|DFRobot Gravity mmWave presence radar|US-100 ultrasonic w/ temp comp|INA3221 triple-channel power,6,46,6,63,8,71,56,11.833,1.543,11.833,air-density|energy-waste-unoccupied|grid-stress|path-averaged-temperature|presence-verified|soil-water-volumetric|thermal-time-constant|wet-bulb-heat-stress,compost-active|material-type,air-density-live|bearing-thermal|cloud-cover-ir|compost-core|gait-corridor|grid-frequency-watch|house-thermal-constant|liquid-id-effusivity|presence-two-physics|psychrometric-wetbulb|sleep-two-signal|snow-sonic|soil-heat-pulse|sonic-thermometer|stove-watch|unoccupied-burn,,"MLX90614 IR thermometer + BME280 climate combo + MPU-6050 6-axis IMU + DFRobot Gravity mmWave presence radar + US-100 ultrasonic w/ temp comp + INA3221 triple-channel power: the set fires Bearing temperature-rise monitor, Sky thermometer cloud detector, Compost activity meter and 6 more, unlocking energy-waste-unoccupied, presence-verified, soil-water-volumetric, thermal-time-constant, plus 2 new routes to outcomes it declares nowhere — 71 outcomes together against 15 for its best single member, a lift of 56. It costs 6 ESP32 pins and $46; it spans I2C + Pulse + UART."
30,score,S001|S023|S072|S179|S182|S381,DS18B20 digital temp probe|BME688 gas + climate AI|MPU-6050 6-axis IMU|DFRobot Gravity mmWave presence radar|Scale-hacking: NAU7802|BL0940 calibration-free mains metering IC,6,55.0,7,60,11,71,54,11.833,1.291,10.143,air-density|building-heat-loss|cost-per-use|energy-waste-unoccupied|grid-stress|inrush-health|presence-verified|soil-water-volumetric|thermal-map|thermal-time-constant|wet-bulb-heat-stress,bearing-failing|material-type|power-quality|snow-depth,air-density-live|bearing-thermal|building-ua|compost-core|gait-corridor|grid-frequency-watch|house-thermal-constant|inrush-signature|liquid-id-effusivity|microclimate-grid|nilm-signature|pf-power-quality|presence-two-physics|psychrometric-wetbulb|sleep-two-signal|snow-sonic|soil-heat-pulse|unoccupied-burn|which-room-energy,,"DS18B20 digital temp probe + BME688 gas + climate AI + MPU-6050 6-axis IMU + DFRobot Gravity mmWave presence radar + Scale-hacking: NAU7802 + BL0940 calibration-free mains metering IC: the set fires Bearing temperature-rise monitor, Whole-building heat-loss coefficient, Compost activity meter and 9 more, unlocking building-heat-loss, cost-per-use, energy-waste-unoccupied, presence-verified, plus 4 new routes to outcomes it declares nowhere — 71 outcomes together against 17 for its best single member, a lift of 54. It costs 7 ESP32 pins and $55; it spans 1-Wire + I2C + UART."
1,per_part,S087|S182,INMP441 I2S MEMS mic|Scale-hacking: NAU7802,2,15,5,28,3,31,14,15.5,2.067,6.2,grid-stress|presence-verified|recording-authenticity,,enf-timestamp|grid-frequency-watch|helmholtz-level|presence-two-physics,"PSRAM wanted — an S3 or WROVER variant, not a plain ESP32 — INMP441 I2S MEMS mic","INMP441 I2S MEMS mic + Scale-hacking: NAU7802: the set fires ENF recording authenticator, Two-physics presence verifier, unlocking presence-verified, recording-authenticity — 31 outcomes together against 17 for its best single member, a lift of 14. It costs 5 ESP32 pins and $15; it spans I2C + I2S. Caveat: PSRAM wanted — an S3 or WROVER variant, not a plain ESP32 — INMP441 I2S MEMS mic."
2,per_part,S144|S182,INA219 current/power monitor|Scale-hacking: NAU7802,2,14.5,2,28,2,30,13,15.0,2.069,15.0,energy-waste-unoccupied|grid-stress,,grid-frequency-watch|unoccupied-burn,,"INA219 current/power monitor + Scale-hacking: NAU7802: the set fires Empty-room energy auditor, unlocking energy-waste-unoccupied — 30 outcomes together against 17 for its best single member, a lift of 13. It costs 2 ESP32 pins and $14.5; all of it sits on I2C."
3,per_part,S179|S182,DFRobot Gravity mmWave presence radar|Scale-hacking: NAU7802,2,34,4,27,2,29,12,14.5,0.853,7.25,grid-stress|presence-verified,,gait-corridor|grid-frequency-watch|presence-two-physics,,"DFRobot Gravity mmWave presence radar + Scale-hacking: NAU7802: the set fires Two-physics presence verifier, unlocking presence-verified — 29 outcomes together against 17 for its best single member, a lift of 12. It costs 4 ESP32 pins and $34; it spans I2C + UART."
4,per_part,S098|S144,HX711 + load cell|INA219 current/power monitor,2,7.5,4,26,2,28,14,14.0,3.733,7.0,energy-waste-unoccupied|grid-stress,,grid-frequency-watch|unoccupied-burn,,"HX711 + load cell + INA219 current/power monitor: the set fires Empty-room energy auditor, unlocking energy-waste-unoccupied — 28 outcomes together against 14 for its best single member, a lift of 14. It costs 4 ESP32 pins and $7.5; it spans I2C + UART."
5,per_part,S091|S182,Piezo contact mic / disc|Scale-hacking: NAU7802,2,12.5,3,26,2,28,11,14.0,2.24,9.333,grid-stress|presence-verified,,grid-frequency-watch|presence-two-physics,,"Piezo contact mic / disc + Scale-hacking: NAU7802: the set fires Two-physics presence verifier, unlocking presence-verified — 28 outcomes together against 17 for its best single member, a lift of 11. It costs 3 ESP32 pins and $12.5; it spans Analog + I2C."
6,per_part,S072|S182,MPU-6050 6-axis IMU|Scale-hacking: NAU7802,2,14,2,27,1,28,11,14.0,2.0,14.0,grid-stress,,grid-frequency-watch,,"MPU-6050 6-axis IMU + Scale-hacking: NAU7802: the set adds cover without firing anything its members do not fire alone — 28 outcomes together against 17 for its best single member, a lift of 11. It costs 2 ESP32 pins and $14; all of it sits on I2C."
7,per_part,S182|S212,Scale-hacking: NAU7802|INA3221 triple-channel power,2,16,2,26,2,28,11,14.0,1.75,14.0,energy-waste-unoccupied|grid-stress,,grid-frequency-watch|unoccupied-burn,,"Scale-hacking: NAU7802 + INA3221 triple-channel power: the set fires Empty-room energy auditor, unlocking energy-waste-unoccupied — 28 outcomes together against 17 for its best single member, a lift of 11. It costs 2 ESP32 pins and $16; all of it sits on I2C."
8,per_part,S088|S182,ICS-43434 I2S mic|Scale-hacking: NAU7802,2,17,5,25,3,28,11,14.0,1.647,5.6,grid-stress|presence-verified|recording-authenticity,,enf-timestamp|grid-frequency-watch|helmholtz-level|presence-two-physics,,"ICS-43434 I2S mic + Scale-hacking: NAU7802: the set fires ENF recording authenticator, Two-physics presence verifier, unlocking presence-verified, recording-authenticity — 28 outcomes together against 17 for its best single member, a lift of 11. It costs 5 ESP32 pins and $17; it spans I2C + I2S."
9,per_part,S007|S182,MLX90614 IR thermometer|Scale-hacking: NAU7802,2,20,2,26,2,28,11,14.0,1.4,14.0,grid-stress|presence-verified,,grid-frequency-watch|presence-two-physics|stove-watch,,"MLX90614 IR thermometer + Scale-hacking: NAU7802: the set fires Two-physics presence verifier, unlocking presence-verified — 28 outcomes together against 17 for its best single member, a lift of 11. It costs 2 ESP32 pins and $20; all of it sits on I2C."
10,per_part,S182|S210,Scale-hacking: NAU7802|DS18B20 water temp + flow combo,2,22,3,27,1,28,11,14.0,1.273,9.333,grid-stress,material-type|water-leak,grid-frequency-watch|leak-by-context|liquid-id-effusivity,,"Scale-hacking: NAU7802 + DS18B20 water temp + flow combo: the set fires Occupancy-gated leak detector, plus 2 new routes to outcomes it declares nowhere — 28 outcomes together against 17 for its best single member, a lift of 11. It costs 3 ESP32 pins and $22; it spans 1-Wire + I2C."
11,per_part,S072|S179,MPU-6050 6-axis IMU|DFRobot Gravity mmWave presence radar,2,24,4,28,0,28,13,14.0,1.167,7.0,,,gait-corridor|sleep-two-signal,,"MPU-6050 6-axis IMU + DFRobot Gravity mmWave presence radar: the set fires Contactless sleep-stage estimator — 28 outcomes together against 15 for its best single member, a lift of 13. It costs 4 ESP32 pins and $24; it spans I2C + UART."
12,per_part,S144|S179,INA219 current/power monitor|DFRobot Gravity mmWave presence radar,2,24.5,4,26,2,28,14,14.0,1.143,7.0,energy-waste-unoccupied|grid-stress,gait-quality,gait-corridor|grid-frequency-watch|unoccupied-burn,,"INA219 current/power monitor + DFRobot Gravity mmWave presence radar: the set fires Empty-room energy auditor, unlocking energy-waste-unoccupied, plus 1 new route to outcomes it declares nowhere — 28 outcomes together against 14 for its best single member, a lift of 14. It costs 4 ESP32 pins and $24.5; it spans I2C + UART."
13,per_part,S073|S169,LSM6DSOX ML-core IMU|Grove Vision AI v2,2,26,2,28,0,28,13,14.0,1.077,14.0,,,,"PSRAM wanted — an S3 or WROVER variant, not a plain ESP32 — Grove Vision AI v2","LSM6DSOX ML-core IMU + Grove Vision AI v2: the set adds cover without firing anything its members do not fire alone — 28 outcomes together against 15 for its best single member, a lift of 13. It costs 2 ESP32 pins and $26; all of it sits on I2C. Caveat: PSRAM wanted — an S3 or WROVER variant, not a plain ESP32 — Grove Vision AI v2."
14,per_part,S073|S179,LSM6DSOX ML-core IMU|DFRobot Gravity mmWave presence radar,2,32,4,28,0,28,13,14.0,0.875,7.0,,,gait-corridor|sleep-two-signal,,"LSM6DSOX ML-core IMU + DFRobot Gravity mmWave presence radar: the set fires Contactless sleep-stage estimator — 28 outcomes together against 15 for its best single member, a lift of 13. It costs 4 ESP32 pins and $32; it spans I2C + UART."
15,per_part,S144|S179|S182,INA219 current/power monitor|DFRobot Gravity mmWave presence radar|Scale-hacking: NAU7802,3,36.5,4,39,3,42,25,14.0,1.151,10.5,energy-waste-unoccupied|grid-stress|presence-verified,,gait-corridor|grid-frequency-watch|presence-two-physics|unoccupied-burn,,"INA219 current/power monitor + DFRobot Gravity mmWave presence radar + Scale-hacking: NAU7802: the set fires Two-physics presence verifier, Empty-room energy auditor, unlocking energy-waste-unoccupied, presence-verified — 42 outcomes together against 17 for its best single member, a lift of 25. It costs 4 ESP32 pins and $36.5; it spans I2C + UART."
16,per_part,S181|S182,Time-of-flight gesture radar 60GHz|Scale-hacking: NAU7802,2,122,4,26,2,28,11,14.0,0.23,7.0,grid-stress|presence-verified,,grid-frequency-watch|presence-two-physics,"PSRAM wanted — an S3 or WROVER variant, not a plain ESP32 — Time-of-flight gesture radar 60GHz","Time-of-flight gesture radar 60GHz + Scale-hacking: NAU7802: the set fires Two-physics presence verifier, unlocking presence-verified — 28 outcomes together against 17 for its best single member, a lift of 11. It costs 4 ESP32 pins and $122; it spans I2C + UART. Caveat: PSRAM wanted — an S3 or WROVER variant, not a plain ESP32 — Time-of-flight gesture radar 60GHz."
17,per_part,S023|S182|S210,BME688 gas + climate AI|Scale-hacking: NAU7802|DS18B20 water temp + flow combo,3,37,3,36,5,41,24,13.667,1.108,13.667,air-density|grid-stress|soil-water-volumetric|thermal-time-constant|wet-bulb-heat-stress,bearing-failing|compost-active|material-type|water-leak,air-density-live|bearing-thermal|compost-core|grid-frequency-watch|house-thermal-constant|leak-by-context|liquid-id-effusivity|loop-heat-meter|psychrometric-wetbulb|soil-heat-pulse,,"BME688 gas + climate AI + Scale-hacking: NAU7802 + DS18B20 water temp + flow combo: the set fires Bearing temperature-rise monitor, Compost activity meter, Building thermal time-constant and 4 more, unlocking soil-water-volumetric, thermal-time-constant, wet-bulb-heat-stress, plus 4 new routes to outcomes it declares nowhere — 41 outcomes together against 17 for its best single member, a lift of 24. It costs 3 ESP32 pins and $37; it spans 1-Wire + I2C."
18,per_part,S144|S181|S182,INA219 current/power monitor|Time-of-flight gesture radar 60GHz|Scale-hacking: NAU7802,3,124.5,4,38,3,41,24,13.667,0.329,10.25,energy-waste-unoccupied|grid-stress|presence-verified,,grid-frequency-watch|presence-two-physics|unoccupied-burn,"PSRAM wanted — an S3 or WROVER variant, not a plain ESP32 — Time-of-flight gesture radar 60GHz","INA219 current/power monitor + Time-of-flight gesture radar 60GHz + Scale-hacking: NAU7802: the set fires Two-physics presence verifier, Empty-room energy auditor, unlocking energy-waste-unoccupied, presence-verified — 41 outcomes together against 17 for its best single member, a lift of 24. It costs 4 ESP32 pins and $124.5; it spans I2C + UART. Caveat: PSRAM wanted — an S3 or WROVER variant, not a plain ESP32 — Time-of-flight gesture radar 60GHz."
19,per_part,S087|S181|S182,INMP441 I2S MEMS mic|Time-of-flight gesture radar 60GHz|Scale-hacking: NAU7802,3,125,7,38,3,41,24,13.667,0.328,5.857,grid-stress|presence-verified|recording-authenticity,breathing-stopped,apnea-two-channel|enf-timestamp|grid-frequency-watch|helmholtz-level|presence-two-physics,"PSRAM wanted — an S3 or WROVER variant, not a plain ESP32 — INMP441 I2S MEMS mic, Time-of-flight gesture radar 60GHz","INMP441 I2S MEMS mic + Time-of-flight gesture radar 60GHz + Scale-hacking: NAU7802: the set fires Two-channel breathing sentinel, ENF recording authenticator, Two-physics presence verifier, unlocking presence-verified, recording-authenticity, plus 1 new route to outcomes it declares nowhere — 41 outcomes together against 17 for its best single member, a lift of 24. It costs 7 ESP32 pins and $125; it spans I2C + I2S + UART. Caveat: PSRAM wanted — an S3 or WROVER variant, not a plain ESP32 — INMP441 I2S MEMS mic, Time-of-flight gesture radar 60GHz."
20,per_part,S072|S098,MPU-6050 6-axis IMU|HX711 + load cell,2,7,4,27,0,27,12,13.5,3.857,6.75,,,,,"MPU-6050 6-axis IMU + HX711 + load cell: the set adds cover without firing anything its members do not fire alone — 27 outcomes together against 15 for its best single member, a lift of 12. It costs 4 ESP32 pins and $7; it spans I2C + UART."
21,per_part,S087|S098,INMP441 I2S MEMS mic|HX711 + load cell,2,8,5,26,1,27,13,13.5,3.375,5.4,presence-verified,,helmholtz-level|presence-two-physics,"PSRAM wanted — an S3 or WROVER variant, not a plain ESP32 — INMP441 I2S MEMS mic","INMP441 I2S MEMS mic + HX711 + load cell: the set fires Two-physics presence verifier, unlocking presence-verified — 27 outcomes together against 14 for its best single member, a lift of 13. It costs 5 ESP32 pins and $8; it spans I2S + UART. Caveat: PSRAM wanted — an S3 or WROVER variant, not a plain ESP32 — INMP441 I2S MEMS mic."
22,per_part,S073|S085,LSM6DSOX ML-core IMU|Reed switch,2,10.5,3,27,0,27,12,13.5,2.571,9.0,,,,,"LSM6DSOX ML-core IMU + Reed switch: the set adds cover without firing anything its members do not fire alone — 27 outcomes together against 15 for its best single member, a lift of 12. It costs 3 ESP32 pins and $10.5; it spans Digital + I2C."
23,per_part,S076|S182,ADXL345 accelerometer|Scale-hacking: NAU7802,2,15,2,26,1,27,10,13.5,1.8,13.5,grid-stress,,grid-frequency-watch,a level translator is needed — not a 3.3V-native signal — ADXL345 accelerometer,"ADXL345 accelerometer + Scale-hacking: NAU7802: the set adds cover without firing anything its members do not fire alone — 27 outcomes together against 17 for its best single member, a lift of 10. It costs 2 ESP32 pins and $15; all of it sits on I2C. Caveat: a level translator is needed — not a 3.3V-native signal — ADXL345 accelerometer."
24,per_part,S072|S169,MPU-6050 6-axis IMU|Grove Vision AI v2,2,18,2,27,0,27,12,13.5,1.5,13.5,,,,"PSRAM wanted — an S3 or WROVER variant, not a plain ESP32 — Grove Vision AI v2","MPU-6050 6-axis IMU + Grove Vision AI v2: the set adds cover without firing anything its members do not fire alone — 27 outcomes together against 15 for its best single member, a lift of 12. It costs 2 ESP32 pins and $18; all of it sits on I2C. Caveat: PSRAM wanted — an S3 or WROVER variant, not a plain ESP32 — Grove Vision AI v2."
25,per_part,S182|S207,Scale-hacking: NAU7802|KX132 low-power accel,2,18,2,26,1,27,10,13.5,1.5,13.5,grid-stress,,grid-frequency-watch,"PSRAM wanted — an S3 or WROVER variant, not a plain ESP32 — KX132 low-power accel","Scale-hacking: NAU7802 + KX132 low-power accel: the set adds cover without firing anything its members do not fire alone — 27 outcomes together against 17 for its best single member, a lift of 10. It costs 2 ESP32 pins and $18; all of it sits on I2C. Caveat: PSRAM wanted — an S3 or WROVER variant, not a plain ESP32 — KX132 low-power accel."
26,per_part,S144|S169,INA219 current/power monitor|Grove Vision AI v2,2,18.5,2,25,2,27,13,13.5,1.459,13.5,energy-waste-unoccupied|grid-stress,,grid-frequency-watch|unoccupied-burn,"PSRAM wanted — an S3 or WROVER variant, not a plain ESP32 — Grove Vision AI v2","INA219 current/power monitor + Grove Vision AI v2: the set fires Empty-room energy auditor, unlocking energy-waste-unoccupied — 27 outcomes together against 14 for its best single member, a lift of 13. It costs 2 ESP32 pins and $18.5; all of it sits on I2C. Caveat: PSRAM wanted — an S3 or WROVER variant, not a plain ESP32 — Grove Vision AI v2."
27,per_part,S089|S182,MAX9814 AGC mic amp|Scale-hacking: NAU7802,2,19,3,24,3,27,10,13.5,1.421,9.0,grid-stress|presence-verified|recording-authenticity,,enf-timestamp|grid-frequency-watch|helmholtz-level|presence-two-physics,ADC1 only — ADC2 is dead while Wi-Fi is running — MAX9814 AGC mic amp,"MAX9814 AGC mic amp + Scale-hacking: NAU7802: the set fires ENF recording authenticator, Two-physics presence verifier, unlocking presence-verified, recording-authenticity — 27 outcomes together against 17 for its best single member, a lift of 10. It costs 3 ESP32 pins and $19; it spans Analog + I2C. Caveat: ADC1 only — ADC2 is dead while Wi-Fi is running — MAX9814 AGC mic amp."
28,per_part,S090|S182,SPH0645 I2S mic|Scale-hacking: NAU7802,2,19,5,24,3,27,10,13.5,1.421,5.4,grid-stress|presence-verified|recording-authenticity,,enf-timestamp|grid-frequency-watch|helmholtz-level|presence-two-physics,,"SPH0645 I2S mic + Scale-hacking: NAU7802: the set fires ENF recording authenticator, Two-physics presence verifier, unlocking presence-verified, recording-authenticity — 27 outcomes together against 17 for its best single member, a lift of 10. It costs 5 ESP32 pins and $19; it spans I2C + I2S."
29,per_part,S169|S212,Grove Vision AI v2|INA3221 triple-channel power,2,20,2,25,2,27,13,13.5,1.35,13.5,energy-waste-unoccupied|grid-stress,,grid-frequency-watch|unoccupied-burn,"PSRAM wanted — an S3 or WROVER variant, not a plain ESP32 — Grove Vision AI v2","Grove Vision AI v2 + INA3221 triple-channel power: the set fires Empty-room energy auditor, unlocking energy-waste-unoccupied — 27 outcomes together against 14 for its best single member, a lift of 13. It costs 2 ESP32 pins and $20; all of it sits on I2C. Caveat: PSRAM wanted — an S3 or WROVER variant, not a plain ESP32 — Grove Vision AI v2."
30,per_part,S182|S206,Scale-hacking: NAU7802|MPU-9250 9-axis (legacy),2,20,2,26,1,27,10,13.5,1.35,13.5,grid-stress,material-type,grid-frequency-watch|liquid-id-effusivity,a level translator is needed — not a 3.3V-native signal — MPU-9250 9-axis (legacy),"Scale-hacking: NAU7802 + MPU-9250 9-axis (legacy): the set plus 1 new route to outcomes it declares nowhere — 27 outcomes together against 17 for its best single member, a lift of 10. It costs 2 ESP32 pins and $20; all of it sits on I2C. Caveat: a level translator is needed — not a 3.3V-native signal — MPU-9250 9-axis (legacy)."
1,per_dollar,S006|S049|S228|S229,NTC thermistor 10k|Photoresistor (LDR)|Wi-Fi CSI sensing (the router IS the sensor)|ESP32 internal sensors (free!),4,0.5,2,19,4,23,16,5.75,46.0,11.5,presence-verified|soil-water-volumetric|thermal-time-constant|wet-bulb-heat-stress,bearing-failing|compost-active|material-type,bearing-thermal|compost-core|house-thermal-constant|liquid-id-effusivity|presence-two-physics|psychrometric-wetbulb|soil-heat-pulse,"ADC1 only — ADC2 is dead while Wi-Fi is running — NTC thermistor 10k, Photoresistor (LDR)","NTC thermistor 10k + Photoresistor (LDR) + Wi-Fi CSI sensing (the router IS the sensor) + ESP32 internal sensors (free!): the set fires Bearing temperature-rise monitor, Compost activity meter, Building thermal time-constant and 3 more, unlocking presence-verified, soil-water-volumetric, thermal-time-constant, wet-bulb-heat-stress, plus 3 new routes to outcomes it declares nowhere — 23 outcomes together against 7 for its best single member, a lift of 16. It costs 2 ESP32 pins and $0.5; it spans Analog + Builtin + Radio. Caveat: ADC1 only — ADC2 is dead while Wi-Fi is running — NTC thermistor 10k, Photoresistor (LDR)."
2,per_dollar,S091|S106|S228,Piezo contact mic / disc|ESP32 native touch pins|Wi-Fi CSI sensing (the router IS the sensor),3,0.5,2,22,1,23,9,7.667,46.0,11.5,presence-verified,,presence-two-physics,,"Piezo contact mic / disc + ESP32 native touch pins + Wi-Fi CSI sensing (the router IS the sensor): the set fires Two-physics presence verifier, unlocking presence-verified — 23 outcomes together against 14 for its best single member, a lift of 9. It costs 2 ESP32 pins and $0.5; it spans Analog + Builtin + Radio."
3,per_dollar,S006|S049|S106|S228,NTC thermistor 10k|Photoresistor (LDR)|ESP32 native touch pins|Wi-Fi CSI sensing (the router IS the sensor),4,0.5,3,21,1,22,15,5.5,44.0,7.333,presence-verified,material-type,liquid-id-effusivity|presence-two-physics,"ADC1 only — ADC2 is dead while Wi-Fi is running — NTC thermistor 10k, Photoresistor (LDR)","NTC thermistor 10k + Photoresistor (LDR) + ESP32 native touch pins + Wi-Fi CSI sensing (the router IS the sensor): the set fires Two-physics presence verifier, unlocking presence-verified, plus 1 new route to outcomes it declares nowhere — 22 outcomes together against 7 for its best single member, a lift of 15. It costs 3 ESP32 pins and $0.5; it spans Analog + Builtin + Radio. Caveat: ADC1 only — ADC2 is dead while Wi-Fi is running — NTC thermistor 10k, Photoresistor (LDR)."
4,per_dollar,S006|S049|S106|S229,NTC thermistor 10k|Photoresistor (LDR)|ESP32 native touch pins|ESP32 internal sensors (free!),4,0.5,3,18,4,22,15,5.5,44.0,7.333,presence-verified|soil-water-volumetric|thermal-time-constant|wet-bulb-heat-stress,bearing-failing|compost-active|material-type,bearing-thermal|compost-core|house-thermal-constant|liquid-id-effusivity|presence-two-physics|psychrometric-wetbulb|soil-heat-pulse,"ADC1 only — ADC2 is dead while Wi-Fi is running — NTC thermistor 10k, Photoresistor (LDR)","NTC thermistor 10k + Photoresistor (LDR) + ESP32 native touch pins + ESP32 internal sensors (free!): the set fires Bearing temperature-rise monitor, Compost activity meter, Building thermal time-constant and 3 more, unlocking presence-verified, soil-water-volumetric, thermal-time-constant, wet-bulb-heat-stress, plus 3 new routes to outcomes it declares nowhere — 22 outcomes together against 7 for its best single member, a lift of 15. It costs 3 ESP32 pins and $0.5; it spans Analog + Builtin. Caveat: ADC1 only — ADC2 is dead while Wi-Fi is running — NTC thermistor 10k, Photoresistor (LDR)."
5,per_dollar,S091|S228|S229,Piezo contact mic / disc|Wi-Fi CSI sensing (the router IS the sensor)|ESP32 internal sensors (free!),3,0.5,1,21,1,22,8,7.333,44.0,22.0,presence-verified,material-type,liquid-id-effusivity|presence-two-physics,,"Piezo contact mic / disc + Wi-Fi CSI sensing (the router IS the sensor) + ESP32 internal sensors (free!): the set fires Two-physics presence verifier, unlocking presence-verified, plus 1 new route to outcomes it declares nowhere — 22 outcomes together against 14 for its best single member, a lift of 8. It costs 1 ESP32 pins and $0.5; it spans Analog + Builtin + Radio."
6,per_dollar,S085|S228|S229,Reed switch|Wi-Fi CSI sensing (the router IS the sensor)|ESP32 internal sensors (free!),3,0.5,1,20,1,21,8,7.0,42.0,21.0,presence-verified,material-type,liquid-id-effusivity|presence-two-physics,,"Reed switch + Wi-Fi CSI sensing (the router IS the sensor) + ESP32 internal sensors (free!): the set fires Two-physics presence verifier, unlocking presence-verified, plus 1 new route to outcomes it declares nowhere — 21 outcomes together against 13 for its best single member, a lift of 8. It costs 1 ESP32 pins and $0.5; it spans Builtin + Digital + Radio."
7,per_dollar,S091|S106|S229,Piezo contact mic / disc|ESP32 native touch pins|ESP32 internal sensors (free!),3,0.5,2,20,1,21,7,7.0,42.0,10.5,presence-verified,material-type,liquid-id-effusivity|presence-two-physics,,"Piezo contact mic / disc + ESP32 native touch pins + ESP32 internal sensors (free!): the set fires Two-physics presence verifier, unlocking presence-verified, plus 1 new route to outcomes it declares nowhere — 21 outcomes together against 14 for its best single member, a lift of 7. It costs 2 ESP32 pins and $0.5; it spans Analog + Builtin."
8,per_dollar,S085|S106|S228,Reed switch|ESP32 native touch pins|Wi-Fi CSI sensing (the router IS the sensor),3,0.5,2,19,1,20,7,6.667,40.0,10.0,presence-verified,vehicle-speed,beam-speed-trap|presence-two-physics,,"Reed switch + ESP32 native touch pins + Wi-Fi CSI sensing (the router IS the sensor): the set fires Two-beam speed trap, Two-physics presence verifier, unlocking presence-verified, plus 1 new route to outcomes it declares nowhere — 20 outcomes together against 13 for its best single member, a lift of 7. It costs 2 ESP32 pins and $0.5; it spans Builtin + Digital + Radio."
9,per_dollar,S049|S091|S106|S228,Photoresistor (LDR)|Piezo contact mic / disc|ESP32 native touch pins|Wi-Fi CSI sensing (the router IS the sensor),4,0.7,3,27,1,28,14,7.0,40.0,9.333,presence-verified,,presence-two-physics,ADC1 only — ADC2 is dead while Wi-Fi is running — Photoresistor (LDR),"Photoresistor (LDR) + Piezo contact mic / disc + ESP32 native touch pins + Wi-Fi CSI sensing (the router IS the sensor): the set fires Two-physics presence verifier, unlocking presence-verified — 28 outcomes together against 14 for its best single member, a lift of 14. It costs 3 ESP32 pins and $0.7; it spans Analog + Builtin + Radio. Caveat: ADC1 only — ADC2 is dead while Wi-Fi is running — Photoresistor (LDR)."
10,per_dollar,S049|S091|S228|S229,Photoresistor (LDR)|Piezo contact mic / disc|Wi-Fi CSI sensing (the router IS the sensor)|ESP32 internal sensors (free!),4,0.7,2,27,1,28,14,7.0,40.0,14.0,presence-verified,material-type,liquid-id-effusivity|presence-two-physics,ADC1 only — ADC2 is dead while Wi-Fi is running — Photoresistor (LDR),"Photoresistor (LDR) + Piezo contact mic / disc + Wi-Fi CSI sensing (the router IS the sensor) + ESP32 internal sensors (free!): the set fires Two-physics presence verifier, unlocking presence-verified, plus 1 new route to outcomes it declares nowhere — 28 outcomes together against 14 for its best single member, a lift of 14. It costs 2 ESP32 pins and $0.7; it spans Analog + Builtin + Radio. Caveat: ADC1 only — ADC2 is dead while Wi-Fi is running — Photoresistor (LDR)."
11,per_dollar,S049|S084|S106|S228,Photoresistor (LDR)|A3144 / SS49E Hall switches|ESP32 native touch pins|Wi-Fi CSI sensing (the router IS the sensor),4,0.6,3,22,1,23,12,5.75,38.333,7.667,presence-verified,vehicle-speed,beam-speed-trap|presence-two-physics,ADC1 only — ADC2 is dead while Wi-Fi is running — Photoresistor (LDR)|a level translator is needed — not a 3.3V-native signal — A3144 / SS49E Hall switches,"Photoresistor (LDR) + A3144 / SS49E Hall switches + ESP32 native touch pins + Wi-Fi CSI sensing (the router IS the sensor): the set fires Two-beam speed trap, Two-physics presence verifier, unlocking presence-verified, plus 1 new route to outcomes it declares nowhere — 23 outcomes together against 11 for its best single member, a lift of 12. It costs 3 ESP32 pins and $0.6; it spans Analog + Builtin + Radio. Caveat: ADC1 only — ADC2 is dead while Wi-Fi is running — Photoresistor (LDR)."
12,per_dollar,S049|S084|S228|S229,Photoresistor (LDR)|A3144 / SS49E Hall switches|Wi-Fi CSI sensing (the router IS the sensor)|ESP32 internal sensors (free!),4,0.6,2,22,1,23,12,5.75,38.333,11.5,presence-verified,material-type,liquid-id-effusivity|presence-two-physics,ADC1 only — ADC2 is dead while Wi-Fi is running — Photoresistor (LDR)|a level translator is needed — not a 3.3V-native signal — A3144 / SS49E Hall switches,"Photoresistor (LDR) + A3144 / SS49E Hall switches + Wi-Fi CSI sensing (the router IS the sensor) + ESP32 internal sensors (free!): the set fires Two-physics presence verifier, unlocking presence-verified, plus 1 new route to outcomes it declares nowhere — 23 outcomes together against 11 for its best single member, a lift of 12. It costs 2 ESP32 pins and $0.6; it spans Analog + Builtin + Radio. Caveat: ADC1 only — ADC2 is dead while Wi-Fi is running — Photoresistor (LDR)."
13,per_dollar,S084|S106|S228,A3144 / SS49E Hall switches|ESP32 native touch pins|Wi-Fi CSI sensing (the router IS the sensor),3,0.4,2,18,1,19,8,6.333,38.0,9.5,presence-verified,vehicle-speed,beam-speed-trap|presence-two-physics,a level translator is needed — not a 3.3V-native signal — A3144 / SS49E Hall switches,"A3144 / SS49E Hall switches + ESP32 native touch pins + Wi-Fi CSI sensing (the router IS the sensor): the set fires Two-beam speed trap, Two-physics presence verifier, unlocking presence-verified, plus 1 new route to outcomes it declares nowhere — 19 outcomes together against 11 for its best single member, a lift of 8. It costs 2 ESP32 pins and $0.4; it spans Analog + Builtin + Radio. Caveat: a level translator is needed — not a 3.3V-native signal — A3144 / SS49E Hall switches."
14,per_dollar,S084|S228|S229,A3144 / SS49E Hall switches|Wi-Fi CSI sensing (the router IS the sensor)|ESP32 internal sensors (free!),3,0.4,1,18,1,19,8,6.333,38.0,19.0,presence-verified,material-type,liquid-id-effusivity|presence-two-physics,a level translator is needed — not a 3.3V-native signal — A3144 / SS49E Hall switches,"A3144 / SS49E Hall switches + Wi-Fi CSI sensing (the router IS the sensor) + ESP32 internal sensors (free!): the set fires Two-physics presence verifier, unlocking presence-verified, plus 1 new route to outcomes it declares nowhere — 19 outcomes together against 11 for its best single member, a lift of 8. It costs 1 ESP32 pins and $0.4; it spans Analog + Builtin + Radio. Caveat: a level translator is needed — not a 3.3V-native signal — A3144 / SS49E Hall switches."
15,per_dollar,S006|S049|S229,NTC thermistor 10k|Photoresistor (LDR)|ESP32 internal sensors (free!),3,0.5,2,15,4,19,12,6.333,38.0,9.5,presence-verified|soil-water-volumetric|thermal-time-constant|wet-bulb-heat-stress,bearing-failing|compost-active|material-type,bearing-thermal|compost-core|house-thermal-constant|liquid-id-effusivity|presence-two-physics|psychrometric-wetbulb|soil-heat-pulse,"ADC1 only — ADC2 is dead while Wi-Fi is running — NTC thermistor 10k, Photoresistor (LDR)","NTC thermistor 10k + Photoresistor (LDR) + ESP32 internal sensors (free!): the set fires Bearing temperature-rise monitor, Compost activity meter, Building thermal time-constant and 3 more, unlocking presence-verified, soil-water-volumetric, thermal-time-constant, wet-bulb-heat-stress, plus 3 new routes to outcomes it declares nowhere — 19 outcomes together against 7 for its best single member, a lift of 12. It costs 2 ESP32 pins and $0.5; it spans Analog + Builtin. Caveat: ADC1 only — ADC2 is dead while Wi-Fi is running — NTC thermistor 10k, Photoresistor (LDR)."
16,per_dollar,S091|S106,Piezo contact mic / disc|ESP32 native touch pins,2,0.5,2,18,1,19,5,9.5,38.0,9.5,presence-verified,,presence-two-physics,,"Piezo contact mic / disc + ESP32 native touch pins: the set fires Two-physics presence verifier, unlocking presence-verified — 19 outcomes together against 14 for its best single member, a lift of 5. It costs 2 ESP32 pins and $0.5; it spans Analog + Builtin."
17,per_dollar,S091|S228,Piezo contact mic / disc|Wi-Fi CSI sensing (the router IS the sensor),2,0.5,1,18,1,19,5,9.5,38.0,19.0,presence-verified,,presence-two-physics,,"Piezo contact mic / disc + Wi-Fi CSI sensing (the router IS the sensor): the set fires Two-physics presence verifier, unlocking presence-verified — 19 outcomes together against 14 for its best single member, a lift of 5. It costs 1 ESP32 pins and $0.5; it spans Analog + Radio."
18,per_dollar,S006|S084|S228|S229,NTC thermistor 10k|A3144 / SS49E Hall switches|Wi-Fi CSI sensing (the router IS the sensor)|ESP32 internal sensors (free!),4,0.7,2,22,4,26,15,6.5,37.143,13.0,presence-verified|soil-water-volumetric|thermal-time-constant|wet-bulb-heat-stress,bearing-failing|compost-active|material-type,bearing-thermal|compost-core|house-thermal-constant|liquid-id-effusivity|presence-two-physics|psychrometric-wetbulb|soil-heat-pulse,ADC1 only — ADC2 is dead while Wi-Fi is running — NTC thermistor 10k|a level translator is needed — not a 3.3V-native signal — A3144 / SS49E Hall switches,"NTC thermistor 10k + A3144 / SS49E Hall switches + Wi-Fi CSI sensing (the router IS the sensor) + ESP32 internal sensors (free!): the set fires Bearing temperature-rise monitor, Compost activity meter, Building thermal time-constant and 3 more, unlocking presence-verified, soil-water-volumetric, thermal-time-constant, wet-bulb-heat-stress, plus 3 new routes to outcomes it declares nowhere — 26 outcomes together against 11 for its best single member, a lift of 15. It costs 2 ESP32 pins and $0.7; it spans Analog + Builtin + Radio. Caveat: ADC1 only — ADC2 is dead while Wi-Fi is running — NTC thermistor 10k."
19,per_dollar,S049|S085|S228|S229,Photoresistor (LDR)|Reed switch|Wi-Fi CSI sensing (the router IS the sensor)|ESP32 internal sensors (free!),4,0.7,2,25,1,26,13,6.5,37.143,13.0,presence-verified,material-type,liquid-id-effusivity|presence-two-physics,ADC1 only — ADC2 is dead while Wi-Fi is running — Photoresistor (LDR),"Photoresistor (LDR) + Reed switch + Wi-Fi CSI sensing (the router IS the sensor) + ESP32 internal sensors (free!): the set fires Two-physics presence verifier, unlocking presence-verified, plus 1 new route to outcomes it declares nowhere — 26 outcomes together against 13 for its best single member, a lift of 13. It costs 2 ESP32 pins and $0.7; it spans Analog + Builtin + Digital + Radio. Caveat: ADC1 only — ADC2 is dead while Wi-Fi is running — Photoresistor (LDR)."
20,per_dollar,S049|S091|S106|S229,Photoresistor (LDR)|Piezo contact mic / disc|ESP32 native touch pins|ESP32 internal sensors (free!),4,0.7,3,25,1,26,12,6.5,37.143,8.667,presence-verified,material-type,liquid-id-effusivity|presence-two-physics,ADC1 only — ADC2 is dead while Wi-Fi is running — Photoresistor (LDR),"Photoresistor (LDR) + Piezo contact mic / disc + ESP32 native touch pins + ESP32 internal sensors (free!): the set fires Two-physics presence verifier, unlocking presence-verified, plus 1 new route to outcomes it declares nowhere — 26 outcomes together against 14 for its best single member, a lift of 12. It costs 3 ESP32 pins and $0.7; it spans Analog + Builtin. Caveat: ADC1 only — ADC2 is dead while Wi-Fi is running — Photoresistor (LDR)."
21,per_dollar,S006|S085|S228|S229,NTC thermistor 10k|Reed switch|Wi-Fi CSI sensing (the router IS the sensor)|ESP32 internal sensors (free!),4,0.8,2,25,4,29,16,7.25,36.25,14.5,presence-verified|soil-water-volumetric|thermal-time-constant|wet-bulb-heat-stress,bearing-failing|compost-active|material-type,bearing-thermal|compost-core|house-thermal-constant|liquid-id-effusivity|presence-two-physics|psychrometric-wetbulb|soil-heat-pulse,ADC1 only — ADC2 is dead while Wi-Fi is running — NTC thermistor 10k,"NTC thermistor 10k + Reed switch + Wi-Fi CSI sensing (the router IS the sensor) + ESP32 internal sensors (free!): the set fires Bearing temperature-rise monitor, Compost activity meter, Building thermal time-constant and 3 more, unlocking presence-verified, soil-water-volumetric, thermal-time-constant, wet-bulb-heat-stress, plus 3 new routes to outcomes it declares nowhere — 29 outcomes together against 13 for its best single member, a lift of 16. It costs 2 ESP32 pins and $0.8; it spans Analog + Builtin + Digital + Radio. Caveat: ADC1 only — ADC2 is dead while Wi-Fi is running — NTC thermistor 10k."
22,per_dollar,S006|S049|S106,NTC thermistor 10k|Photoresistor (LDR)|ESP32 native touch pins,3,0.5,3,17,1,18,11,6.0,36.0,6.0,presence-verified,material-type,liquid-id-effusivity|presence-two-physics,"ADC1 only — ADC2 is dead while Wi-Fi is running — NTC thermistor 10k, Photoresistor (LDR)","NTC thermistor 10k + Photoresistor (LDR) + ESP32 native touch pins: the set fires Two-physics presence verifier, unlocking presence-verified, plus 1 new route to outcomes it declares nowhere — 18 outcomes together against 7 for its best single member, a lift of 11. It costs 3 ESP32 pins and $0.5; it spans Analog + Builtin. Caveat: ADC1 only — ADC2 is dead while Wi-Fi is running — NTC thermistor 10k, Photoresistor (LDR)."
23,per_dollar,S006|S049|S228,NTC thermistor 10k|Photoresistor (LDR)|Wi-Fi CSI sensing (the router IS the sensor),3,0.5,2,17,1,18,11,6.0,36.0,9.0,presence-verified,material-type,liquid-id-effusivity|presence-two-physics,"ADC1 only — ADC2 is dead while Wi-Fi is running — NTC thermistor 10k, Photoresistor (LDR)","NTC thermistor 10k + Photoresistor (LDR) + Wi-Fi CSI sensing (the router IS the sensor): the set fires Two-physics presence verifier, unlocking presence-verified, plus 1 new route to outcomes it declares nowhere — 18 outcomes together against 7 for its best single member, a lift of 11. It costs 2 ESP32 pins and $0.5; it spans Analog + Radio. Caveat: ADC1 only — ADC2 is dead while Wi-Fi is running — NTC thermistor 10k, Photoresistor (LDR)."
24,per_dollar,S085|S106|S229,Reed switch|ESP32 native touch pins|ESP32 internal sensors (free!),3,0.5,2,17,1,18,5,6.0,36.0,9.0,presence-verified,material-type|vehicle-speed,beam-speed-trap|liquid-id-effusivity|presence-two-physics,,"Reed switch + ESP32 native touch pins + ESP32 internal sensors (free!): the set fires Two-beam speed trap, Two-physics presence verifier, unlocking presence-verified, plus 2 new routes to outcomes it declares nowhere — 18 outcomes together against 13 for its best single member, a lift of 5. It costs 2 ESP32 pins and $0.5; it spans Builtin + Digital."
25,per_dollar,S085|S228,Reed switch|Wi-Fi CSI sensing (the router IS the sensor),2,0.5,1,18,0,18,5,9.0,36.0,18.0,,,,,"Reed switch + Wi-Fi CSI sensing (the router IS the sensor): the set adds cover without firing anything its members do not fire alone — 18 outcomes together against 13 for its best single member, a lift of 5. It costs 1 ESP32 pins and $0.5; it spans Digital + Radio."
26,per_dollar,S091|S229,Piezo contact mic / disc|ESP32 internal sensors (free!),2,0.5,1,17,1,18,4,9.0,36.0,18.0,presence-verified,material-type,liquid-id-effusivity|presence-two-physics,,"Piezo contact mic / disc + ESP32 internal sensors (free!): the set fires Two-physics presence verifier, unlocking presence-verified, plus 1 new route to outcomes it declares nowhere — 18 outcomes together against 14 for its best single member, a lift of 4. It costs 1 ESP32 pins and $0.5; it spans Analog + Builtin."
27,per_dollar,S049|S085|S106|S228,Photoresistor (LDR)|Reed switch|ESP32 native touch pins|Wi-Fi CSI sensing (the router IS the sensor),4,0.7,3,24,1,25,12,6.25,35.714,8.333,presence-verified,vehicle-speed,beam-speed-trap|presence-two-physics,ADC1 only — ADC2 is dead while Wi-Fi is running — Photoresistor (LDR),"Photoresistor (LDR) + Reed switch + ESP32 native touch pins + Wi-Fi CSI sensing (the router IS the sensor): the set fires Two-beam speed trap, Two-physics presence verifier, unlocking presence-verified, plus 1 new route to outcomes it declares nowhere — 25 outcomes together against 13 for its best single member, a lift of 12. It costs 3 ESP32 pins and $0.7; it spans Analog + Builtin + Digital + Radio. Caveat: ADC1 only — ADC2 is dead while Wi-Fi is running — Photoresistor (LDR)."
28,per_dollar,S049|S091|S228,Photoresistor (LDR)|Piezo contact mic / disc|Wi-Fi CSI sensing (the router IS the sensor),3,0.7,2,24,1,25,11,8.333,35.714,12.5,presence-verified,,presence-two-physics,ADC1 only — ADC2 is dead while Wi-Fi is running — Photoresistor (LDR),"Photoresistor (LDR) + Piezo contact mic / disc + Wi-Fi CSI sensing (the router IS the sensor): the set fires Two-physics presence verifier, unlocking presence-verified — 25 outcomes together against 14 for its best single member, a lift of 11. It costs 2 ESP32 pins and $0.7; it spans Analog + Radio. Caveat: ADC1 only — ADC2 is dead while Wi-Fi is running — Photoresistor (LDR)."
29,per_dollar,S049|S084|S106|S229,Photoresistor (LDR)|A3144 / SS49E Hall switches|ESP32 native touch pins|ESP32 internal sensors (free!),4,0.6,3,20,1,21,10,5.25,35.0,7.0,presence-verified,material-type|vehicle-speed,beam-speed-trap|liquid-id-effusivity|presence-two-physics,ADC1 only — ADC2 is dead while Wi-Fi is running — Photoresistor (LDR)|a level translator is needed — not a 3.3V-native signal — A3144 / SS49E Hall switches,"Photoresistor (LDR) + A3144 / SS49E Hall switches + ESP32 native touch pins + ESP32 internal sensors (free!): the set fires Two-beam speed trap, Two-physics presence verifier, unlocking presence-verified, plus 2 new routes to outcomes it declares nowhere — 21 outcomes together against 11 for its best single member, a lift of 10. It costs 3 ESP32 pins and $0.6; it spans Analog + Builtin. Caveat: ADC1 only — ADC2 is dead while Wi-Fi is running — Photoresistor (LDR)."
30,per_dollar,S006|S091|S228|S229,NTC thermistor 10k|Piezo contact mic / disc|Wi-Fi CSI sensing (the router IS the sensor)|ESP32 internal sensors (free!),4,0.8,2,24,4,28,14,7.0,35.0,14.0,presence-verified|soil-water-volumetric|thermal-time-constant|wet-bulb-heat-stress,compost-active|material-type,bearing-thermal|compost-core|house-thermal-constant|liquid-id-effusivity|presence-two-physics|psychrometric-wetbulb|soil-heat-pulse,ADC1 only — ADC2 is dead while Wi-Fi is running — NTC thermistor 10k,"NTC thermistor 10k + Piezo contact mic / disc + Wi-Fi CSI sensing (the router IS the sensor) + ESP32 internal sensors (free!): the set fires Bearing temperature-rise monitor, Compost activity meter, Building thermal time-constant and 3 more, unlocking presence-verified, soil-water-volumetric, thermal-time-constant, wet-bulb-heat-stress, plus 2 new routes to outcomes it declares nowhere — 28 outcomes together against 14 for its best single member, a lift of 14. It costs 2 ESP32 pins and $0.8; it spans Analog + Builtin + Radio. Caveat: ADC1 only — ADC2 is dead while Wi-Fi is running — NTC thermistor 10k."
1,per_pin,S001|S011|S210|S228|S229|S257,DS18B20 digital temp probe|DHT22 / AM2302|DS18B20 water temp + flow combo|Wi-Fi CSI sensing (the router IS the sensor)|ESP32 internal sensors (free!)|Eastron SDM120-Modbus DIN energy meter,6,54.5,1,35,10,45,34,7.5,0.826,45.0,building-heat-loss|cost-per-use|energy-waste-unoccupied|grid-stress|inrush-health|presence-verified|soil-water-volumetric|thermal-map|thermal-time-constant|wet-bulb-heat-stress,bearing-failing|material-type|water-leak,bearing-thermal|building-ua|compost-core|grid-frequency-watch|house-thermal-constant|inrush-signature|leak-by-context|liquid-id-effusivity|loop-heat-meter|microclimate-grid|nilm-signature|pf-power-quality|presence-two-physics|psychrometric-wetbulb|soil-heat-pulse|unoccupied-burn|which-room-energy,,"DS18B20 digital temp probe + DHT22 / AM2302 + DS18B20 water temp + flow combo + Wi-Fi CSI sensing (the router IS the sensor) + ESP32 internal sensors (free!) + Eastron SDM120-Modbus DIN energy meter: the set fires Bearing temperature-rise monitor, Whole-building heat-loss coefficient, Compost activity meter and 9 more, unlocking building-heat-loss, cost-per-use, energy-waste-unoccupied, presence-verified, plus 3 new routes to outcomes it declares nowhere — 45 outcomes together against 11 for its best single member, a lift of 34. It costs 1 ESP32 pins and $54.5; it spans 1-Wire + Builtin + RS-485 + Radio."
2,per_pin,S011|S210|S228|S229|S257,DHT22 / AM2302|DS18B20 water temp + flow combo|Wi-Fi CSI sensing (the router IS the sensor)|ESP32 internal sensors (free!)|Eastron SDM120-Modbus DIN energy meter,5,52.0,1,31,10,41,30,8.2,0.788,41.0,building-heat-loss|cost-per-use|energy-waste-unoccupied|grid-stress|inrush-health|presence-verified|soil-water-volumetric|thermal-map|thermal-time-constant|wet-bulb-heat-stress,bearing-failing|material-type|water-leak,bearing-thermal|building-ua|compost-core|grid-frequency-watch|house-thermal-constant|inrush-signature|leak-by-context|liquid-id-effusivity|loop-heat-meter|microclimate-grid|nilm-signature|pf-power-quality|presence-two-physics|psychrometric-wetbulb|soil-heat-pulse|unoccupied-burn|which-room-energy,,"DHT22 / AM2302 + DS18B20 water temp + flow combo + Wi-Fi CSI sensing (the router IS the sensor) + ESP32 internal sensors (free!) + Eastron SDM120-Modbus DIN energy meter: the set fires Bearing temperature-rise monitor, Whole-building heat-loss coefficient, Compost activity meter and 9 more, unlocking building-heat-loss, cost-per-use, energy-waste-unoccupied, presence-verified, plus 3 new routes to outcomes it declares nowhere — 41 outcomes together against 11 for its best single member, a lift of 30. It costs 1 ESP32 pins and $52; it spans 1-Wire + Builtin + RS-485 + Radio."
3,per_pin,S001|S011|S210|S229|S257,DS18B20 digital temp probe|DHT22 / AM2302|DS18B20 water temp + flow combo|ESP32 internal sensors (free!)|Eastron SDM120-Modbus DIN energy meter,5,54.5,1,31,9,40,29,8.0,0.734,40.0,building-heat-loss|cost-per-use|energy-waste-unoccupied|grid-stress|inrush-health|soil-water-volumetric|thermal-map|thermal-time-constant|wet-bulb-heat-stress,bearing-failing|material-type|water-leak,bearing-thermal|building-ua|compost-core|grid-frequency-watch|house-thermal-constant|inrush-signature|leak-by-context|liquid-id-effusivity|loop-heat-meter|microclimate-grid|nilm-signature|pf-power-quality|psychrometric-wetbulb|soil-heat-pulse|unoccupied-burn|which-room-energy,,"DS18B20 digital temp probe + DHT22 / AM2302 + DS18B20 water temp + flow combo + ESP32 internal sensors (free!) + Eastron SDM120-Modbus DIN energy meter: the set fires Bearing temperature-rise monitor, Whole-building heat-loss coefficient, Compost activity meter and 8 more, unlocking building-heat-loss, cost-per-use, energy-waste-unoccupied, soil-water-volumetric, plus 3 new routes to outcomes it declares nowhere — 40 outcomes together against 11 for its best single member, a lift of 29. It costs 1 ESP32 pins and $54.5; it spans 1-Wire + Builtin + RS-485."
4,per_pin,S001|S210|S228|S229|S257,DS18B20 digital temp probe|DS18B20 water temp + flow combo|Wi-Fi CSI sensing (the router IS the sensor)|ESP32 internal sensors (free!)|Eastron SDM120-Modbus DIN energy meter,5,50.5,1,29,10,39,28,7.8,0.772,39.0,building-heat-loss|cost-per-use|energy-waste-unoccupied|grid-stress|inrush-health|presence-verified|soil-water-volumetric|thermal-map|thermal-time-constant|wet-bulb-heat-stress,bearing-failing|material-type|water-leak,bearing-thermal|building-ua|compost-core|grid-frequency-watch|house-thermal-constant|inrush-signature|leak-by-context|liquid-id-effusivity|loop-heat-meter|microclimate-grid|nilm-signature|pf-power-quality|presence-two-physics|psychrometric-wetbulb|soil-heat-pulse|unoccupied-burn|which-room-energy,,"DS18B20 digital temp probe + DS18B20 water temp + flow combo + Wi-Fi CSI sensing (the router IS the sensor) + ESP32 internal sensors (free!) + Eastron SDM120-Modbus DIN energy meter: the set fires Bearing temperature-rise monitor, Whole-building heat-loss coefficient, Compost activity meter and 9 more, unlocking building-heat-loss, cost-per-use, energy-waste-unoccupied, presence-verified, plus 3 new routes to outcomes it declares nowhere — 39 outcomes together against 11 for its best single member, a lift of 28. It costs 1 ESP32 pins and $50.5; it spans 1-Wire + Builtin + RS-485 + Radio."
5,per_pin,S001|S011|S132|S210|S257,DS18B20 digital temp probe|DHT22 / AM2302|DS18B20 soil temp spear|DS18B20 water temp + flow combo|Eastron SDM120-Modbus DIN energy meter,5,59.5,1,29,8,37,26,7.4,0.622,37.0,building-heat-loss|cost-per-use|grid-stress|inrush-health|soil-water-volumetric|thermal-map|thermal-time-constant|wet-bulb-heat-stress,bearing-failing|material-type,bearing-thermal|building-ua|compost-core|grid-frequency-watch|house-thermal-constant|inrush-signature|liquid-id-effusivity|loop-heat-meter|microclimate-grid|nilm-signature|pf-power-quality|psychrometric-wetbulb|soil-heat-pulse|which-room-energy,,"DS18B20 digital temp probe + DHT22 / AM2302 + DS18B20 soil temp spear + DS18B20 water temp + flow combo + Eastron SDM120-Modbus DIN energy meter: the set fires Bearing temperature-rise monitor, Whole-building heat-loss coefficient, Compost activity meter and 6 more, unlocking building-heat-loss, cost-per-use, soil-water-volumetric, thermal-map, plus 2 new routes to outcomes it declares nowhere — 37 outcomes together against 11 for its best single member, a lift of 26. It costs 1 ESP32 pins and $59.5; it spans 1-Wire + RS-485."
6,per_pin,S001|S011|S133|S210|S257,DS18B20 digital temp probe|DHT22 / AM2302|Compost / hay temp lance|DS18B20 water temp + flow combo|Eastron SDM120-Modbus DIN energy meter,5,69.5,1,29,8,37,26,7.4,0.532,37.0,building-heat-loss|cost-per-use|grid-stress|inrush-health|soil-water-volumetric|thermal-map|thermal-time-constant|wet-bulb-heat-stress,bearing-failing|material-type,bearing-thermal|building-ua|compost-core|grid-frequency-watch|house-thermal-constant|inrush-signature|liquid-id-effusivity|loop-heat-meter|microclimate-grid|nilm-signature|pf-power-quality|psychrometric-wetbulb|soil-heat-pulse|which-room-energy,,"DS18B20 digital temp probe + DHT22 / AM2302 + Compost / hay temp lance + DS18B20 water temp + flow combo + Eastron SDM120-Modbus DIN energy meter: the set fires Bearing temperature-rise monitor, Whole-building heat-loss coefficient, Compost activity meter and 6 more, unlocking building-heat-loss, cost-per-use, soil-water-volumetric, thermal-map, plus 2 new routes to outcomes it declares nowhere — 37 outcomes together against 11 for its best single member, a lift of 26. It costs 1 ESP32 pins and $69.5; it spans 1-Wire + RS-485."
7,per_pin,S001|S011|S210|S228|S229,DS18B20 digital temp probe|DHT22 / AM2302|DS18B20 water temp + flow combo|Wi-Fi CSI sensing (the router IS the sensor)|ESP32 internal sensors (free!),5,16.5,1,31,5,36,25,7.2,2.182,36.0,presence-verified|soil-water-volumetric|thermal-map|thermal-time-constant|wet-bulb-heat-stress,bearing-failing|material-type|water-leak,bearing-thermal|compost-core|house-thermal-constant|leak-by-context|liquid-id-effusivity|loop-heat-meter|microclimate-grid|presence-two-physics|psychrometric-wetbulb|soil-heat-pulse,,"DS18B20 digital temp probe + DHT22 / AM2302 + DS18B20 water temp + flow combo + Wi-Fi CSI sensing (the router IS the sensor) + ESP32 internal sensors (free!): the set fires Bearing temperature-rise monitor, Compost activity meter, Building thermal time-constant and 6 more, unlocking presence-verified, soil-water-volumetric, thermal-map, thermal-time-constant, plus 3 new routes to outcomes it declares nowhere — 36 outcomes together against 11 for its best single member, a lift of 25. It costs 1 ESP32 pins and $16.5; it spans 1-Wire + Builtin + Radio."
8,per_pin,S011|S210|S229|S257,DHT22 / AM2302|DS18B20 water temp + flow combo|ESP32 internal sensors (free!)|Eastron SDM120-Modbus DIN energy meter,4,52.0,1,27,9,36,25,9.0,0.692,36.0,building-heat-loss|cost-per-use|energy-waste-unoccupied|grid-stress|inrush-health|soil-water-volumetric|thermal-map|thermal-time-constant|wet-bulb-heat-stress,bearing-failing|material-type|water-leak,bearing-thermal|building-ua|compost-core|grid-frequency-watch|house-thermal-constant|inrush-signature|leak-by-context|liquid-id-effusivity|loop-heat-meter|microclimate-grid|nilm-signature|pf-power-quality|psychrometric-wetbulb|soil-heat-pulse|unoccupied-burn|which-room-energy,,"DHT22 / AM2302 + DS18B20 water temp + flow combo + ESP32 internal sensors (free!) + Eastron SDM120-Modbus DIN energy meter: the set fires Bearing temperature-rise monitor, Whole-building heat-loss coefficient, Compost activity meter and 8 more, unlocking building-heat-loss, cost-per-use, energy-waste-unoccupied, soil-water-volumetric, plus 3 new routes to outcomes it declares nowhere — 36 outcomes together against 11 for its best single member, a lift of 25. It costs 1 ESP32 pins and $52; it spans 1-Wire + Builtin + RS-485."
9,per_pin,S001|S011|S210|S257,DS18B20 digital temp probe|DHT22 / AM2302|DS18B20 water temp + flow combo|Eastron SDM120-Modbus DIN energy meter,4,54.5,1,28,8,36,25,9.0,0.661,36.0,building-heat-loss|cost-per-use|grid-stress|inrush-health|soil-water-volumetric|thermal-map|thermal-time-constant|wet-bulb-heat-stress,bearing-failing|material-type,bearing-thermal|building-ua|compost-core|grid-frequency-watch|house-thermal-constant|inrush-signature|liquid-id-effusivity|loop-heat-meter|microclimate-grid|nilm-signature|pf-power-quality|psychrometric-wetbulb|soil-heat-pulse|which-room-energy,,"DS18B20 digital temp probe + DHT22 / AM2302 + DS18B20 water temp + flow combo + Eastron SDM120-Modbus DIN energy meter: the set fires Bearing temperature-rise monitor, Whole-building heat-loss coefficient, Compost activity meter and 6 more, unlocking building-heat-loss, cost-per-use, soil-water-volumetric, thermal-map, plus 2 new routes to outcomes it declares nowhere — 36 outcomes together against 11 for its best single member, a lift of 25. It costs 1 ESP32 pins and $54.5; it spans 1-Wire + RS-485."
10,per_pin,S001|S011|S210|S256|S257,DS18B20 digital temp probe|DHT22 / AM2302|DS18B20 water temp + flow combo|XY-MD02 Modbus RTU temperature & humidity transmitter|Eastron SDM120-Modbus DIN energy meter,5,65.5,1,28,8,36,25,7.2,0.55,36.0,building-heat-loss|cost-per-use|grid-stress|inrush-health|soil-water-volumetric|thermal-map|thermal-time-constant|wet-bulb-heat-stress,bearing-failing|material-type,bearing-thermal|building-ua|compost-core|grid-frequency-watch|house-thermal-constant|inrush-signature|liquid-id-effusivity|loop-heat-meter|microclimate-grid|nilm-signature|pf-power-quality|psychrometric-wetbulb|soil-heat-pulse|which-room-energy,,"DS18B20 digital temp probe + DHT22 / AM2302 + DS18B20 water temp + flow combo + XY-MD02 Modbus RTU temperature & humidity transmitter + Eastron SDM120-Modbus DIN energy meter: the set fires Bearing temperature-rise monitor, Whole-building heat-loss coefficient, Compost activity meter and 6 more, unlocking building-heat-loss, cost-per-use, soil-water-volumetric, thermal-map, plus 2 new routes to outcomes it declares nowhere — 36 outcomes together against 11 for its best single member, a lift of 25. It costs 1 ESP32 pins and $65.5; it spans 1-Wire + RS-485."
11,per_pin,S007|S023|S144|S169|S182|S206,MLX90614 IR thermometer|BME688 gas + climate AI|INA219 current/power monitor|Grove Vision AI v2|Scale-hacking: NAU7802|MPU-9250 9-axis (legacy),6,61.5,2,62,7,69,52,11.5,1.122,34.5,air-density|energy-waste-unoccupied|grid-stress|presence-verified|soil-water-volumetric|thermal-time-constant|wet-bulb-heat-stress,compost-active,air-density-live|bearing-thermal|cloud-cover-ir|compost-core|grid-frequency-watch|house-thermal-constant|liquid-id-effusivity|presence-two-physics|psychrometric-wetbulb|soil-heat-pulse|stove-watch|unoccupied-burn,"PSRAM wanted — an S3 or WROVER variant, not a plain ESP32 — Grove Vision AI v2|a level translator is needed — not a 3.3V-native signal — MPU-9250 9-axis (legacy)","MLX90614 IR thermometer + BME688 gas + climate AI + INA219 current/power monitor + Grove Vision AI v2 + Scale-hacking: NAU7802 + MPU-9250 9-axis (legacy): the set fires Bearing temperature-rise monitor, Sky thermometer cloud detector, Compost activity meter and 5 more, unlocking energy-waste-unoccupied, presence-verified, soil-water-volumetric, thermal-time-constant, plus 1 new route to outcomes it declares nowhere — 69 outcomes together against 17 for its best single member, a lift of 52. It costs 2 ESP32 pins and $61.5; all of it sits on I2C. Caveat: PSRAM wanted — an S3 or WROVER variant, not a plain ESP32 — Grove Vision AI v2."
12,per_pin,S007|S023|S144|S168|S182|S206,MLX90614 IR thermometer|BME688 gas + climate AI|INA219 current/power monitor|HuskyLens AI camera|Scale-hacking: NAU7802|MPU-9250 9-axis (legacy),6,90.5,2,62,7,69,52,11.5,0.762,34.5,air-density|energy-waste-unoccupied|grid-stress|presence-verified|soil-water-volumetric|thermal-time-constant|wet-bulb-heat-stress,compost-active|material-type,air-density-live|bearing-thermal|cloud-cover-ir|compost-core|grid-frequency-watch|house-thermal-constant|liquid-id-effusivity|presence-two-physics|psychrometric-wetbulb|soil-heat-pulse|stove-watch|unoccupied-burn,a level translator is needed — not a 3.3V-native signal — MPU-9250 9-axis (legacy),"MLX90614 IR thermometer + BME688 gas + climate AI + INA219 current/power monitor + HuskyLens AI camera + Scale-hacking: NAU7802 + MPU-9250 9-axis (legacy): the set fires Bearing temperature-rise monitor, Sky thermometer cloud detector, Compost activity meter and 5 more, unlocking energy-waste-unoccupied, presence-verified, soil-water-volumetric, thermal-time-constant, plus 2 new routes to outcomes it declares nowhere — 69 outcomes together against 17 for its best single member, a lift of 52. It costs 2 ESP32 pins and $90.5; all of it sits on I2C. Caveat: a level translator is needed — not a 3.3V-native signal — MPU-9250 9-axis (legacy)."
13,per_pin,S001|S210|S229|S257,DS18B20 digital temp probe|DS18B20 water temp + flow combo|ESP32 internal sensors (free!)|Eastron SDM120-Modbus DIN energy meter,4,50.5,1,25,9,34,23,8.5,0.673,34.0,building-heat-loss|cost-per-use|energy-waste-unoccupied|grid-stress|inrush-health|soil-water-volumetric|thermal-map|thermal-time-constant|wet-bulb-heat-stress,bearing-failing|material-type|water-leak,bearing-thermal|building-ua|compost-core|grid-frequency-watch|house-thermal-constant|inrush-signature|leak-by-context|liquid-id-effusivity|loop-heat-meter|microclimate-grid|nilm-signature|pf-power-quality|psychrometric-wetbulb|soil-heat-pulse|unoccupied-burn|which-room-energy,,"DS18B20 digital temp probe + DS18B20 water temp + flow combo + ESP32 internal sensors (free!) + Eastron SDM120-Modbus DIN energy meter: the set fires Bearing temperature-rise monitor, Whole-building heat-loss coefficient, Compost activity meter and 8 more, unlocking building-heat-loss, cost-per-use, energy-waste-unoccupied, soil-water-volumetric, plus 3 new routes to outcomes it declares nowhere — 34 outcomes together against 11 for its best single member, a lift of 23. It costs 1 ESP32 pins and $50.5; it spans 1-Wire + Builtin + RS-485."
14,per_pin,S007|S023|S112|S144|S182|S206,MLX90614 IR thermometer|BME688 gas + climate AI|MAX30102 pulse oximeter|INA219 current/power monitor|Scale-hacking: NAU7802|MPU-9250 9-axis (legacy),6,51.5,2,60,8,68,51,11.333,1.32,34.0,air-density|energy-waste-unoccupied|grid-stress|presence-verified|soil-water-volumetric|thermal-map|thermal-time-constant|wet-bulb-heat-stress,compost-active|material-type,air-density-live|bearing-thermal|cloud-cover-ir|compost-core|grid-frequency-watch|house-thermal-constant|liquid-id-effusivity|microclimate-grid|presence-two-physics|psychrometric-wetbulb|soil-heat-pulse|stove-watch|unoccupied-burn,a level translator is needed — not a 3.3V-native signal — MPU-9250 9-axis (legacy),"MLX90614 IR thermometer + BME688 gas + climate AI + MAX30102 pulse oximeter + INA219 current/power monitor + Scale-hacking: NAU7802 + MPU-9250 9-axis (legacy): the set fires Bearing temperature-rise monitor, Sky thermometer cloud detector, Compost activity meter and 6 more, unlocking energy-waste-unoccupied, presence-verified, soil-water-volumetric, thermal-map, plus 2 new routes to outcomes it declares nowhere — 68 outcomes together against 17 for its best single member, a lift of 51. It costs 2 ESP32 pins and $51.5; all of it sits on I2C. Caveat: a level translator is needed — not a 3.3V-native signal — MPU-9250 9-axis (legacy)."
15,per_pin,S007|S023|S144|S178|S182|S206,MLX90614 IR thermometer|BME688 gas + climate AI|INA219 current/power monitor|LDC1612 inductive sensing|Scale-hacking: NAU7802|MPU-9250 9-axis (legacy),6,54.5,2,61,7,68,51,11.333,1.248,34.0,air-density|energy-waste-unoccupied|grid-stress|presence-verified|soil-water-volumetric|thermal-time-constant|wet-bulb-heat-stress,compost-active,air-density-live|bearing-thermal|cloud-cover-ir|compost-core|grid-frequency-watch|house-thermal-constant|liquid-id-effusivity|presence-two-physics|psychrometric-wetbulb|soil-heat-pulse|stove-watch|unoccupied-burn,a level translator is needed — not a 3.3V-native signal — MPU-9250 9-axis (legacy),"MLX90614 IR thermometer + BME688 gas + climate AI + INA219 current/power monitor + LDC1612 inductive sensing + Scale-hacking: NAU7802 + MPU-9250 9-axis (legacy): the set fires Bearing temperature-rise monitor, Sky thermometer cloud detector, Compost activity meter and 5 more, unlocking energy-waste-unoccupied, presence-verified, soil-water-volumetric, thermal-time-constant, plus 1 new route to outcomes it declares nowhere — 68 outcomes together against 17 for its best single member, a lift of 51. It costs 2 ESP32 pins and $54.5; all of it sits on I2C. Caveat: a level translator is needed — not a 3.3V-native signal — MPU-9250 9-axis (legacy)."
16,per_pin,S023|S112|S144|S169|S182|S206,BME688 gas + climate AI|MAX30102 pulse oximeter|INA219 current/power monitor|Grove Vision AI v2|Scale-hacking: NAU7802|MPU-9250 9-axis (legacy),6,59.5,2,60,8,68,51,11.333,1.143,34.0,air-density|energy-waste-unoccupied|grid-stress|presence-verified|soil-water-volumetric|thermal-map|thermal-time-constant|wet-bulb-heat-stress,bearing-failing|compost-active,air-density-live|bearing-thermal|compost-core|grid-frequency-watch|house-thermal-constant|liquid-id-effusivity|microclimate-grid|presence-two-physics|psychrometric-wetbulb|soil-heat-pulse|unoccupied-burn,"PSRAM wanted — an S3 or WROVER variant, not a plain ESP32 — Grove Vision AI v2|a level translator is needed — not a 3.3V-native signal — MPU-9250 9-axis (legacy)","BME688 gas + climate AI + MAX30102 pulse oximeter + INA219 current/power monitor + Grove Vision AI v2 + Scale-hacking: NAU7802 + MPU-9250 9-axis (legacy): the set fires Bearing temperature-rise monitor, Compost activity meter, Building thermal time-constant and 5 more, unlocking energy-waste-unoccupied, presence-verified, soil-water-volumetric, thermal-map, plus 2 new routes to outcomes it declares nowhere — 68 outcomes together against 17 for its best single member, a lift of 51. It costs 2 ESP32 pins and $59.5; all of it sits on I2C. Caveat: PSRAM wanted — an S3 or WROVER variant, not a plain ESP32 — Grove Vision AI v2."
17,per_pin,S007|S023|S169|S182|S206|S380,MLX90614 IR thermometer|BME688 gas + climate AI|Grove Vision AI v2|Scale-hacking: NAU7802|MPU-9250 9-axis (legacy)|ADE7953 dual-channel single-phase energy meter,6,62.5,2,58,10,68,51,11.333,1.088,34.0,air-density|building-heat-loss|cost-per-use|energy-waste-unoccupied|grid-stress|inrush-health|presence-verified|soil-water-volumetric|thermal-time-constant|wet-bulb-heat-stress,compost-active|power-quality,air-density-live|bearing-thermal|building-ua|cloud-cover-ir|compost-core|grid-frequency-watch|house-thermal-constant|inrush-signature|liquid-id-effusivity|nilm-signature|pf-power-quality|presence-two-physics|psychrometric-wetbulb|soil-heat-pulse|stove-watch|unoccupied-burn|which-room-energy,"PSRAM wanted — an S3 or WROVER variant, not a plain ESP32 — Grove Vision AI v2|a level translator is needed — not a 3.3V-native signal — MPU-9250 9-axis (legacy)","MLX90614 IR thermometer + BME688 gas + climate AI + Grove Vision AI v2 + Scale-hacking: NAU7802 + MPU-9250 9-axis (legacy) + ADE7953 dual-channel single-phase energy meter: the set fires Bearing temperature-rise monitor, Whole-building heat-loss coefficient, Sky thermometer cloud detector and 7 more, unlocking building-heat-loss, cost-per-use, energy-waste-unoccupied, presence-verified, plus 2 new routes to outcomes it declares nowhere — 68 outcomes together against 17 for its best single member, a lift of 51. It costs 2 ESP32 pins and $62.5; all of it sits on I2C. Caveat: PSRAM wanted — an S3 or WROVER variant, not a plain ESP32 — Grove Vision AI v2."
18,per_pin,S007|S023|S169|S182|S206|S212,MLX90614 IR thermometer|BME688 gas + climate AI|Grove Vision AI v2|Scale-hacking: NAU7802|MPU-9250 9-axis (legacy)|INA3221 triple-channel power,6,63,2,61,7,68,51,11.333,1.079,34.0,air-density|energy-waste-unoccupied|grid-stress|presence-verified|soil-water-volumetric|thermal-time-constant|wet-bulb-heat-stress,compost-active,air-density-live|bearing-thermal|cloud-cover-ir|compost-core|grid-frequency-watch|house-thermal-constant|liquid-id-effusivity|presence-two-physics|psychrometric-wetbulb|soil-heat-pulse|stove-watch|unoccupied-burn,"PSRAM wanted — an S3 or WROVER variant, not a plain ESP32 — Grove Vision AI v2|a level translator is needed — not a 3.3V-native signal — MPU-9250 9-axis (legacy)","MLX90614 IR thermometer + BME688 gas + climate AI + Grove Vision AI v2 + Scale-hacking: NAU7802 + MPU-9250 9-axis (legacy) + INA3221 triple-channel power: the set fires Bearing temperature-rise monitor, Sky thermometer cloud detector, Compost activity meter and 5 more, unlocking energy-waste-unoccupied, presence-verified, soil-water-volumetric, thermal-time-constant, plus 1 new route to outcomes it declares nowhere — 68 outcomes together against 17 for its best single member, a lift of 51. It costs 2 ESP32 pins and $63; all of it sits on I2C. Caveat: PSRAM wanted — an S3 or WROVER variant, not a plain ESP32 — Grove Vision AI v2."
19,per_pin,S002|S023|S144|S169|S182|S206,TMP117 ultra-precise temp|BME688 gas + climate AI|INA219 current/power monitor|Grove Vision AI v2|Scale-hacking: NAU7802|MPU-9250 9-axis (legacy),6,64.5,2,60,8,68,51,11.333,1.054,34.0,air-density|energy-waste-unoccupied|grid-stress|presence-verified|soil-water-volumetric|thermal-map|thermal-time-constant|wet-bulb-heat-stress,bearing-failing|compost-active,air-density-live|bearing-thermal|compost-core|grid-frequency-watch|house-thermal-constant|liquid-id-effusivity|microclimate-grid|presence-two-physics|psychrometric-wetbulb|soil-heat-pulse|unoccupied-burn,"PSRAM wanted — an S3 or WROVER variant, not a plain ESP32 — Grove Vision AI v2|a level translator is needed — not a 3.3V-native signal — MPU-9250 9-axis (legacy)","TMP117 ultra-precise temp + BME688 gas + climate AI + INA219 current/power monitor + Grove Vision AI v2 + Scale-hacking: NAU7802 + MPU-9250 9-axis (legacy): the set fires Bearing temperature-rise monitor, Compost activity meter, Building thermal time-constant and 5 more, unlocking energy-waste-unoccupied, presence-verified, soil-water-volumetric, thermal-map, plus 2 new routes to outcomes it declares nowhere — 68 outcomes together against 17 for its best single member, a lift of 51. It costs 2 ESP32 pins and $64.5; all of it sits on I2C. Caveat: PSRAM wanted — an S3 or WROVER variant, not a plain ESP32 — Grove Vision AI v2."
20,per_pin,S007|S023|S145|S169|S182|S206,MLX90614 IR thermometer|BME688 gas + climate AI|INA226/INA228 precision power|Grove Vision AI v2|Scale-hacking: NAU7802|MPU-9250 9-axis (legacy),6,65,2,59,9,68,51,11.333,1.046,34.0,air-density|building-heat-loss|cost-per-use|energy-waste-unoccupied|grid-stress|presence-verified|soil-water-volumetric|thermal-time-constant|wet-bulb-heat-stress,compost-active,air-density-live|bearing-thermal|building-ua|cloud-cover-ir|compost-core|grid-frequency-watch|house-thermal-constant|liquid-id-effusivity|presence-two-physics|psychrometric-wetbulb|soil-heat-pulse|stove-watch|unoccupied-burn|which-room-energy,"PSRAM wanted — an S3 or WROVER variant, not a plain ESP32 — Grove Vision AI v2|a level translator is needed — not a 3.3V-native signal — MPU-9250 9-axis (legacy)","MLX90614 IR thermometer + BME688 gas + climate AI + INA226/INA228 precision power + Grove Vision AI v2 + Scale-hacking: NAU7802 + MPU-9250 9-axis (legacy): the set fires Bearing temperature-rise monitor, Whole-building heat-loss coefficient, Sky thermometer cloud detector and 7 more, unlocking building-heat-loss, cost-per-use, energy-waste-unoccupied, presence-verified, plus 1 new route to outcomes it declares nowhere — 68 outcomes together against 17 for its best single member, a lift of 51. It costs 2 ESP32 pins and $65; all of it sits on I2C. Caveat: PSRAM wanted — an S3 or WROVER variant, not a plain ESP32 — Grove Vision AI v2."
21,per_pin,S011|S133|S210|S257,DHT22 / AM2302|Compost / hay temp lance|DS18B20 water temp + flow combo|Eastron SDM120-Modbus DIN energy meter,4,67.0,1,26,8,34,23,8.5,0.507,34.0,building-heat-loss|cost-per-use|grid-stress|inrush-health|soil-water-volumetric|thermal-map|thermal-time-constant|wet-bulb-heat-stress,bearing-failing|material-type,bearing-thermal|building-ua|compost-core|grid-frequency-watch|house-thermal-constant|inrush-signature|liquid-id-effusivity|loop-heat-meter|microclimate-grid|nilm-signature|pf-power-quality|psychrometric-wetbulb|soil-heat-pulse|which-room-energy,,"DHT22 / AM2302 + Compost / hay temp lance + DS18B20 water temp + flow combo + Eastron SDM120-Modbus DIN energy meter: the set fires Bearing temperature-rise monitor, Whole-building heat-loss coefficient, Compost activity meter and 6 more, unlocking building-heat-loss, cost-per-use, soil-water-volumetric, thermal-map, plus 2 new routes to outcomes it declares nowhere — 34 outcomes together against 11 for its best single member, a lift of 23. It costs 1 ESP32 pins and $67; it spans 1-Wire + RS-485."
22,per_pin,S023|S071|S144|S182|S189|S206,BME688 gas + climate AI|Grid-EYE AMG8833 thermal array|INA219 current/power monitor|Scale-hacking: NAU7802|AHT20 temp/humidity|MPU-9250 9-axis (legacy),6,74.5,2,58,10,68,51,11.333,0.913,34.0,air-density|black-ice-risk|condensation-risk|energy-waste-unoccupied|grid-stress|presence-verified|soil-water-volumetric|thermal-map|thermal-time-constant|wet-bulb-heat-stress,bearing-failing|compost-active|material-type|sky-clear,air-density-live|bearing-thermal|black-ice-watch|cloud-cover-ir|compost-core|condensation-watch|grid-frequency-watch|house-thermal-constant|liquid-id-effusivity|microclimate-grid|mould-forecast|presence-two-physics|psychrometric-wetbulb|soil-heat-pulse|stove-watch|unoccupied-burn,a level translator is needed — not a 3.3V-native signal — MPU-9250 9-axis (legacy),"BME688 gas + climate AI + Grid-EYE AMG8833 thermal array + INA219 current/power monitor + Scale-hacking: NAU7802 + AHT20 temp/humidity + MPU-9250 9-axis (legacy): the set fires Bearing temperature-rise monitor, Road ice predictor, Sky thermometer cloud detector and 9 more, unlocking black-ice-risk, condensation-risk, energy-waste-unoccupied, presence-verified, plus 4 new routes to outcomes it declares nowhere — 68 outcomes together against 17 for its best single member, a lift of 51. It costs 2 ESP32 pins and $74.5; all of it sits on I2C. Caveat: a level translator is needed — not a 3.3V-native signal — MPU-9250 9-axis (legacy)."
23,per_pin,S023|S071|S112|S144|S182|S206,BME688 gas + climate AI|Grid-EYE AMG8833 thermal array|MAX30102 pulse oximeter|INA219 current/power monitor|Scale-hacking: NAU7802|MPU-9250 9-axis (legacy),6,78.5,2,60,8,68,51,11.333,0.866,34.0,air-density|energy-waste-unoccupied|grid-stress|presence-verified|soil-water-volumetric|thermal-map|thermal-time-constant|wet-bulb-heat-stress,bearing-failing|compost-active|material-type|sky-clear,air-density-live|bearing-thermal|cloud-cover-ir|compost-core|grid-frequency-watch|house-thermal-constant|liquid-id-effusivity|microclimate-grid|presence-two-physics|psychrometric-wetbulb|soil-heat-pulse|stove-watch|unoccupied-burn,a level translator is needed — not a 3.3V-native signal — MPU-9250 9-axis (legacy),"BME688 gas + climate AI + Grid-EYE AMG8833 thermal array + MAX30102 pulse oximeter + INA219 current/power monitor + Scale-hacking: NAU7802 + MPU-9250 9-axis (legacy): the set fires Bearing temperature-rise monitor, Sky thermometer cloud detector, Compost activity meter and 6 more, unlocking energy-waste-unoccupied, presence-verified, soil-water-volumetric, thermal-map, plus 4 new routes to outcomes it declares nowhere — 68 outcomes together against 17 for its best single member, a lift of 51. It costs 2 ESP32 pins and $78.5; all of it sits on I2C. Caveat: a level translator is needed — not a 3.3V-native signal — MPU-9250 9-axis (legacy)."
24,per_pin,S023|S071|S144|S178|S182|S206,BME688 gas + climate AI|Grid-EYE AMG8833 thermal array|INA219 current/power monitor|LDC1612 inductive sensing|Scale-hacking: NAU7802|MPU-9250 9-axis (legacy),6,81.5,2,61,7,68,51,11.333,0.834,34.0,air-density|energy-waste-unoccupied|grid-stress|presence-verified|soil-water-volumetric|thermal-time-constant|wet-bulb-heat-stress,bearing-failing|compost-active|sky-clear,air-density-live|bearing-thermal|cloud-cover-ir|compost-core|grid-frequency-watch|house-thermal-constant|liquid-id-effusivity|presence-two-physics|psychrometric-wetbulb|soil-heat-pulse|stove-watch|unoccupied-burn,a level translator is needed — not a 3.3V-native signal — MPU-9250 9-axis (legacy),"BME688 gas + climate AI + Grid-EYE AMG8833 thermal array + INA219 current/power monitor + LDC1612 inductive sensing + Scale-hacking: NAU7802 + MPU-9250 9-axis (legacy): the set fires Bearing temperature-rise monitor, Sky thermometer cloud detector, Compost activity meter and 5 more, unlocking energy-waste-unoccupied, presence-verified, soil-water-volumetric, thermal-time-constant, plus 3 new routes to outcomes it declares nowhere — 68 outcomes together against 17 for its best single member, a lift of 51. It costs 2 ESP32 pins and $81.5; all of it sits on I2C. Caveat: a level translator is needed — not a 3.3V-native signal — MPU-9250 9-axis (legacy)."
25,per_pin,S007|S023|S037|S144|S182|S206,MLX90614 IR thermometer|BME688 gas + climate AI|SCD30 NDIR CO2|INA219 current/power monitor|Scale-hacking: NAU7802|MPU-9250 9-axis (legacy),6,85.5,2,56,12,68,51,11.333,0.795,34.0,air-changes-hour|air-density|energy-waste-unoccupied|grid-stress|presence-verified|radon-risk-rising|room-volume-estimate|soil-water-volumetric|thermal-map|thermal-time-constant|wet-bulb-heat-stress|window-open-state,material-type,ach-co2-decay|air-density-live|bearing-thermal|cloud-cover-ir|co2-room-volume|compost-core|grid-frequency-watch|house-thermal-constant|liquid-id-effusivity|microclimate-grid|presence-two-physics|psychrometric-wetbulb|radon-fast-proxy|soil-heat-pulse|stove-watch|unoccupied-burn|window-detect,a level translator is needed — not a 3.3V-native signal — MPU-9250 9-axis (legacy),"MLX90614 IR thermometer + BME688 gas + climate AI + SCD30 NDIR CO2 + INA219 current/power monitor + Scale-hacking: NAU7802 + MPU-9250 9-axis (legacy): the set fires Bearing temperature-rise monitor, Sky thermometer cloud detector, Compost activity meter and 7 more, unlocking energy-waste-unoccupied, presence-verified, radon-risk-rising, soil-water-volumetric, plus 1 new route to outcomes it declares nowhere — 68 outcomes together against 17 for its best single member, a lift of 51. It costs 2 ESP32 pins and $85.5; all of it sits on I2C. Caveat: a level translator is needed — not a 3.3V-native signal — MPU-9250 9-axis (legacy)."
26,per_pin,S023|S112|S144|S168|S182|S206,BME688 gas + climate AI|MAX30102 pulse oximeter|INA219 current/power monitor|HuskyLens AI camera|Scale-hacking: NAU7802|MPU-9250 9-axis (legacy),6,88.5,2,60,8,68,51,11.333,0.768,34.0,air-density|energy-waste-unoccupied|grid-stress|presence-verified|soil-water-volumetric|thermal-map|thermal-time-constant|wet-bulb-heat-stress,bearing-failing|compost-active|material-type,air-density-live|bearing-thermal|compost-core|grid-frequency-watch|house-thermal-constant|liquid-id-effusivity|microclimate-grid|presence-two-physics|psychrometric-wetbulb|soil-heat-pulse|unoccupied-burn,a level translator is needed — not a 3.3V-native signal — MPU-9250 9-axis (legacy),"BME688 gas + climate AI + MAX30102 pulse oximeter + INA219 current/power monitor + HuskyLens AI camera + Scale-hacking: NAU7802 + MPU-9250 9-axis (legacy): the set fires Bearing temperature-rise monitor, Compost activity meter, Building thermal time-constant and 5 more, unlocking energy-waste-unoccupied, presence-verified, soil-water-volumetric, thermal-map, plus 3 new routes to outcomes it declares nowhere — 68 outcomes together against 17 for its best single member, a lift of 51. It costs 2 ESP32 pins and $88.5; all of it sits on I2C. Caveat: a level translator is needed — not a 3.3V-native signal — MPU-9250 9-axis (legacy)."
27,per_pin,S002|S023|S144|S168|S182|S206,TMP117 ultra-precise temp|BME688 gas + climate AI|INA219 current/power monitor|HuskyLens AI camera|Scale-hacking: NAU7802|MPU-9250 9-axis (legacy),6,93.5,2,60,8,68,51,11.333,0.727,34.0,air-density|energy-waste-unoccupied|grid-stress|presence-verified|soil-water-volumetric|thermal-map|thermal-time-constant|wet-bulb-heat-stress,bearing-failing|compost-active|material-type,air-density-live|bearing-thermal|compost-core|grid-frequency-watch|house-thermal-constant|liquid-id-effusivity|microclimate-grid|presence-two-physics|psychrometric-wetbulb|soil-heat-pulse|unoccupied-burn,a level translator is needed — not a 3.3V-native signal — MPU-9250 9-axis (legacy),"TMP117 ultra-precise temp + BME688 gas + climate AI + INA219 current/power monitor + HuskyLens AI camera + Scale-hacking: NAU7802 + MPU-9250 9-axis (legacy): the set fires Bearing temperature-rise monitor, Compost activity meter, Building thermal time-constant and 5 more, unlocking energy-waste-unoccupied, presence-verified, soil-water-volumetric, thermal-map, plus 3 new routes to outcomes it declares nowhere — 68 outcomes together against 17 for its best single member, a lift of 51. It costs 2 ESP32 pins and $93.5; all of it sits on I2C. Caveat: a level translator is needed — not a 3.3V-native signal — MPU-9250 9-axis (legacy)."
28,per_pin,S007|S023|S169|S182|S206|S257,MLX90614 IR thermometer|BME688 gas + climate AI|Grove Vision AI v2|Scale-hacking: NAU7802|MPU-9250 9-axis (legacy)|Eastron SDM120-Modbus DIN energy meter,6,97.0,2,58,10,68,51,11.333,0.701,34.0,air-density|building-heat-loss|cost-per-use|energy-waste-unoccupied|grid-stress|inrush-health|presence-verified|soil-water-volumetric|thermal-time-constant|wet-bulb-heat-stress,compost-active,air-density-live|bearing-thermal|building-ua|cloud-cover-ir|compost-core|grid-frequency-watch|house-thermal-constant|inrush-signature|liquid-id-effusivity|nilm-signature|pf-power-quality|presence-two-physics|psychrometric-wetbulb|soil-heat-pulse|stove-watch|unoccupied-burn|which-room-energy,"PSRAM wanted — an S3 or WROVER variant, not a plain ESP32 — Grove Vision AI v2|a level translator is needed — not a 3.3V-native signal — MPU-9250 9-axis (legacy)","MLX90614 IR thermometer + BME688 gas + climate AI + Grove Vision AI v2 + Scale-hacking: NAU7802 + MPU-9250 9-axis (legacy) + Eastron SDM120-Modbus DIN energy meter: the set fires Bearing temperature-rise monitor, Whole-building heat-loss coefficient, Sky thermometer cloud detector and 7 more, unlocking building-heat-loss, cost-per-use, energy-waste-unoccupied, presence-verified, plus 1 new route to outcomes it declares nowhere — 68 outcomes together against 17 for its best single member, a lift of 51. It costs 2 ESP32 pins and $97; it spans I2C + RS-485. Caveat: PSRAM wanted — an S3 or WROVER variant, not a plain ESP32 — Grove Vision AI v2."
29,per_pin,S007|S023|S144|S182|S206|S278,MLX90614 IR thermometer|BME688 gas + climate AI|INA219 current/power monitor|Scale-hacking: NAU7802|MPU-9250 9-axis (legacy)|SEN66 six-in-one air module,6,115.5,2,56,12,68,51,11.333,0.589,34.0,air-changes-hour|air-density|energy-waste-unoccupied|grid-stress|presence-verified|radon-risk-rising|room-volume-estimate|soil-water-volumetric|thermal-map|thermal-time-constant|wet-bulb-heat-stress|window-open-state,compost-active|material-type,ach-co2-decay|air-density-live|bearing-thermal|cloud-cover-ir|co2-room-volume|compost-core|grid-frequency-watch|house-thermal-constant|liquid-id-effusivity|microclimate-grid|presence-two-physics|psychrometric-wetbulb|radon-fast-proxy|soil-heat-pulse|stove-watch|unoccupied-burn|window-detect,a level translator is needed — not a 3.3V-native signal — MPU-9250 9-axis (legacy),"MLX90614 IR thermometer + BME688 gas + climate AI + INA219 current/power monitor + Scale-hacking: NAU7802 + MPU-9250 9-axis (legacy) + SEN66 six-in-one air module: the set fires Bearing temperature-rise monitor, Sky thermometer cloud detector, Compost activity meter and 7 more, unlocking energy-waste-unoccupied, presence-verified, radon-risk-rising, soil-water-volumetric, plus 2 new routes to outcomes it declares nowhere — 68 outcomes together against 17 for its best single member, a lift of 51. It costs 2 ESP32 pins and $115.5; all of it sits on I2C. Caveat: a level translator is needed — not a 3.3V-native signal — MPU-9250 9-axis (legacy)."
30,per_pin,S007|S036|S144|S182|S206|S235,MLX90614 IR thermometer|SCD41 true CO2|INA219 current/power monitor|Scale-hacking: NAU7802|MPU-9250 9-axis (legacy)|Scent delivery + e-nose loop,6,115.5,2,56,12,68,51,11.333,0.589,34.0,air-changes-hour|air-density|energy-waste-unoccupied|grid-stress|presence-verified|radon-risk-rising|room-volume-estimate|soil-water-volumetric|thermal-map|thermal-time-constant|wet-bulb-heat-stress|window-open-state,compost-active|material-type,ach-co2-decay|air-density-live|bearing-thermal|cloud-cover-ir|co2-room-volume|compost-core|grid-frequency-watch|house-thermal-constant|liquid-id-effusivity|microclimate-grid|presence-two-physics|psychrometric-wetbulb|radon-fast-proxy|soil-heat-pulse|stove-watch|unoccupied-burn|window-detect,"PSRAM wanted — an S3 or WROVER variant, not a plain ESP32 — Scent delivery + e-nose loop|a level translator is needed — not a 3.3V-native signal — MPU-9250 9-axis (legacy)","MLX90614 IR thermometer + SCD41 true CO2 + INA219 current/power monitor + Scale-hacking: NAU7802 + MPU-9250 9-axis (legacy) + Scent delivery + e-nose loop: the set fires Bearing temperature-rise monitor, Sky thermometer cloud detector, Compost activity meter and 7 more, unlocking energy-waste-unoccupied, presence-verified, radon-risk-rising, soil-water-volumetric, plus 2 new routes to outcomes it declares nowhere — 68 outcomes together against 17 for its best single member, a lift of 51. It costs 2 ESP32 pins and $115.5; all of it sits on I2C. Caveat: PSRAM wanted — an S3 or WROVER variant, not a plain ESP32 — Scent delivery + e-nose loop."
