sensor_id,sensor,usd,category,contact,privacy,outcome_key,outcome_question,domain
S182,Scale-hacking: NAU7802,12,Force & Weight,Contact,Aggregate,consumable-remaining,"How much is left, and how long until it runs out?",Objects & assets
S182,Scale-hacking: NAU7802,12,Force & Weight,Contact,Aggregate,container-fullness,How full is it?,Objects & assets
S182,Scale-hacking: NAU7802,12,Force & Weight,Contact,Aggregate,drift-from-baseline,Has this drifted from how it behaved when new?,Machine health
S182,Scale-hacking: NAU7802,12,Force & Weight,Contact,Aggregate,gait-quality,How is this person walking?,Body & health
S182,Scale-hacking: NAU7802,12,Force & Weight,Contact,Aggregate,growth-rate,How fast is it growing?,Plants & soil
S182,Scale-hacking: NAU7802,12,Force & Weight,Contact,Aggregate,hive-state,What is the beehive doing?,Plants & soil
S182,Scale-hacking: NAU7802,12,Force & Weight,Contact,Aggregate,livestock-wellbeing,Are the animals comfortable and behaving normally?,Plants & soil
S182,Scale-hacking: NAU7802,12,Force & Weight,Contact,Aggregate,machine-state,"Is it idle, loaded, or jammed?",Machine health
S182,Scale-hacking: NAU7802,12,Force & Weight,Contact,Aggregate,object-count,How many went past?,Objects & assets
S182,Scale-hacking: NAU7802,12,Force & Weight,Contact,Aggregate,object-dropped,"Was it dropped, and how hard?",Objects & assets
S182,Scale-hacking: NAU7802,12,Force & Weight,Contact,Aggregate,object-present,Is the thing there?,Objects & assets
S182,Scale-hacking: NAU7802,12,Force & Weight,Contact,Aggregate,occupancy-duration,How long has this desk/room/seat been in use?,Human presence
S182,Scale-hacking: NAU7802,12,Force & Weight,Contact,Aggregate,plant-thirsty,Does this plant need water?,Plants & soil
S182,Scale-hacking: NAU7802,12,Force & Weight,Contact,Aggregate,posture,What posture is this body in?,Body & health
S182,Scale-hacking: NAU7802,12,Force & Weight,Contact,Aggregate,someone-present,Is anyone here?,Human presence
S182,Scale-hacking: NAU7802,12,Force & Weight,Contact,Aggregate,tank-level,How much is in the tank?,Water
S072,MPU-6050 6-axis IMU,2,Motion & Vibration,Contact,None,am-i-level,"Is this level, and by how much is it off?",Navigation & space
S072,MPU-6050 6-axis IMU,2,Motion & Vibration,Contact,None,cycle-complete,Has the cycle finished?,Machine health
S072,MPU-6050 6-axis IMU,2,Motion & Vibration,Contact,None,door-state,Is it open or closed?,Objects & assets
S072,MPU-6050 6-axis IMU,2,Motion & Vibration,Contact,None,gait-quality,How is this person walking?,Body & health
S072,MPU-6050 6-axis IMU,2,Motion & Vibration,Contact,None,imbalance,Is it out of balance or misaligned?,Machine health
S072,MPU-6050 6-axis IMU,2,Motion & Vibration,Contact,None,machine-duty-cycle,How much is this machine actually used?,Machine health
S072,MPU-6050 6-axis IMU,2,Motion & Vibration,Contact,None,machine-running,Is it on?,Machine health
S072,MPU-6050 6-axis IMU,2,Motion & Vibration,Contact,None,machine-state,"Is it idle, loaded, or jammed?",Machine health
S072,MPU-6050 6-axis IMU,2,Motion & Vibration,Contact,None,object-dropped,"Was it dropped, and how hard?",Objects & assets
S072,MPU-6050 6-axis IMU,2,Motion & Vibration,Contact,None,object-moved,Has it been moved or disturbed?,Objects & assets
S072,MPU-6050 6-axis IMU,2,Motion & Vibration,Contact,None,posture,What posture is this body in?,Body & health
S072,MPU-6050 6-axis IMU,2,Motion & Vibration,Contact,None,step-count,How much have they moved today?,Body & health
S072,MPU-6050 6-axis IMU,2,Motion & Vibration,Contact,None,structure-moved,Has this structure shifted or tilted since last time?,Navigation & space
S072,MPU-6050 6-axis IMU,2,Motion & Vibration,Contact,None,tamper-detected,Has someone interfered with it?,Objects & assets
S072,MPU-6050 6-axis IMU,2,Motion & Vibration,Contact,None,tremor-present,"Is there a tremor, and at what frequency?",Body & health
S073,LSM6DSOX ML-core IMU,10,Motion & Vibration,Contact,None,am-i-level,"Is this level, and by how much is it off?",Navigation & space
S073,LSM6DSOX ML-core IMU,10,Motion & Vibration,Contact,None,bearing-failing,Is a bearing starting to fail?,Machine health
S073,LSM6DSOX ML-core IMU,10,Motion & Vibration,Contact,None,drift-from-baseline,Has this drifted from how it behaved when new?,Machine health
S073,LSM6DSOX ML-core IMU,10,Motion & Vibration,Contact,None,gait-quality,How is this person walking?,Body & health
S073,LSM6DSOX ML-core IMU,10,Motion & Vibration,Contact,None,imbalance,Is it out of balance or misaligned?,Machine health
S073,LSM6DSOX ML-core IMU,10,Motion & Vibration,Contact,None,livestock-wellbeing,Are the animals comfortable and behaving normally?,Plants & soil
S073,LSM6DSOX ML-core IMU,10,Motion & Vibration,Contact,None,machine-duty-cycle,How much is this machine actually used?,Machine health
S073,LSM6DSOX ML-core IMU,10,Motion & Vibration,Contact,None,machine-running,Is it on?,Machine health
S073,LSM6DSOX ML-core IMU,10,Motion & Vibration,Contact,None,machine-state,"Is it idle, loaded, or jammed?",Machine health
S073,LSM6DSOX ML-core IMU,10,Motion & Vibration,Contact,None,object-dropped,"Was it dropped, and how hard?",Objects & assets
S073,LSM6DSOX ML-core IMU,10,Motion & Vibration,Contact,None,object-moved,Has it been moved or disturbed?,Objects & assets
S073,LSM6DSOX ML-core IMU,10,Motion & Vibration,Contact,None,posture,What posture is this body in?,Body & health
S073,LSM6DSOX ML-core IMU,10,Motion & Vibration,Contact,None,step-count,How much have they moved today?,Body & health
S073,LSM6DSOX ML-core IMU,10,Motion & Vibration,Contact,None,tamper-detected,Has someone interfered with it?,Objects & assets
S073,LSM6DSOX ML-core IMU,10,Motion & Vibration,Contact,None,tremor-present,"Is there a tremor, and at what frequency?",Body & health
S087,INMP441 I2S MEMS mic,3,Sound & Audio,Standoff,Raw-imagery,air-leak,"Is compressed air leaking, and where?",Machine health
S087,INMP441 I2S MEMS mic,3,Sound & Audio,Standoff,Raw-imagery,bearing-failing,Is a bearing starting to fail?,Machine health
S087,INMP441 I2S MEMS mic,3,Sound & Audio,Standoff,Raw-imagery,cooking-detected,Is someone cooking?,Air & environment
S087,INMP441 I2S MEMS mic,3,Sound & Audio,Standoff,Raw-imagery,cycle-complete,Has the cycle finished?,Machine health
S087,INMP441 I2S MEMS mic,3,Sound & Audio,Standoff,Raw-imagery,device-left-on,Did someone leave it switched on?,Energy
S087,INMP441 I2S MEMS mic,3,Sound & Audio,Standoff,Raw-imagery,glass-broken,Did glass break?,Security & safety
S087,INMP441 I2S MEMS mic,3,Sound & Audio,Standoff,Raw-imagery,intrusion,Has someone entered who shouldn't have?,Security & safety
S087,INMP441 I2S MEMS mic,3,Sound & Audio,Standoff,Raw-imagery,machine-running,Is it on?,Machine health
S087,INMP441 I2S MEMS mic,3,Sound & Audio,Standoff,Raw-imagery,machine-state,"Is it idle, loaded, or jammed?",Machine health
S087,INMP441 I2S MEMS mic,3,Sound & Audio,Standoff,Raw-imagery,person-asleep,"Are they asleep, and how well?",Human presence
S087,INMP441 I2S MEMS mic,3,Sound & Audio,Standoff,Raw-imagery,someone-present,Is anyone here?,Human presence
S087,INMP441 I2S MEMS mic,3,Sound & Audio,Standoff,Raw-imagery,stove-left-on,Was the hob left on with nobody there?,Security & safety
S087,INMP441 I2S MEMS mic,3,Sound & Audio,Standoff,Raw-imagery,unusual-sound,Did something sound wrong?,Security & safety
S087,INMP441 I2S MEMS mic,3,Sound & Audio,Standoff,Raw-imagery,which-appliance,Which appliance just turned on?,Energy
S091,Piezo contact mic / disc,0.5,Sound & Audio,Contact,Raw-imagery,air-leak,"Is compressed air leaking, and where?",Machine health
S091,Piezo contact mic / disc,0.5,Sound & Audio,Contact,Raw-imagery,bearing-failing,Is a bearing starting to fail?,Machine health
S091,Piezo contact mic / disc,0.5,Sound & Audio,Contact,Raw-imagery,cycle-complete,Has the cycle finished?,Machine health
S091,Piezo contact mic / disc,0.5,Sound & Audio,Contact,Raw-imagery,drift-from-baseline,Has this drifted from how it behaved when new?,Machine health
S091,Piezo contact mic / disc,0.5,Sound & Audio,Contact,Raw-imagery,glass-broken,Did glass break?,Security & safety
S091,Piezo contact mic / disc,0.5,Sound & Audio,Contact,Raw-imagery,intrusion,Has someone entered who shouldn't have?,Security & safety
S091,Piezo contact mic / disc,0.5,Sound & Audio,Contact,Raw-imagery,machine-duty-cycle,How much is this machine actually used?,Machine health
S091,Piezo contact mic / disc,0.5,Sound & Audio,Contact,Raw-imagery,machine-running,Is it on?,Machine health
S091,Piezo contact mic / disc,0.5,Sound & Audio,Contact,Raw-imagery,machine-state,"Is it idle, loaded, or jammed?",Machine health
S091,Piezo contact mic / disc,0.5,Sound & Audio,Contact,Raw-imagery,object-dropped,"Was it dropped, and how hard?",Objects & assets
S091,Piezo contact mic / disc,0.5,Sound & Audio,Contact,Raw-imagery,someone-present,Is anyone here?,Human presence
S091,Piezo contact mic / disc,0.5,Sound & Audio,Contact,Raw-imagery,tamper-detected,Has someone interfered with it?,Objects & assets
S091,Piezo contact mic / disc,0.5,Sound & Audio,Contact,Raw-imagery,unusual-sound,Did something sound wrong?,Security & safety
S091,Piezo contact mic / disc,0.5,Sound & Audio,Contact,Raw-imagery,water-leak,Is water escaping where it shouldn't?,Water
S098,HX711 + load cell,5,Force & Weight,Contact,Aggregate,consumable-remaining,"How much is left, and how long until it runs out?",Objects & assets
S098,HX711 + load cell,5,Force & Weight,Contact,Aggregate,container-fullness,How full is it?,Objects & assets
S098,HX711 + load cell,5,Force & Weight,Contact,Aggregate,drift-from-baseline,Has this drifted from how it behaved when new?,Machine health
S098,HX711 + load cell,5,Force & Weight,Contact,Aggregate,growth-rate,How fast is it growing?,Plants & soil
S098,HX711 + load cell,5,Force & Weight,Contact,Aggregate,hive-state,What is the beehive doing?,Plants & soil
S098,HX711 + load cell,5,Force & Weight,Contact,Aggregate,livestock-wellbeing,Are the animals comfortable and behaving normally?,Plants & soil
S098,HX711 + load cell,5,Force & Weight,Contact,Aggregate,machine-state,"Is it idle, loaded, or jammed?",Machine health
S098,HX711 + load cell,5,Force & Weight,Contact,Aggregate,object-count,How many went past?,Objects & assets
S098,HX711 + load cell,5,Force & Weight,Contact,Aggregate,object-dropped,"Was it dropped, and how hard?",Objects & assets
S098,HX711 + load cell,5,Force & Weight,Contact,Aggregate,object-present,Is the thing there?,Objects & assets
S098,HX711 + load cell,5,Force & Weight,Contact,Aggregate,occupancy-duration,How long has this desk/room/seat been in use?,Human presence
S098,HX711 + load cell,5,Force & Weight,Contact,Aggregate,plant-thirsty,Does this plant need water?,Plants & soil
S098,HX711 + load cell,5,Force & Weight,Contact,Aggregate,someone-present,Is anyone here?,Human presence
S098,HX711 + load cell,5,Force & Weight,Contact,Aggregate,tank-level,How much is in the tank?,Water
S169,Grove Vision AI v2,16,Cameras & Vision,Standoff,Raw-imagery,container-fullness,How full is it?,Objects & assets
S169,Grove Vision AI v2,16,Cameras & Vision,Standoff,Raw-imagery,crossed-boundary,Did something cross this line?,Human presence
S169,Grove Vision AI v2,16,Cameras & Vision,Standoff,Raw-imagery,cycle-complete,Has the cycle finished?,Machine health
S169,Grove Vision AI v2,16,Cameras & Vision,Standoff,Raw-imagery,entered-or-left,"Did they come in, or go out?",Human presence
S169,Grove Vision AI v2,16,Cameras & Vision,Standoff,Raw-imagery,fruit-ripe,Is it ripe?,Plants & soil
S169,Grove Vision AI v2,16,Cameras & Vision,Standoff,Raw-imagery,how-many-people,How many people are in this space?,Human presence
S169,Grove Vision AI v2,16,Cameras & Vision,Standoff,Raw-imagery,machine-state,"Is it idle, loaded, or jammed?",Machine health
S169,Grove Vision AI v2,16,Cameras & Vision,Standoff,Raw-imagery,material-type,What material is this?,Materials & chemistry
S169,Grove Vision AI v2,16,Cameras & Vision,Standoff,Raw-imagery,object-count,How many went past?,Objects & assets
S169,Grove Vision AI v2,16,Cameras & Vision,Standoff,Raw-imagery,object-identity,Which specific object is this?,Objects & assets
S169,Grove Vision AI v2,16,Cameras & Vision,Standoff,Raw-imagery,object-present,Is the thing there?,Objects & assets
S169,Grove Vision AI v2,16,Cameras & Vision,Standoff,Raw-imagery,queue-length,"How many are waiting, and for how long?",Human presence
S169,Grove Vision AI v2,16,Cameras & Vision,Standoff,Raw-imagery,someone-present,Is anyone here?,Human presence
S169,Grove Vision AI v2,16,Cameras & Vision,Standoff,Raw-imagery,vehicle-approaching,Is a vehicle arriving?,Security & safety
S085,Reed switch,0.5,Magnetic & Compass,Through-barrier,Aggregate,container-fullness,How full is it?,Objects & assets
S085,Reed switch,0.5,Magnetic & Compass,Through-barrier,Aggregate,cycle-complete,Has the cycle finished?,Machine health
S085,Reed switch,0.5,Magnetic & Compass,Through-barrier,Aggregate,door-state,Is it open or closed?,Objects & assets
S085,Reed switch,0.5,Magnetic & Compass,Through-barrier,Aggregate,entered-or-left,"Did they come in, or go out?",Human presence
S085,Reed switch,0.5,Magnetic & Compass,Through-barrier,Aggregate,flow-rate,How fast is water flowing?,Water
S085,Reed switch,0.5,Magnetic & Compass,Through-barrier,Aggregate,intrusion,Has someone entered who shouldn't have?,Security & safety
S085,Reed switch,0.5,Magnetic & Compass,Through-barrier,Aggregate,is-raining,"Is it raining, and how hard?",Weather & outdoors
S085,Reed switch,0.5,Magnetic & Compass,Through-barrier,Aggregate,object-count,How many went past?,Objects & assets
S085,Reed switch,0.5,Magnetic & Compass,Through-barrier,Aggregate,object-present,Is the thing there?,Objects & assets
S085,Reed switch,0.5,Magnetic & Compass,Through-barrier,Aggregate,rotation-speed,How fast is it turning?,Machine health
S085,Reed switch,0.5,Magnetic & Compass,Through-barrier,Aggregate,tamper-detected,Has someone interfered with it?,Objects & assets
S085,Reed switch,0.5,Magnetic & Compass,Through-barrier,Aggregate,tank-level,How much is in the tank?,Water
S085,Reed switch,0.5,Magnetic & Compass,Through-barrier,Aggregate,water-used-total,"How much water was used, by whom, and when?",Water
S144,INA219 current/power monitor,2.5,Power & Electrical,Contact,None,abnormal-current,Is it drawing an abnormal amount of power?,Machine health
S144,INA219 current/power monitor,2.5,Power & Electrical,Contact,None,battery-charge,How much charge is left?,Energy
S144,INA219 current/power monitor,2.5,Power & Electrical,Contact,None,battery-health,Is this battery degrading?,Energy
S144,INA219 current/power monitor,2.5,Power & Electrical,Contact,None,cycle-complete,Has the cycle finished?,Machine health
S144,INA219 current/power monitor,2.5,Power & Electrical,Contact,None,device-left-on,Did someone leave it switched on?,Energy
S144,INA219 current/power monitor,2.5,Power & Electrical,Contact,None,energy-budget-node,Will this node survive on its battery until spring?,Energy
S144,INA219 current/power monitor,2.5,Power & Electrical,Contact,None,machine-duty-cycle,How much is this machine actually used?,Machine health
S144,INA219 current/power monitor,2.5,Power & Electrical,Contact,None,machine-running,Is it on?,Machine health
S144,INA219 current/power monitor,2.5,Power & Electrical,Contact,None,machine-state,"Is it idle, loaded, or jammed?",Machine health
S144,INA219 current/power monitor,2.5,Power & Electrical,Contact,None,phantom-load,What is draining power while doing nothing?,Energy
S144,INA219 current/power monitor,2.5,Power & Electrical,Contact,None,power-now,How much power is being used right now?,Energy
S144,INA219 current/power monitor,2.5,Power & Electrical,Contact,None,solar-performance,Is the solar array performing as it should?,Energy
S144,INA219 current/power monitor,2.5,Power & Electrical,Contact,None,which-appliance,Which appliance just turned on?,Energy
S178,LDC1612 inductive sensing,9,Industrial & Automotive,Through-barrier,None,cycle-complete,Has the cycle finished?,Machine health
S178,LDC1612 inductive sensing,9,Industrial & Automotive,Through-barrier,None,door-state,Is it open or closed?,Objects & assets
S178,LDC1612 inductive sensing,9,Industrial & Automotive,Through-barrier,None,hidden-wiring,Where is the wiring or metal inside this wall?,Invisible worlds
S178,LDC1612 inductive sensing,9,Industrial & Automotive,Through-barrier,None,machine-state,"Is it idle, loaded, or jammed?",Machine health
S178,LDC1612 inductive sensing,9,Industrial & Automotive,Through-barrier,None,magnetic-anomaly,Is there ferrous metal or a field distortion here?,Invisible worlds
S178,LDC1612 inductive sensing,9,Industrial & Automotive,Through-barrier,None,material-type,What material is this?,Materials & chemistry
S178,LDC1612 inductive sensing,9,Industrial & Automotive,Through-barrier,None,object-count,How many went past?,Objects & assets
S178,LDC1612 inductive sensing,9,Industrial & Automotive,Through-barrier,None,object-genuine,Is this authentic or counterfeit?,Objects & assets
S178,LDC1612 inductive sensing,9,Industrial & Automotive,Through-barrier,None,object-material,What is this made of?,Objects & assets
S178,LDC1612 inductive sensing,9,Industrial & Automotive,Through-barrier,None,object-present,Is the thing there?,Objects & assets
S178,LDC1612 inductive sensing,9,Industrial & Automotive,Through-barrier,None,rotation-speed,How fast is it turning?,Machine health
S178,LDC1612 inductive sensing,9,Industrial & Automotive,Through-barrier,None,structure-moved,Has this structure shifted or tilted since last time?,Navigation & space
S178,LDC1612 inductive sensing,9,Industrial & Automotive,Through-barrier,None,tamper-detected,Has someone interfered with it?,Objects & assets
S179,DFRobot Gravity mmWave presence radar,22,Presence & Occupancy,Standoff,Aggregate,breathing-rate,How fast are they breathing?,Body & health
S179,DFRobot Gravity mmWave presence radar,22,Presence & Occupancy,Standoff,Aggregate,entered-or-left,"Did they come in, or go out?",Human presence
S179,DFRobot Gravity mmWave presence radar,22,Presence & Occupancy,Standoff,Aggregate,intrusion,Has someone entered who shouldn't have?,Security & safety
S179,DFRobot Gravity mmWave presence radar,22,Presence & Occupancy,Standoff,Aggregate,no-movement-alarm,Has nobody moved for worryingly long?,Human presence
S179,DFRobot Gravity mmWave presence radar,22,Presence & Occupancy,Standoff,Aggregate,occupancy-duration,How long has this desk/room/seat been in use?,Human presence
S179,DFRobot Gravity mmWave presence radar,22,Presence & Occupancy,Standoff,Aggregate,person-asleep,"Are they asleep, and how well?",Human presence
S179,DFRobot Gravity mmWave presence radar,22,Presence & Occupancy,Standoff,Aggregate,person-fell,Did someone fall?,Human presence
S179,DFRobot Gravity mmWave presence radar,22,Presence & Occupancy,Standoff,Aggregate,routine-broken,Has this person's daily routine changed?,Human presence
S179,DFRobot Gravity mmWave presence radar,22,Presence & Occupancy,Standoff,Aggregate,sleep-stage-proxy,"What sleep stage is this, roughly?",Body & health
S179,DFRobot Gravity mmWave presence radar,22,Presence & Occupancy,Standoff,Aggregate,someone-present,Is anyone here?,Human presence
S179,DFRobot Gravity mmWave presence radar,22,Presence & Occupancy,Standoff,Aggregate,someone-still-present,"Is someone still here, sitting perfectly still?",Human presence
S179,DFRobot Gravity mmWave presence radar,22,Presence & Occupancy,Standoff,Aggregate,through-wall-motion,Is something moving on the other side of that wall?,Invisible worlds
S179,DFRobot Gravity mmWave presence radar,22,Presence & Occupancy,Standoff,Aggregate,where-in-room,Whereabouts in the room are they?,Human presence
S207,KX132 low-power accel,6,Motion & Vibration,Contact,None,am-i-level,"Is this level, and by how much is it off?",Navigation & space
S207,KX132 low-power accel,6,Motion & Vibration,Contact,None,bearing-failing,Is a bearing starting to fail?,Machine health
S207,KX132 low-power accel,6,Motion & Vibration,Contact,None,cycle-complete,Has the cycle finished?,Machine health
S207,KX132 low-power accel,6,Motion & Vibration,Contact,None,drift-from-baseline,Has this drifted from how it behaved when new?,Machine health
S207,KX132 low-power accel,6,Motion & Vibration,Contact,None,imbalance,Is it out of balance or misaligned?,Machine health
S207,KX132 low-power accel,6,Motion & Vibration,Contact,None,machine-running,Is it on?,Machine health
S207,KX132 low-power accel,6,Motion & Vibration,Contact,None,machine-state,"Is it idle, loaded, or jammed?",Machine health
S207,KX132 low-power accel,6,Motion & Vibration,Contact,None,object-dropped,"Was it dropped, and how hard?",Objects & assets
S207,KX132 low-power accel,6,Motion & Vibration,Contact,None,object-moved,Has it been moved or disturbed?,Objects & assets
S207,KX132 low-power accel,6,Motion & Vibration,Contact,None,person-fell,Did someone fall?,Human presence
S207,KX132 low-power accel,6,Motion & Vibration,Contact,None,rotation-speed,How fast is it turning?,Machine health
S207,KX132 low-power accel,6,Motion & Vibration,Contact,None,structure-moved,Has this structure shifted or tilted since last time?,Navigation & space
S207,KX132 low-power accel,6,Motion & Vibration,Contact,None,tamper-detected,Has someone interfered with it?,Objects & assets
S007,MLX90614 IR thermometer,8,Temperature,Standoff,Aggregate,bearing-failing,Is a bearing starting to fail?,Machine health
S007,MLX90614 IR thermometer,8,Temperature,Standoff,Aggregate,body-temp-trend,"Is body temperature drifting — fever, ovulation, heat stress?",Body & health
S007,MLX90614 IR thermometer,8,Temperature,Standoff,Aggregate,cooking-detected,Is someone cooking?,Air & environment
S007,MLX90614 IR thermometer,8,Temperature,Standoff,Aggregate,frost-tonight,Will there be frost tonight?,Weather & outdoors
S007,MLX90614 IR thermometer,8,Temperature,Standoff,Aggregate,livestock-wellbeing,Are the animals comfortable and behaving normally?,Plants & soil
S007,MLX90614 IR thermometer,8,Temperature,Standoff,Aggregate,machine-running,Is it on?,Machine health
S007,MLX90614 IR thermometer,8,Temperature,Standoff,Aggregate,object-temperature,How hot is that surface?,Objects & assets
S007,MLX90614 IR thermometer,8,Temperature,Standoff,Aggregate,overheating,Is something running hotter than it should?,Machine health
S007,MLX90614 IR thermometer,8,Temperature,Standoff,Aggregate,sky-clear,Is the sky clear or clouded?,Weather & outdoors
S007,MLX90614 IR thermometer,8,Temperature,Standoff,Aggregate,someone-present,Is anyone here?,Human presence
S007,MLX90614 IR thermometer,8,Temperature,Standoff,Aggregate,stove-left-on,Was the hob left on with nobody there?,Security & safety
S007,MLX90614 IR thermometer,8,Temperature,Standoff,Aggregate,water-hot-enough,Is the water at the right temperature?,Water
S075,BNO086 high-perf fusion IMU,22,Motion & Vibration,Contact,None,am-i-level,"Is this level, and by how much is it off?",Navigation & space
S075,BNO086 high-perf fusion IMU,22,Motion & Vibration,Contact,None,gait-quality,How is this person walking?,Body & health
S075,BNO086 high-perf fusion IMU,22,Motion & Vibration,Contact,None,how-far-travelled,How far have I gone?,Navigation & space
S075,BNO086 high-perf fusion IMU,22,Motion & Vibration,Contact,None,joint-angle,"What angle is this joint at, through its range?",Body & health
S075,BNO086 high-perf fusion IMU,22,Motion & Vibration,Contact,None,object-dropped,"Was it dropped, and how hard?",Objects & assets
S075,BNO086 high-perf fusion IMU,22,Motion & Vibration,Contact,None,object-moved,Has it been moved or disturbed?,Objects & assets
S075,BNO086 high-perf fusion IMU,22,Motion & Vibration,Contact,None,posture,What posture is this body in?,Body & health
S075,BNO086 high-perf fusion IMU,22,Motion & Vibration,Contact,None,returned-to-spot,Am I back at the exact same place?,Navigation & space
S075,BNO086 high-perf fusion IMU,22,Motion & Vibration,Contact,None,step-count,How much have they moved today?,Body & health
S075,BNO086 high-perf fusion IMU,22,Motion & Vibration,Contact,None,structure-moved,Has this structure shifted or tilted since last time?,Navigation & space
S075,BNO086 high-perf fusion IMU,22,Motion & Vibration,Contact,None,tremor-present,"Is there a tremor, and at what frequency?",Body & health
S075,BNO086 high-perf fusion IMU,22,Motion & Vibration,Contact,None,which-way-facing,Which way am I pointing?,Navigation & space
S076,ADXL345 accelerometer,3,Motion & Vibration,Contact,None,am-i-level,"Is this level, and by how much is it off?",Navigation & space
S076,ADXL345 accelerometer,3,Motion & Vibration,Contact,None,bearing-failing,Is a bearing starting to fail?,Machine health
S076,ADXL345 accelerometer,3,Motion & Vibration,Contact,None,door-state,Is it open or closed?,Objects & assets
S076,ADXL345 accelerometer,3,Motion & Vibration,Contact,None,drift-from-baseline,Has this drifted from how it behaved when new?,Machine health
S076,ADXL345 accelerometer,3,Motion & Vibration,Contact,None,imbalance,Is it out of balance or misaligned?,Machine health
S076,ADXL345 accelerometer,3,Motion & Vibration,Contact,None,intrusion,Has someone entered who shouldn't have?,Security & safety
S076,ADXL345 accelerometer,3,Motion & Vibration,Contact,None,machine-duty-cycle,How much is this machine actually used?,Machine health
S076,ADXL345 accelerometer,3,Motion & Vibration,Contact,None,machine-running,Is it on?,Machine health
S076,ADXL345 accelerometer,3,Motion & Vibration,Contact,None,object-dropped,"Was it dropped, and how hard?",Objects & assets
S076,ADXL345 accelerometer,3,Motion & Vibration,Contact,None,object-moved,Has it been moved or disturbed?,Objects & assets
S076,ADXL345 accelerometer,3,Motion & Vibration,Contact,None,step-count,How much have they moved today?,Body & health
S076,ADXL345 accelerometer,3,Motion & Vibration,Contact,None,tamper-detected,Has someone interfered with it?,Objects & assets
S185,Weight-in-motion: piezo cable,15,Motion & Vibration,Contact,Aggregate,crossed-boundary,Did something cross this line?,Human presence
S185,Weight-in-motion: piezo cable,15,Motion & Vibration,Contact,Aggregate,entered-or-left,"Did they come in, or go out?",Human presence
S185,Weight-in-motion: piezo cable,15,Motion & Vibration,Contact,Aggregate,gait-quality,How is this person walking?,Body & health
S185,Weight-in-motion: piezo cable,15,Motion & Vibration,Contact,Aggregate,intrusion,Has someone entered who shouldn't have?,Security & safety
S185,Weight-in-motion: piezo cable,15,Motion & Vibration,Contact,Aggregate,machine-duty-cycle,How much is this machine actually used?,Machine health
S185,Weight-in-motion: piezo cable,15,Motion & Vibration,Contact,Aggregate,object-count,How many went past?,Objects & assets
S185,Weight-in-motion: piezo cable,15,Motion & Vibration,Contact,Aggregate,perimeter-crossed,"Was the boundary crossed, and where along it?",Security & safety
S185,Weight-in-motion: piezo cable,15,Motion & Vibration,Contact,Aggregate,queue-length,"How many are waiting, and for how long?",Human presence
S185,Weight-in-motion: piezo cable,15,Motion & Vibration,Contact,Aggregate,someone-present,Is anyone here?,Human presence
S185,Weight-in-motion: piezo cable,15,Motion & Vibration,Contact,Aggregate,step-count,How much have they moved today?,Body & health
S185,Weight-in-motion: piezo cable,15,Motion & Vibration,Contact,Aggregate,vehicle-approaching,Is a vehicle arriving?,Security & safety
S185,Weight-in-motion: piezo cable,15,Motion & Vibration,Contact,Aggregate,vehicle-speed,How fast are vehicles going past?,Security & safety
S205,BMI270 wearable IMU,8,Motion & Vibration,Contact,Aggregate,am-i-level,"Is this level, and by how much is it off?",Navigation & space
S205,BMI270 wearable IMU,8,Motion & Vibration,Contact,Aggregate,gait-quality,How is this person walking?,Body & health
S205,BMI270 wearable IMU,8,Motion & Vibration,Contact,Aggregate,how-fast-moving,How fast am I moving?,Navigation & space
S205,BMI270 wearable IMU,8,Motion & Vibration,Contact,Aggregate,machine-running,Is it on?,Machine health
S205,BMI270 wearable IMU,8,Motion & Vibration,Contact,Aggregate,object-dropped,"Was it dropped, and how hard?",Objects & assets
S205,BMI270 wearable IMU,8,Motion & Vibration,Contact,Aggregate,object-moved,Has it been moved or disturbed?,Objects & assets
S205,BMI270 wearable IMU,8,Motion & Vibration,Contact,Aggregate,person-fell,Did someone fall?,Human presence
S205,BMI270 wearable IMU,8,Motion & Vibration,Contact,Aggregate,posture,What posture is this body in?,Body & health
S205,BMI270 wearable IMU,8,Motion & Vibration,Contact,Aggregate,sleep-stage-proxy,"What sleep stage is this, roughly?",Body & health
S205,BMI270 wearable IMU,8,Motion & Vibration,Contact,Aggregate,step-count,How much have they moved today?,Body & health
S205,BMI270 wearable IMU,8,Motion & Vibration,Contact,Aggregate,tamper-detected,Has someone interfered with it?,Objects & assets
S205,BMI270 wearable IMU,8,Motion & Vibration,Contact,Aggregate,tremor-present,"Is there a tremor, and at what frequency?",Body & health
S206,MPU-9250 9-axis (legacy),8,Motion & Vibration,Contact,None,am-i-level,"Is this level, and by how much is it off?",Navigation & space
S206,MPU-9250 9-axis (legacy),8,Motion & Vibration,Contact,None,how-fast-moving,How fast am I moving?,Navigation & space
S206,MPU-9250 9-axis (legacy),8,Motion & Vibration,Contact,None,machine-running,Is it on?,Machine health
S206,MPU-9250 9-axis (legacy),8,Motion & Vibration,Contact,None,magnetic-anomaly,Is there ferrous metal or a field distortion here?,Invisible worlds
S206,MPU-9250 9-axis (legacy),8,Motion & Vibration,Contact,None,object-dropped,"Was it dropped, and how hard?",Objects & assets
S206,MPU-9250 9-axis (legacy),8,Motion & Vibration,Contact,None,object-moved,Has it been moved or disturbed?,Objects & assets
S206,MPU-9250 9-axis (legacy),8,Motion & Vibration,Contact,None,posture,What posture is this body in?,Body & health
S206,MPU-9250 9-axis (legacy),8,Motion & Vibration,Contact,None,returned-to-spot,Am I back at the exact same place?,Navigation & space
S206,MPU-9250 9-axis (legacy),8,Motion & Vibration,Contact,None,step-count,How much have they moved today?,Body & health
S206,MPU-9250 9-axis (legacy),8,Motion & Vibration,Contact,None,structure-moved,Has this structure shifted or tilted since last time?,Navigation & space
S206,MPU-9250 9-axis (legacy),8,Motion & Vibration,Contact,None,tremor-present,"Is there a tremor, and at what frequency?",Body & health
S206,MPU-9250 9-axis (legacy),8,Motion & Vibration,Contact,None,which-way-facing,Which way am I pointing?,Navigation & space
S212,INA3221 triple-channel power,4,Power & Electrical,Contact,None,abnormal-current,Is it drawing an abnormal amount of power?,Machine health
S212,INA3221 triple-channel power,4,Power & Electrical,Contact,None,battery-charge,How much charge is left?,Energy
S212,INA3221 triple-channel power,4,Power & Electrical,Contact,None,battery-health,Is this battery degrading?,Energy
S212,INA3221 triple-channel power,4,Power & Electrical,Contact,None,device-left-on,Did someone leave it switched on?,Energy
S212,INA3221 triple-channel power,4,Power & Electrical,Contact,None,drift-from-baseline,Has this drifted from how it behaved when new?,Machine health
S212,INA3221 triple-channel power,4,Power & Electrical,Contact,None,energy-budget-node,Will this node survive on its battery until spring?,Energy
S212,INA3221 triple-channel power,4,Power & Electrical,Contact,None,machine-running,Is it on?,Machine health
S212,INA3221 triple-channel power,4,Power & Electrical,Contact,None,machine-state,"Is it idle, loaded, or jammed?",Machine health
S212,INA3221 triple-channel power,4,Power & Electrical,Contact,None,phantom-load,What is draining power while doing nothing?,Energy
S212,INA3221 triple-channel power,4,Power & Electrical,Contact,None,power-now,How much power is being used right now?,Energy
S212,INA3221 triple-channel power,4,Power & Electrical,Contact,None,solar-performance,Is the solar array performing as it should?,Energy
S212,INA3221 triple-channel power,4,Power & Electrical,Contact,None,which-appliance,Which appliance just turned on?,Energy
S215,Draw-wire (string pot) sensor,15,Position & Rotation,Contact,None,container-fullness,How full is it?,Objects & assets
S215,Draw-wire (string pot) sensor,15,Position & Rotation,Contact,None,cycle-complete,Has the cycle finished?,Machine health
S215,Draw-wire (string pot) sensor,15,Position & Rotation,Contact,None,door-state,Is it open or closed?,Objects & assets
S215,Draw-wire (string pot) sensor,15,Position & Rotation,Contact,None,growth-rate,How fast is it growing?,Plants & soil
S215,Draw-wire (string pot) sensor,15,Position & Rotation,Contact,None,how-far-travelled,How far have I gone?,Navigation & space
S215,Draw-wire (string pot) sensor,15,Position & Rotation,Contact,None,joint-angle,"What angle is this joint at, through its range?",Body & health
S215,Draw-wire (string pot) sensor,15,Position & Rotation,Contact,None,machine-state,"Is it idle, loaded, or jammed?",Machine health
S215,Draw-wire (string pot) sensor,15,Position & Rotation,Contact,None,object-moved,Has it been moved or disturbed?,Objects & assets
S215,Draw-wire (string pot) sensor,15,Position & Rotation,Contact,None,returned-to-spot,Am I back at the exact same place?,Navigation & space
S215,Draw-wire (string pot) sensor,15,Position & Rotation,Contact,None,snow-depth,How deep is the snow?,Weather & outdoors
S215,Draw-wire (string pot) sensor,15,Position & Rotation,Contact,None,structure-moved,Has this structure shifted or tilted since last time?,Navigation & space
S215,Draw-wire (string pot) sensor,15,Position & Rotation,Contact,None,tank-level,How much is in the tank?,Water
S079,ICM-20948 9-axis IMU,15,Motion & Vibration,Contact,None,am-i-level,"Is this level, and by how much is it off?",Navigation & space
S079,ICM-20948 9-axis IMU,15,Motion & Vibration,Contact,None,gait-quality,How is this person walking?,Body & health
S079,ICM-20948 9-axis IMU,15,Motion & Vibration,Contact,None,how-fast-moving,How fast am I moving?,Navigation & space
S079,ICM-20948 9-axis IMU,15,Motion & Vibration,Contact,None,joint-angle,"What angle is this joint at, through its range?",Body & health
S079,ICM-20948 9-axis IMU,15,Motion & Vibration,Contact,None,magnetic-anomaly,Is there ferrous metal or a field distortion here?,Invisible worlds
S079,ICM-20948 9-axis IMU,15,Motion & Vibration,Contact,None,object-moved,Has it been moved or disturbed?,Objects & assets
S079,ICM-20948 9-axis IMU,15,Motion & Vibration,Contact,None,posture,What posture is this body in?,Body & health
S079,ICM-20948 9-axis IMU,15,Motion & Vibration,Contact,None,returned-to-spot,Am I back at the exact same place?,Navigation & space
S079,ICM-20948 9-axis IMU,15,Motion & Vibration,Contact,None,step-count,How much have they moved today?,Body & health
S079,ICM-20948 9-axis IMU,15,Motion & Vibration,Contact,None,structure-moved,Has this structure shifted or tilted since last time?,Navigation & space
S079,ICM-20948 9-axis IMU,15,Motion & Vibration,Contact,None,which-way-facing,Which way am I pointing?,Navigation & space
S084,A3144 / SS49E Hall switches,0.4,Magnetic & Compass,Through-barrier,None,abnormal-current,Is it drawing an abnormal amount of power?,Machine health
S084,A3144 / SS49E Hall switches,0.4,Magnetic & Compass,Through-barrier,None,cycle-complete,Has the cycle finished?,Machine health
S084,A3144 / SS49E Hall switches,0.4,Magnetic & Compass,Through-barrier,None,door-state,Is it open or closed?,Objects & assets
S084,A3144 / SS49E Hall switches,0.4,Magnetic & Compass,Through-barrier,None,flow-rate,How fast is water flowing?,Water
S084,A3144 / SS49E Hall switches,0.4,Magnetic & Compass,Through-barrier,None,machine-running,Is it on?,Machine health
S084,A3144 / SS49E Hall switches,0.4,Magnetic & Compass,Through-barrier,None,object-count,How many went past?,Objects & assets
S084,A3144 / SS49E Hall switches,0.4,Magnetic & Compass,Through-barrier,None,object-present,Is the thing there?,Objects & assets
S084,A3144 / SS49E Hall switches,0.4,Magnetic & Compass,Through-barrier,None,rotation-speed,How fast is it turning?,Machine health
S084,A3144 / SS49E Hall switches,0.4,Magnetic & Compass,Through-barrier,None,tamper-detected,Has someone interfered with it?,Objects & assets
S084,A3144 / SS49E Hall switches,0.4,Magnetic & Compass,Through-barrier,None,water-used-total,"How much water was used, by whom, and when?",Water
S084,A3144 / SS49E Hall switches,0.4,Magnetic & Compass,Through-barrier,None,wind-conditions,"How windy is it, and from where?",Weather & outdoors
S086,MLX90393 wide-range 3D mag,8,Magnetic & Compass,Through-barrier,None,abnormal-current,Is it drawing an abnormal amount of power?,Machine health
S086,MLX90393 wide-range 3D mag,8,Magnetic & Compass,Through-barrier,None,door-state,Is it open or closed?,Objects & assets
S086,MLX90393 wide-range 3D mag,8,Magnetic & Compass,Through-barrier,None,hidden-wiring,Where is the wiring or metal inside this wall?,Invisible worlds
S086,MLX90393 wide-range 3D mag,8,Magnetic & Compass,Through-barrier,None,machine-state,"Is it idle, loaded, or jammed?",Machine health
S086,MLX90393 wide-range 3D mag,8,Magnetic & Compass,Through-barrier,None,magnetic-anomaly,Is there ferrous metal or a field distortion here?,Invisible worlds
S086,MLX90393 wide-range 3D mag,8,Magnetic & Compass,Through-barrier,None,object-moved,Has it been moved or disturbed?,Objects & assets
S086,MLX90393 wide-range 3D mag,8,Magnetic & Compass,Through-barrier,None,object-present,Is the thing there?,Objects & assets
S086,MLX90393 wide-range 3D mag,8,Magnetic & Compass,Through-barrier,None,rotation-speed,How fast is it turning?,Machine health
S086,MLX90393 wide-range 3D mag,8,Magnetic & Compass,Through-barrier,None,tamper-detected,Has someone interfered with it?,Objects & assets
S086,MLX90393 wide-range 3D mag,8,Magnetic & Compass,Through-barrier,None,tank-level,How much is in the tank?,Water
S086,MLX90393 wide-range 3D mag,8,Magnetic & Compass,Through-barrier,None,which-way-facing,Which way am I pointing?,Navigation & space
S088,ICS-43434 I2S mic,5,Sound & Audio,Standoff,Raw-imagery,air-leak,"Is compressed air leaking, and where?",Machine health
S088,ICS-43434 I2S mic,5,Sound & Audio,Standoff,Raw-imagery,bearing-failing,Is a bearing starting to fail?,Machine health
S088,ICS-43434 I2S mic,5,Sound & Audio,Standoff,Raw-imagery,cooking-detected,Is someone cooking?,Air & environment
S088,ICS-43434 I2S mic,5,Sound & Audio,Standoff,Raw-imagery,drift-from-baseline,Has this drifted from how it behaved when new?,Machine health
S088,ICS-43434 I2S mic,5,Sound & Audio,Standoff,Raw-imagery,glass-broken,Did glass break?,Security & safety
S088,ICS-43434 I2S mic,5,Sound & Audio,Standoff,Raw-imagery,intrusion,Has someone entered who shouldn't have?,Security & safety
S088,ICS-43434 I2S mic,5,Sound & Audio,Standoff,Raw-imagery,machine-running,Is it on?,Machine health
S088,ICS-43434 I2S mic,5,Sound & Audio,Standoff,Raw-imagery,person-asleep,"Are they asleep, and how well?",Human presence
S088,ICS-43434 I2S mic,5,Sound & Audio,Standoff,Raw-imagery,someone-present,Is anyone here?,Human presence
S088,ICS-43434 I2S mic,5,Sound & Audio,Standoff,Raw-imagery,unusual-sound,Did something sound wrong?,Security & safety
S088,ICS-43434 I2S mic,5,Sound & Audio,Standoff,Raw-imagery,which-appliance,Which appliance just turned on?,Energy
S096,Geophone SM-24,30,Motion & Vibration,Immersed,Aggregate,crossed-boundary,Did something cross this line?,Human presence
S096,Geophone SM-24,30,Motion & Vibration,Immersed,Aggregate,drift-from-baseline,Has this drifted from how it behaved when new?,Machine health
S096,Geophone SM-24,30,Motion & Vibration,Immersed,Aggregate,intrusion,Has someone entered who shouldn't have?,Security & safety
S096,Geophone SM-24,30,Motion & Vibration,Immersed,Aggregate,machine-running,Is it on?,Machine health
S096,Geophone SM-24,30,Motion & Vibration,Immersed,Aggregate,object-count,How many went past?,Objects & assets
S096,Geophone SM-24,30,Motion & Vibration,Immersed,Aggregate,perimeter-crossed,"Was the boundary crossed, and where along it?",Security & safety
S096,Geophone SM-24,30,Motion & Vibration,Immersed,Aggregate,someone-present,Is anyone here?,Human presence
S096,Geophone SM-24,30,Motion & Vibration,Immersed,Aggregate,structure-moved,Has this structure shifted or tilted since last time?,Navigation & space
S096,Geophone SM-24,30,Motion & Vibration,Immersed,Aggregate,unusual-sound,Did something sound wrong?,Security & safety
S096,Geophone SM-24,30,Motion & Vibration,Immersed,Aggregate,vehicle-approaching,Is a vehicle arriving?,Security & safety
S096,Geophone SM-24,30,Motion & Vibration,Immersed,Aggregate,vehicle-speed,How fast are vehicles going past?,Security & safety
S100,Velostat pressure sheets,5,Force & Weight,Contact,Aggregate,crossed-boundary,Did something cross this line?,Human presence
S100,Velostat pressure sheets,5,Force & Weight,Contact,Aggregate,gait-quality,How is this person walking?,Body & health
S100,Velostat pressure sheets,5,Force & Weight,Contact,Aggregate,no-movement-alarm,Has nobody moved for worryingly long?,Human presence
S100,Velostat pressure sheets,5,Force & Weight,Contact,Aggregate,object-present,Is the thing there?,Objects & assets
S100,Velostat pressure sheets,5,Force & Weight,Contact,Aggregate,occupancy-duration,How long has this desk/room/seat been in use?,Human presence
S100,Velostat pressure sheets,5,Force & Weight,Contact,Aggregate,person-fell,Did someone fall?,Human presence
S100,Velostat pressure sheets,5,Force & Weight,Contact,Aggregate,posture,What posture is this body in?,Body & health
S100,Velostat pressure sheets,5,Force & Weight,Contact,Aggregate,sleep-stage-proxy,"What sleep stage is this, roughly?",Body & health
S100,Velostat pressure sheets,5,Force & Weight,Contact,Aggregate,someone-present,Is anyone here?,Human presence
S100,Velostat pressure sheets,5,Force & Weight,Contact,Aggregate,step-count,How much have they moved today?,Body & health
S100,Velostat pressure sheets,5,Force & Weight,Contact,Aggregate,where-in-room,Whereabouts in the room are they?,Human presence
S168,HuskyLens AI camera,45,Cameras & Vision,Standoff,Identifiable,colour-match,Does this colour match the reference?,Materials & chemistry
S168,HuskyLens AI camera,45,Cameras & Vision,Standoff,Identifiable,crossed-boundary,Did something cross this line?,Human presence
S168,HuskyLens AI camera,45,Cameras & Vision,Standoff,Identifiable,entered-or-left,"Did they come in, or go out?",Human presence
S168,HuskyLens AI camera,45,Cameras & Vision,Standoff,Identifiable,how-many-people,How many people are in this space?,Human presence
S168,HuskyLens AI camera,45,Cameras & Vision,Standoff,Identifiable,object-count,How many went past?,Objects & assets
S168,HuskyLens AI camera,45,Cameras & Vision,Standoff,Identifiable,object-genuine,Is this authentic or counterfeit?,Objects & assets
S168,HuskyLens AI camera,45,Cameras & Vision,Standoff,Identifiable,object-identity,Which specific object is this?,Objects & assets
S168,HuskyLens AI camera,45,Cameras & Vision,Standoff,Identifiable,object-present,Is the thing there?,Objects & assets
S168,HuskyLens AI camera,45,Cameras & Vision,Standoff,Identifiable,obstacle-ahead,Is there something in the way?,Navigation & space
S168,HuskyLens AI camera,45,Cameras & Vision,Standoff,Identifiable,someone-present,Is anyone here?,Human presence
S168,HuskyLens AI camera,45,Cameras & Vision,Standoff,Identifiable,who-is-it,Which specific person is this?,Human presence
S181,Time-of-flight gesture radar 60GHz,110,Presence & Occupancy,Standoff,Aggregate,breathing-rate,How fast are they breathing?,Body & health
S181,Time-of-flight gesture radar 60GHz,110,Presence & Occupancy,Standoff,Aggregate,heart-rate,What is the heart rate?,Body & health
S181,Time-of-flight gesture radar 60GHz,110,Presence & Occupancy,Standoff,Aggregate,how-fast-moving,How fast am I moving?,Navigation & space
S181,Time-of-flight gesture radar 60GHz,110,Presence & Occupancy,Standoff,Aggregate,how-many-people,How many people are in this space?,Human presence
S181,Time-of-flight gesture radar 60GHz,110,Presence & Occupancy,Standoff,Aggregate,map-surroundings,What is the shape of the space around me?,Navigation & space
S181,Time-of-flight gesture radar 60GHz,110,Presence & Occupancy,Standoff,Aggregate,obstacle-ahead,Is there something in the way?,Navigation & space
S181,Time-of-flight gesture radar 60GHz,110,Presence & Occupancy,Standoff,Aggregate,person-fell,Did someone fall?,Human presence
S181,Time-of-flight gesture radar 60GHz,110,Presence & Occupancy,Standoff,Aggregate,someone-present,Is anyone here?,Human presence
S181,Time-of-flight gesture radar 60GHz,110,Presence & Occupancy,Standoff,Aggregate,someone-still-present,"Is someone still here, sitting perfectly still?",Human presence
S181,Time-of-flight gesture radar 60GHz,110,Presence & Occupancy,Standoff,Aggregate,tremor-present,"Is there a tremor, and at what frequency?",Body & health
S181,Time-of-flight gesture radar 60GHz,110,Presence & Occupancy,Standoff,Aggregate,where-in-room,Whereabouts in the room are they?,Human presence
S210,DS18B20 water temp + flow combo,10,Water & Liquid,Immersed,Aggregate,cycle-complete,Has the cycle finished?,Machine health
S210,DS18B20 water temp + flow combo,10,Water & Liquid,Immersed,Aggregate,energy-cost,What did that actually cost to run?,Energy
S210,DS18B20 water temp + flow combo,10,Water & Liquid,Immersed,Aggregate,filter-clogged,Is the filter blocked?,Machine health
S210,DS18B20 water temp + flow combo,10,Water & Liquid,Immersed,Aggregate,flow-rate,How fast is water flowing?,Water
S210,DS18B20 water temp + flow combo,10,Water & Liquid,Immersed,Aggregate,machine-running,Is it on?,Machine health
S210,DS18B20 water temp + flow combo,10,Water & Liquid,Immersed,Aggregate,pump-dry,Is the pump about to run dry?,Water
S210,DS18B20 water temp + flow combo,10,Water & Liquid,Immersed,Aggregate,solar-performance,Is the solar array performing as it should?,Energy
S210,DS18B20 water temp + flow combo,10,Water & Liquid,Immersed,Aggregate,thermal-energy-moved,How much heat did this water actually carry?,Water
S210,DS18B20 water temp + flow combo,10,Water & Liquid,Immersed,Aggregate,water-hot-enough,Is the water at the right temperature?,Water
S210,DS18B20 water temp + flow combo,10,Water & Liquid,Immersed,Aggregate,water-used-total,"How much water was used, by whom, and when?",Water
S210,DS18B20 water temp + flow combo,10,Water & Liquid,Immersed,Aggregate,which-appliance,Which appliance just turned on?,Energy
S001,DS18B20 digital temp probe,2.5,Temperature,Contact,None,compost-active,Is the compost heating properly — or dangerously?,Plants & soil
S001,DS18B20 digital temp probe,2.5,Temperature,Contact,None,drift-from-baseline,Has this drifted from how it behaved when new?,Machine health
S001,DS18B20 digital temp probe,2.5,Temperature,Contact,None,food-fresh,Is this food still good?,Materials & chemistry
S001,DS18B20 digital temp probe,2.5,Temperature,Contact,None,frost-tonight,Will there be frost tonight?,Weather & outdoors
S001,DS18B20 digital temp probe,2.5,Temperature,Contact,None,machine-running,Is it on?,Machine health
S001,DS18B20 digital temp probe,2.5,Temperature,Contact,None,object-temperature,How hot is that surface?,Objects & assets
S001,DS18B20 digital temp probe,2.5,Temperature,Contact,None,overheating,Is something running hotter than it should?,Machine health
S001,DS18B20 digital temp probe,2.5,Temperature,Contact,None,soil-ready-to-plant,Is the soil warm enough to sow?,Plants & soil
S001,DS18B20 digital temp probe,2.5,Temperature,Contact,None,thermal-energy-moved,How much heat did this water actually carry?,Water
S001,DS18B20 digital temp probe,2.5,Temperature,Contact,None,water-hot-enough,Is the water at the right temperature?,Water
S062,RPLIDAR / LD19 scanning LiDAR,40,Distance & Ranging,Standoff,Aggregate,crossed-boundary,Did something cross this line?,Human presence
S062,RPLIDAR / LD19 scanning LiDAR,40,Distance & Ranging,Standoff,Aggregate,how-many-people,How many people are in this space?,Human presence
S062,RPLIDAR / LD19 scanning LiDAR,40,Distance & Ranging,Standoff,Aggregate,intrusion,Has someone entered who shouldn't have?,Security & safety
S062,RPLIDAR / LD19 scanning LiDAR,40,Distance & Ranging,Standoff,Aggregate,map-surroundings,What is the shape of the space around me?,Navigation & space
S062,RPLIDAR / LD19 scanning LiDAR,40,Distance & Ranging,Standoff,Aggregate,object-count,How many went past?,Objects & assets
S062,RPLIDAR / LD19 scanning LiDAR,40,Distance & Ranging,Standoff,Aggregate,obstacle-ahead,Is there something in the way?,Navigation & space
S062,RPLIDAR / LD19 scanning LiDAR,40,Distance & Ranging,Standoff,Aggregate,perimeter-crossed,"Was the boundary crossed, and where along it?",Security & safety
S062,RPLIDAR / LD19 scanning LiDAR,40,Distance & Ranging,Standoff,Aggregate,returned-to-spot,Am I back at the exact same place?,Navigation & space
S062,RPLIDAR / LD19 scanning LiDAR,40,Distance & Ranging,Standoff,Aggregate,someone-present,Is anyone here?,Human presence
S062,RPLIDAR / LD19 scanning LiDAR,40,Distance & Ranging,Standoff,Aggregate,where-in-room,Whereabouts in the room are they?,Human presence
S068,LD2450 multi-target tracking radar,12,Presence & Occupancy,Standoff,Aggregate,crossed-boundary,Did something cross this line?,Human presence
S068,LD2450 multi-target tracking radar,12,Presence & Occupancy,Standoff,Aggregate,entered-or-left,"Did they come in, or go out?",Human presence
S068,LD2450 multi-target tracking radar,12,Presence & Occupancy,Standoff,Aggregate,how-fast-moving,How fast am I moving?,Navigation & space
S068,LD2450 multi-target tracking radar,12,Presence & Occupancy,Standoff,Aggregate,how-many-people,How many people are in this space?,Human presence
S068,LD2450 multi-target tracking radar,12,Presence & Occupancy,Standoff,Aggregate,intrusion,Has someone entered who shouldn't have?,Security & safety
S068,LD2450 multi-target tracking radar,12,Presence & Occupancy,Standoff,Aggregate,occupancy-duration,How long has this desk/room/seat been in use?,Human presence
S068,LD2450 multi-target tracking radar,12,Presence & Occupancy,Standoff,Aggregate,perimeter-crossed,"Was the boundary crossed, and where along it?",Security & safety
S068,LD2450 multi-target tracking radar,12,Presence & Occupancy,Standoff,Aggregate,queue-length,"How many are waiting, and for how long?",Human presence
S068,LD2450 multi-target tracking radar,12,Presence & Occupancy,Standoff,Aggregate,someone-present,Is anyone here?,Human presence
S068,LD2450 multi-target tracking radar,12,Presence & Occupancy,Standoff,Aggregate,where-in-room,Whereabouts in the room are they?,Human presence
S069,Seeed MR60BHA2 vital-sign radar,25,Presence & Occupancy,Standoff,Aggregate,breathing-rate,How fast are they breathing?,Body & health
S069,Seeed MR60BHA2 vital-sign radar,25,Presence & Occupancy,Standoff,Aggregate,breathing-stopped,Has breathing become irregular or stopped?,Body & health
S069,Seeed MR60BHA2 vital-sign radar,25,Presence & Occupancy,Standoff,Aggregate,heart-rate,What is the heart rate?,Body & health
S069,Seeed MR60BHA2 vital-sign radar,25,Presence & Occupancy,Standoff,Aggregate,no-movement-alarm,Has nobody moved for worryingly long?,Human presence
S069,Seeed MR60BHA2 vital-sign radar,25,Presence & Occupancy,Standoff,Aggregate,occupancy-duration,How long has this desk/room/seat been in use?,Human presence
S069,Seeed MR60BHA2 vital-sign radar,25,Presence & Occupancy,Standoff,Aggregate,person-asleep,"Are they asleep, and how well?",Human presence
S069,Seeed MR60BHA2 vital-sign radar,25,Presence & Occupancy,Standoff,Aggregate,person-fell,Did someone fall?,Human presence
S069,Seeed MR60BHA2 vital-sign radar,25,Presence & Occupancy,Standoff,Aggregate,sleep-stage-proxy,"What sleep stage is this, roughly?",Body & health
S069,Seeed MR60BHA2 vital-sign radar,25,Presence & Occupancy,Standoff,Aggregate,someone-present,Is anyone here?,Human presence
S069,Seeed MR60BHA2 vital-sign radar,25,Presence & Occupancy,Standoff,Aggregate,someone-still-present,"Is someone still here, sitting perfectly still?",Human presence
S071,Grid-EYE AMG8833 thermal array,35,Presence & Occupancy,Standoff,Aggregate,entered-or-left,"Did they come in, or go out?",Human presence
S071,Grid-EYE AMG8833 thermal array,35,Presence & Occupancy,Standoff,Aggregate,how-many-people,How many people are in this space?,Human presence
S071,Grid-EYE AMG8833 thermal array,35,Presence & Occupancy,Standoff,Aggregate,machine-running,Is it on?,Machine health
S071,Grid-EYE AMG8833 thermal array,35,Presence & Occupancy,Standoff,Aggregate,object-temperature,How hot is that surface?,Objects & assets
S071,Grid-EYE AMG8833 thermal array,35,Presence & Occupancy,Standoff,Aggregate,overheating,Is something running hotter than it should?,Machine health
S071,Grid-EYE AMG8833 thermal array,35,Presence & Occupancy,Standoff,Aggregate,person-fell,Did someone fall?,Human presence
S071,Grid-EYE AMG8833 thermal array,35,Presence & Occupancy,Standoff,Aggregate,someone-present,Is anyone here?,Human presence
S071,Grid-EYE AMG8833 thermal array,35,Presence & Occupancy,Standoff,Aggregate,someone-still-present,"Is someone still here, sitting perfectly still?",Human presence
S071,Grid-EYE AMG8833 thermal array,35,Presence & Occupancy,Standoff,Aggregate,stove-left-on,Was the hob left on with nobody there?,Security & safety
S071,Grid-EYE AMG8833 thermal array,35,Presence & Occupancy,Standoff,Aggregate,where-in-room,Whereabouts in the room are they?,Human presence
S074,BNO055 fusion IMU,25,Motion & Vibration,Contact,None,am-i-level,"Is this level, and by how much is it off?",Navigation & space
S074,BNO055 fusion IMU,25,Motion & Vibration,Contact,None,gait-quality,How is this person walking?,Body & health
S074,BNO055 fusion IMU,25,Motion & Vibration,Contact,None,how-fast-moving,How fast am I moving?,Navigation & space
S074,BNO055 fusion IMU,25,Motion & Vibration,Contact,None,joint-angle,"What angle is this joint at, through its range?",Body & health
S074,BNO055 fusion IMU,25,Motion & Vibration,Contact,None,object-moved,Has it been moved or disturbed?,Objects & assets
S074,BNO055 fusion IMU,25,Motion & Vibration,Contact,None,posture,What posture is this body in?,Body & health
S074,BNO055 fusion IMU,25,Motion & Vibration,Contact,None,returned-to-spot,Am I back at the exact same place?,Navigation & space
S074,BNO055 fusion IMU,25,Motion & Vibration,Contact,None,structure-moved,Has this structure shifted or tilted since last time?,Navigation & space
S074,BNO055 fusion IMU,25,Motion & Vibration,Contact,None,tremor-present,"Is there a tremor, and at what frequency?",Body & health
S074,BNO055 fusion IMU,25,Motion & Vibration,Contact,None,which-way-facing,Which way am I pointing?,Navigation & space
S077,ADXL355 low-noise accel,38,Motion & Vibration,Contact,Aggregate,am-i-level,"Is this level, and by how much is it off?",Navigation & space
S077,ADXL355 low-noise accel,38,Motion & Vibration,Contact,Aggregate,bearing-failing,Is a bearing starting to fail?,Machine health
S077,ADXL355 low-noise accel,38,Motion & Vibration,Contact,Aggregate,crossed-boundary,Did something cross this line?,Human presence
S077,ADXL355 low-noise accel,38,Motion & Vibration,Contact,Aggregate,drift-from-baseline,Has this drifted from how it behaved when new?,Machine health
S077,ADXL355 low-noise accel,38,Motion & Vibration,Contact,Aggregate,imbalance,Is it out of balance or misaligned?,Machine health
S077,ADXL355 low-noise accel,38,Motion & Vibration,Contact,Aggregate,machine-state,"Is it idle, loaded, or jammed?",Machine health
S077,ADXL355 low-noise accel,38,Motion & Vibration,Contact,Aggregate,object-moved,Has it been moved or disturbed?,Objects & assets
S077,ADXL355 low-noise accel,38,Motion & Vibration,Contact,Aggregate,someone-present,Is anyone here?,Human presence
S077,ADXL355 low-noise accel,38,Motion & Vibration,Contact,Aggregate,structure-moved,Has this structure shifted or tilted since last time?,Navigation & space
S077,ADXL355 low-noise accel,38,Motion & Vibration,Contact,Aggregate,vehicle-approaching,Is a vehicle arriving?,Security & safety
S078,LIS3DH budget accel,3,Motion & Vibration,Contact,None,am-i-level,"Is this level, and by how much is it off?",Navigation & space
S078,LIS3DH budget accel,3,Motion & Vibration,Contact,None,door-state,Is it open or closed?,Objects & assets
S078,LIS3DH budget accel,3,Motion & Vibration,Contact,None,drift-from-baseline,Has this drifted from how it behaved when new?,Machine health
S078,LIS3DH budget accel,3,Motion & Vibration,Contact,None,intrusion,Has someone entered who shouldn't have?,Security & safety
S078,LIS3DH budget accel,3,Motion & Vibration,Contact,None,machine-duty-cycle,How much is this machine actually used?,Machine health
S078,LIS3DH budget accel,3,Motion & Vibration,Contact,None,machine-running,Is it on?,Machine health
S078,LIS3DH budget accel,3,Motion & Vibration,Contact,None,object-dropped,"Was it dropped, and how hard?",Objects & assets
S078,LIS3DH budget accel,3,Motion & Vibration,Contact,None,object-moved,Has it been moved or disturbed?,Objects & assets
S078,LIS3DH budget accel,3,Motion & Vibration,Contact,None,step-count,How much have they moved today?,Body & health
S078,LIS3DH budget accel,3,Motion & Vibration,Contact,None,tamper-detected,Has someone interfered with it?,Objects & assets
S082,MMC5603 precision magnetometer,6,Magnetic & Compass,Through-barrier,None,door-state,Is it open or closed?,Objects & assets
S082,MMC5603 precision magnetometer,6,Magnetic & Compass,Through-barrier,None,hidden-wiring,Where is the wiring or metal inside this wall?,Invisible worlds
S082,MMC5603 precision magnetometer,6,Magnetic & Compass,Through-barrier,None,magnetic-anomaly,Is there ferrous metal or a field distortion here?,Invisible worlds
S082,MMC5603 precision magnetometer,6,Magnetic & Compass,Through-barrier,None,object-present,Is the thing there?,Objects & assets
S082,MMC5603 precision magnetometer,6,Magnetic & Compass,Through-barrier,None,returned-to-spot,Am I back at the exact same place?,Navigation & space
S082,MMC5603 precision magnetometer,6,Magnetic & Compass,Through-barrier,None,rotation-speed,How fast is it turning?,Machine health
S082,MMC5603 precision magnetometer,6,Magnetic & Compass,Through-barrier,None,tamper-detected,Has someone interfered with it?,Objects & assets
S082,MMC5603 precision magnetometer,6,Magnetic & Compass,Through-barrier,None,vehicle-approaching,Is a vehicle arriving?,Security & safety
S082,MMC5603 precision magnetometer,6,Magnetic & Compass,Through-barrier,None,where-in-room,Whereabouts in the room are they?,Human presence
S082,MMC5603 precision magnetometer,6,Magnetic & Compass,Through-barrier,None,which-way-facing,Which way am I pointing?,Navigation & space
S103,Capacitive liquid/force FDC1004,9,Force & Weight,Through-barrier,None,consumable-remaining,"How much is left, and how long until it runs out?",Objects & assets
S103,Capacitive liquid/force FDC1004,9,Force & Weight,Through-barrier,None,container-fullness,How full is it?,Objects & assets
S103,Capacitive liquid/force FDC1004,9,Force & Weight,Through-barrier,None,hidden-wiring,Where is the wiring or metal inside this wall?,Invisible worlds
S103,Capacitive liquid/force FDC1004,9,Force & Weight,Through-barrier,None,material-type,What material is this?,Materials & chemistry
S103,Capacitive liquid/force FDC1004,9,Force & Weight,Through-barrier,None,moisture-content,How wet is this material?,Materials & chemistry
S103,Capacitive liquid/force FDC1004,9,Force & Weight,Through-barrier,None,object-present,Is the thing there?,Objects & assets
S103,Capacitive liquid/force FDC1004,9,Force & Weight,Through-barrier,None,pump-dry,Is the pump about to run dry?,Water
S103,Capacitive liquid/force FDC1004,9,Force & Weight,Through-barrier,None,someone-present,Is anyone here?,Human presence
S103,Capacitive liquid/force FDC1004,9,Force & Weight,Through-barrier,None,tank-level,How much is in the tank?,Water
S103,Capacitive liquid/force FDC1004,9,Force & Weight,Through-barrier,None,water-leak,Is water escaping where it shouldn't?,Water
S173,SI4432/CC1101 sub-GHz sniffer,4,RF & Electromagnetic,Remote,Identifiable,door-state,Is it open or closed?,Objects & assets
S173,SI4432/CC1101 sub-GHz sniffer,4,RF & Electromagnetic,Remote,Identifiable,drift-from-baseline,Has this drifted from how it behaved when new?,Machine health
S173,SI4432/CC1101 sub-GHz sniffer,4,RF & Electromagnetic,Remote,Identifiable,intrusion,Has someone entered who shouldn't have?,Security & safety
S173,SI4432/CC1101 sub-GHz sniffer,4,RF & Electromagnetic,Remote,Identifiable,is-raining,"Is it raining, and how hard?",Weather & outdoors
S173,SI4432/CC1101 sub-GHz sniffer,4,RF & Electromagnetic,Remote,Identifiable,machine-running,Is it on?,Machine health
S173,SI4432/CC1101 sub-GHz sniffer,4,RF & Electromagnetic,Remote,Identifiable,rf-activity,"What is transmitting nearby, and how strongly?",Invisible worlds
S173,SI4432/CC1101 sub-GHz sniffer,4,RF & Electromagnetic,Remote,Identifiable,someone-present,Is anyone here?,Human presence
S173,SI4432/CC1101 sub-GHz sniffer,4,RF & Electromagnetic,Remote,Identifiable,tamper-detected,Has someone interfered with it?,Objects & assets
S173,SI4432/CC1101 sub-GHz sniffer,4,RF & Electromagnetic,Remote,Identifiable,tank-level,How much is in the tank?,Water
S173,SI4432/CC1101 sub-GHz sniffer,4,RF & Electromagnetic,Remote,Identifiable,wind-conditions,"How windy is it, and from where?",Weather & outdoors
S197,US-100 ultrasonic w/ temp comp,4,Distance & Ranging,Standoff,Aggregate,consumable-remaining,"How much is left, and how long until it runs out?",Objects & assets
S197,US-100 ultrasonic w/ temp comp,4,Distance & Ranging,Standoff,Aggregate,container-fullness,How full is it?,Objects & assets
S197,US-100 ultrasonic w/ temp comp,4,Distance & Ranging,Standoff,Aggregate,crossed-boundary,Did something cross this line?,Human presence
S197,US-100 ultrasonic w/ temp comp,4,Distance & Ranging,Standoff,Aggregate,flood-rising,"Is water rising, and how fast?",Weather & outdoors
S197,US-100 ultrasonic w/ temp comp,4,Distance & Ranging,Standoff,Aggregate,object-count,How many went past?,Objects & assets
S197,US-100 ultrasonic w/ temp comp,4,Distance & Ranging,Standoff,Aggregate,object-present,Is the thing there?,Objects & assets
S197,US-100 ultrasonic w/ temp comp,4,Distance & Ranging,Standoff,Aggregate,obstacle-ahead,Is there something in the way?,Navigation & space
S197,US-100 ultrasonic w/ temp comp,4,Distance & Ranging,Standoff,Aggregate,snow-depth,How deep is the snow?,Weather & outdoors
S197,US-100 ultrasonic w/ temp comp,4,Distance & Ranging,Standoff,Aggregate,someone-present,Is anyone here?,Human presence
S197,US-100 ultrasonic w/ temp comp,4,Distance & Ranging,Standoff,Aggregate,tank-level,How much is in the tank?,Water
S204,LD1125H 24GHz respiration radar,9,Presence & Occupancy,Standoff,Aggregate,entered-or-left,"Did they come in, or go out?",Human presence
S204,LD1125H 24GHz respiration radar,9,Presence & Occupancy,Standoff,Aggregate,intrusion,Has someone entered who shouldn't have?,Security & safety
S204,LD1125H 24GHz respiration radar,9,Presence & Occupancy,Standoff,Aggregate,livestock-wellbeing,Are the animals comfortable and behaving normally?,Plants & soil
S204,LD1125H 24GHz respiration radar,9,Presence & Occupancy,Standoff,Aggregate,no-movement-alarm,Has nobody moved for worryingly long?,Human presence
S204,LD1125H 24GHz respiration radar,9,Presence & Occupancy,Standoff,Aggregate,occupancy-duration,How long has this desk/room/seat been in use?,Human presence
S204,LD1125H 24GHz respiration radar,9,Presence & Occupancy,Standoff,Aggregate,routine-broken,Has this person's daily routine changed?,Human presence
S204,LD1125H 24GHz respiration radar,9,Presence & Occupancy,Standoff,Aggregate,someone-present,Is anyone here?,Human presence
S204,LD1125H 24GHz respiration radar,9,Presence & Occupancy,Standoff,Aggregate,someone-still-present,"Is someone still here, sitting perfectly still?",Human presence
S204,LD1125H 24GHz respiration radar,9,Presence & Occupancy,Standoff,Aggregate,through-wall-motion,Is something moving on the other side of that wall?,Invisible worlds
S204,LD1125H 24GHz respiration radar,9,Presence & Occupancy,Standoff,Aggregate,where-in-room,Whereabouts in the room are they?,Human presence
S023,BME688 gas + climate AI,15,Gas & VOC,Standoff,None,air-stuffy,Is this room stuffy — does it need fresh air?,Air & environment
S023,BME688 gas + climate AI,15,Gas & VOC,Standoff,None,cooking-detected,Is someone cooking?,Air & environment
S023,BME688 gas + climate AI,15,Gas & VOC,Standoff,None,mould-risk,Is this surface going to grow mould?,Air & environment
S023,BME688 gas + climate AI,15,Gas & VOC,Standoff,None,smell-signature,What does this smell like — which known smell is it?,Air & environment
S023,BME688 gas + climate AI,15,Gas & VOC,Standoff,None,smoke-present,Is there smoke?,Air & environment
S023,BME688 gas + climate AI,15,Gas & VOC,Standoff,None,storm-approaching,Is a storm coming?,Weather & outdoors
S023,BME688 gas + climate AI,15,Gas & VOC,Standoff,None,too-dry,"Is the air dry enough to damage wood, skin or instruments?",Air & environment
S023,BME688 gas + climate AI,15,Gas & VOC,Standoff,None,ventilation-adequate,Is ventilation actually working?,Air & environment
S023,BME688 gas + climate AI,15,Gas & VOC,Standoff,None,voc-event,Did something start off-gassing or smelling?,Air & environment
S060,VL53L5CX 8x8 ToF array,20,Distance & Ranging,Standoff,Aggregate,container-fullness,How full is it?,Objects & assets
S060,VL53L5CX 8x8 ToF array,20,Distance & Ranging,Standoff,Aggregate,entered-or-left,"Did they come in, or go out?",Human presence
S060,VL53L5CX 8x8 ToF array,20,Distance & Ranging,Standoff,Aggregate,how-many-people,How many people are in this space?,Human presence
S060,VL53L5CX 8x8 ToF array,20,Distance & Ranging,Standoff,Aggregate,object-count,How many went past?,Objects & assets
S060,VL53L5CX 8x8 ToF array,20,Distance & Ranging,Standoff,Aggregate,obstacle-ahead,Is there something in the way?,Navigation & space
S060,VL53L5CX 8x8 ToF array,20,Distance & Ranging,Standoff,Aggregate,person-fell,Did someone fall?,Human presence
S060,VL53L5CX 8x8 ToF array,20,Distance & Ranging,Standoff,Aggregate,posture,What posture is this body in?,Body & health
S060,VL53L5CX 8x8 ToF array,20,Distance & Ranging,Standoff,Aggregate,someone-present,Is anyone here?,Human presence
S060,VL53L5CX 8x8 ToF array,20,Distance & Ranging,Standoff,Aggregate,where-in-room,Whereabouts in the room are they?,Human presence
S061,TF-Luna LiDAR,25,Distance & Ranging,Standoff,None,crossed-boundary,Did something cross this line?,Human presence
S061,TF-Luna LiDAR,25,Distance & Ranging,Standoff,None,how-fast-moving,How fast am I moving?,Navigation & space
S061,TF-Luna LiDAR,25,Distance & Ranging,Standoff,None,how-high,What altitude or floor am I on?,Navigation & space
S061,TF-Luna LiDAR,25,Distance & Ranging,Standoff,None,object-count,How many went past?,Objects & assets
S061,TF-Luna LiDAR,25,Distance & Ranging,Standoff,None,object-present,Is the thing there?,Objects & assets
S061,TF-Luna LiDAR,25,Distance & Ranging,Standoff,None,obstacle-ahead,Is there something in the way?,Navigation & space
S061,TF-Luna LiDAR,25,Distance & Ranging,Standoff,None,tank-level,How much is in the tank?,Water
S061,TF-Luna LiDAR,25,Distance & Ranging,Standoff,None,vehicle-approaching,Is a vehicle arriving?,Security & safety
S061,TF-Luna LiDAR,25,Distance & Ranging,Standoff,None,vehicle-speed,How fast are vehicles going past?,Security & safety
S067,LD2410 mmWave presence,5,Presence & Occupancy,Standoff,Aggregate,intrusion,Has someone entered who shouldn't have?,Security & safety
S067,LD2410 mmWave presence,5,Presence & Occupancy,Standoff,Aggregate,no-movement-alarm,Has nobody moved for worryingly long?,Human presence
S067,LD2410 mmWave presence,5,Presence & Occupancy,Standoff,Aggregate,occupancy-duration,How long has this desk/room/seat been in use?,Human presence
S067,LD2410 mmWave presence,5,Presence & Occupancy,Standoff,Aggregate,person-asleep,"Are they asleep, and how well?",Human presence
S067,LD2410 mmWave presence,5,Presence & Occupancy,Standoff,Aggregate,routine-broken,Has this person's daily routine changed?,Human presence
S067,LD2410 mmWave presence,5,Presence & Occupancy,Standoff,Aggregate,someone-present,Is anyone here?,Human presence
S067,LD2410 mmWave presence,5,Presence & Occupancy,Standoff,Aggregate,someone-still-present,"Is someone still here, sitting perfectly still?",Human presence
S067,LD2410 mmWave presence,5,Presence & Occupancy,Standoff,Aggregate,through-wall-motion,Is something moving on the other side of that wall?,Invisible worlds
S067,LD2410 mmWave presence,5,Presence & Occupancy,Standoff,Aggregate,where-in-room,Whereabouts in the room are they?,Human presence
S081,QMC5883L compass,2,Magnetic & Compass,Through-barrier,None,door-state,Is it open or closed?,Objects & assets
S081,QMC5883L compass,2,Magnetic & Compass,Through-barrier,None,hidden-wiring,Where is the wiring or metal inside this wall?,Invisible worlds
S081,QMC5883L compass,2,Magnetic & Compass,Through-barrier,None,magnetic-anomaly,Is there ferrous metal or a field distortion here?,Invisible worlds
S081,QMC5883L compass,2,Magnetic & Compass,Through-barrier,None,object-moved,Has it been moved or disturbed?,Objects & assets
S081,QMC5883L compass,2,Magnetic & Compass,Through-barrier,None,object-present,Is the thing there?,Objects & assets
S081,QMC5883L compass,2,Magnetic & Compass,Through-barrier,None,rotation-speed,How fast is it turning?,Machine health
S081,QMC5883L compass,2,Magnetic & Compass,Through-barrier,None,tamper-detected,Has someone interfered with it?,Objects & assets
S081,QMC5883L compass,2,Magnetic & Compass,Through-barrier,None,vehicle-approaching,Is a vehicle arriving?,Security & safety
S081,QMC5883L compass,2,Magnetic & Compass,Through-barrier,None,which-way-facing,Which way am I pointing?,Navigation & space
S083,TLV493D 3D magnetic,6,Magnetic & Compass,Through-barrier,None,container-fullness,How full is it?,Objects & assets
S083,TLV493D 3D magnetic,6,Magnetic & Compass,Through-barrier,None,cycle-complete,Has the cycle finished?,Machine health
S083,TLV493D 3D magnetic,6,Magnetic & Compass,Through-barrier,None,door-state,Is it open or closed?,Objects & assets
S083,TLV493D 3D magnetic,6,Magnetic & Compass,Through-barrier,None,machine-state,"Is it idle, loaded, or jammed?",Machine health
S083,TLV493D 3D magnetic,6,Magnetic & Compass,Through-barrier,None,object-moved,Has it been moved or disturbed?,Objects & assets
S083,TLV493D 3D magnetic,6,Magnetic & Compass,Through-barrier,None,object-present,Is the thing there?,Objects & assets
S083,TLV493D 3D magnetic,6,Magnetic & Compass,Through-barrier,None,rotation-speed,How fast is it turning?,Machine health
S083,TLV493D 3D magnetic,6,Magnetic & Compass,Through-barrier,None,tamper-detected,Has someone interfered with it?,Objects & assets
S083,TLV493D 3D magnetic,6,Magnetic & Compass,Through-barrier,None,tank-level,How much is in the tank?,Water
S089,MAX9814 AGC mic amp,7,Sound & Audio,Standoff,Raw-imagery,cooking-detected,Is someone cooking?,Air & environment
S089,MAX9814 AGC mic amp,7,Sound & Audio,Standoff,Raw-imagery,cycle-complete,Has the cycle finished?,Machine health
S089,MAX9814 AGC mic amp,7,Sound & Audio,Standoff,Raw-imagery,device-left-on,Did someone leave it switched on?,Energy
S089,MAX9814 AGC mic amp,7,Sound & Audio,Standoff,Raw-imagery,glass-broken,Did glass break?,Security & safety
S089,MAX9814 AGC mic amp,7,Sound & Audio,Standoff,Raw-imagery,intrusion,Has someone entered who shouldn't have?,Security & safety
S089,MAX9814 AGC mic amp,7,Sound & Audio,Standoff,Raw-imagery,machine-running,Is it on?,Machine health
S089,MAX9814 AGC mic amp,7,Sound & Audio,Standoff,Raw-imagery,someone-present,Is anyone here?,Human presence
S089,MAX9814 AGC mic amp,7,Sound & Audio,Standoff,Raw-imagery,unusual-sound,Did something sound wrong?,Security & safety
S089,MAX9814 AGC mic amp,7,Sound & Audio,Standoff,Raw-imagery,which-appliance,Which appliance just turned on?,Energy
S090,SPH0645 I2S mic,7,Sound & Audio,Standoff,Raw-imagery,cooking-detected,Is someone cooking?,Air & environment
S090,SPH0645 I2S mic,7,Sound & Audio,Standoff,Raw-imagery,device-left-on,Did someone leave it switched on?,Energy
S090,SPH0645 I2S mic,7,Sound & Audio,Standoff,Raw-imagery,glass-broken,Did glass break?,Security & safety
S090,SPH0645 I2S mic,7,Sound & Audio,Standoff,Raw-imagery,intrusion,Has someone entered who shouldn't have?,Security & safety
S090,SPH0645 I2S mic,7,Sound & Audio,Standoff,Raw-imagery,machine-running,Is it on?,Machine health
S090,SPH0645 I2S mic,7,Sound & Audio,Standoff,Raw-imagery,someone-present,Is anyone here?,Human presence
S090,SPH0645 I2S mic,7,Sound & Audio,Standoff,Raw-imagery,unusual-sound,Did something sound wrong?,Security & safety
S090,SPH0645 I2S mic,7,Sound & Audio,Standoff,Raw-imagery,where-in-room,Whereabouts in the room are they?,Human presence
S090,SPH0645 I2S mic,7,Sound & Audio,Standoff,Raw-imagery,which-appliance,Which appliance just turned on?,Energy
S095,801S vibration sensor,3,Motion & Vibration,Contact,None,bearing-failing,Is a bearing starting to fail?,Machine health
S095,801S vibration sensor,3,Motion & Vibration,Contact,None,cycle-complete,Has the cycle finished?,Machine health
S095,801S vibration sensor,3,Motion & Vibration,Contact,None,drift-from-baseline,Has this drifted from how it behaved when new?,Machine health
S095,801S vibration sensor,3,Motion & Vibration,Contact,None,imbalance,Is it out of balance or misaligned?,Machine health
S095,801S vibration sensor,3,Motion & Vibration,Contact,None,machine-duty-cycle,How much is this machine actually used?,Machine health
S095,801S vibration sensor,3,Motion & Vibration,Contact,None,machine-running,Is it on?,Machine health
S095,801S vibration sensor,3,Motion & Vibration,Contact,None,machine-state,"Is it idle, loaded, or jammed?",Machine health
S095,801S vibration sensor,3,Motion & Vibration,Contact,None,object-moved,Has it been moved or disturbed?,Objects & assets
S095,801S vibration sensor,3,Motion & Vibration,Contact,None,tamper-detected,Has someone interfered with it?,Objects & assets
S097,Piezo shock/knock element,3,Motion & Vibration,Contact,None,cycle-complete,Has the cycle finished?,Machine health
S097,Piezo shock/knock element,3,Motion & Vibration,Contact,None,glass-broken,Did glass break?,Security & safety
S097,Piezo shock/knock element,3,Motion & Vibration,Contact,None,intrusion,Has someone entered who shouldn't have?,Security & safety
S097,Piezo shock/knock element,3,Motion & Vibration,Contact,None,machine-running,Is it on?,Machine health
S097,Piezo shock/knock element,3,Motion & Vibration,Contact,None,object-count,How many went past?,Objects & assets
S097,Piezo shock/knock element,3,Motion & Vibration,Contact,None,object-dropped,"Was it dropped, and how hard?",Objects & assets
S097,Piezo shock/knock element,3,Motion & Vibration,Contact,None,object-moved,Has it been moved or disturbed?,Objects & assets
S097,Piezo shock/knock element,3,Motion & Vibration,Contact,None,tamper-detected,Has someone interfered with it?,Objects & assets
S097,Piezo shock/knock element,3,Motion & Vibration,Contact,None,unusual-sound,Did something sound wrong?,Security & safety
S102,Nano33-style 1kg beam scale kit,8,Force & Weight,Contact,None,consumable-remaining,"How much is left, and how long until it runs out?",Objects & assets
S102,Nano33-style 1kg beam scale kit,8,Force & Weight,Contact,None,container-fullness,How full is it?,Objects & assets
S102,Nano33-style 1kg beam scale kit,8,Force & Weight,Contact,None,cycle-complete,Has the cycle finished?,Machine health
S102,Nano33-style 1kg beam scale kit,8,Force & Weight,Contact,None,drift-from-baseline,Has this drifted from how it behaved when new?,Machine health
S102,Nano33-style 1kg beam scale kit,8,Force & Weight,Contact,None,flow-rate,How fast is water flowing?,Water
S102,Nano33-style 1kg beam scale kit,8,Force & Weight,Contact,None,growth-rate,How fast is it growing?,Plants & soil
S102,Nano33-style 1kg beam scale kit,8,Force & Weight,Contact,None,object-count,How many went past?,Objects & assets
S102,Nano33-style 1kg beam scale kit,8,Force & Weight,Contact,None,object-present,Is the thing there?,Objects & assets
S102,Nano33-style 1kg beam scale kit,8,Force & Weight,Contact,None,water-used-total,"How much water was used, by whom, and when?",Water
S175,PN532 NFC controller,6,Identity & Tags,Contact,Identifiable,asset-location,Where is this thing right now?,Objects & assets
S175,PN532 NFC controller,6,Identity & Tags,Contact,Identifiable,authorised-to-use,Is this person allowed to operate this?,Security & safety
S175,PN532 NFC controller,6,Identity & Tags,Contact,Identifiable,entered-or-left,"Did they come in, or go out?",Human presence
S175,PN532 NFC controller,6,Identity & Tags,Contact,Identifiable,object-count,How many went past?,Objects & assets
S175,PN532 NFC controller,6,Identity & Tags,Contact,Identifiable,object-genuine,Is this authentic or counterfeit?,Objects & assets
S175,PN532 NFC controller,6,Identity & Tags,Contact,Identifiable,object-identity,Which specific object is this?,Objects & assets
S175,PN532 NFC controller,6,Identity & Tags,Contact,Identifiable,object-present,Is the thing there?,Objects & assets
S175,PN532 NFC controller,6,Identity & Tags,Contact,Identifiable,occupancy-duration,How long has this desk/room/seat been in use?,Human presence
S175,PN532 NFC controller,6,Identity & Tags,Contact,Identifiable,who-is-it,Which specific person is this?,Human presence
S203,Panasonic EKMC PIR (quality),12,Presence & Occupancy,Standoff,Aggregate,crossed-boundary,Did something cross this line?,Human presence
S203,Panasonic EKMC PIR (quality),12,Presence & Occupancy,Standoff,Aggregate,entered-or-left,"Did they come in, or go out?",Human presence
S203,Panasonic EKMC PIR (quality),12,Presence & Occupancy,Standoff,Aggregate,intrusion,Has someone entered who shouldn't have?,Security & safety
S203,Panasonic EKMC PIR (quality),12,Presence & Occupancy,Standoff,Aggregate,livestock-wellbeing,Are the animals comfortable and behaving normally?,Plants & soil
S203,Panasonic EKMC PIR (quality),12,Presence & Occupancy,Standoff,Aggregate,no-movement-alarm,Has nobody moved for worryingly long?,Human presence
S203,Panasonic EKMC PIR (quality),12,Presence & Occupancy,Standoff,Aggregate,occupancy-duration,How long has this desk/room/seat been in use?,Human presence
S203,Panasonic EKMC PIR (quality),12,Presence & Occupancy,Standoff,Aggregate,routine-broken,Has this person's daily routine changed?,Human presence
S203,Panasonic EKMC PIR (quality),12,Presence & Occupancy,Standoff,Aggregate,someone-present,Is anyone here?,Human presence
S203,Panasonic EKMC PIR (quality),12,Presence & Occupancy,Standoff,Aggregate,vehicle-approaching,Is a vehicle arriving?,Security & safety
S214,AS5048A 14-bit angle,12,Position & Rotation,Through-barrier,None,cycle-complete,Has the cycle finished?,Machine health
S214,AS5048A 14-bit angle,12,Position & Rotation,Through-barrier,None,door-state,Is it open or closed?,Objects & assets
S214,AS5048A 14-bit angle,12,Position & Rotation,Through-barrier,None,how-far-travelled,How far have I gone?,Navigation & space
S214,AS5048A 14-bit angle,12,Position & Rotation,Through-barrier,None,joint-angle,"What angle is this joint at, through its range?",Body & health
S214,AS5048A 14-bit angle,12,Position & Rotation,Through-barrier,None,machine-state,"Is it idle, loaded, or jammed?",Machine health
S214,AS5048A 14-bit angle,12,Position & Rotation,Through-barrier,None,object-moved,Has it been moved or disturbed?,Objects & assets
S214,AS5048A 14-bit angle,12,Position & Rotation,Through-barrier,None,returned-to-spot,Am I back at the exact same place?,Navigation & space
S214,AS5048A 14-bit angle,12,Position & Rotation,Through-barrier,None,rotation-speed,How fast is it turning?,Machine health
S214,AS5048A 14-bit angle,12,Position & Rotation,Through-barrier,None,which-way-facing,Which way am I pointing?,Navigation & space
S230,Time-of-flight spectroscopy: AS7263 trick,35,Frontier Sensing,Contact,None,colour-match,Does this colour match the reference?,Materials & chemistry
S230,Time-of-flight spectroscopy: AS7263 trick,35,Frontier Sensing,Contact,None,concentration-liquid,How concentrated is this solution?,Materials & chemistry
S230,Time-of-flight spectroscopy: AS7263 trick,35,Frontier Sensing,Contact,None,contamination,Has this been contaminated?,Materials & chemistry
S230,Time-of-flight spectroscopy: AS7263 trick,35,Frontier Sensing,Contact,None,food-fresh,Is this food still good?,Materials & chemistry
S230,Time-of-flight spectroscopy: AS7263 trick,35,Frontier Sensing,Contact,None,fruit-ripe,Is it ripe?,Plants & soil
S230,Time-of-flight spectroscopy: AS7263 trick,35,Frontier Sensing,Contact,None,material-type,What material is this?,Materials & chemistry
S230,Time-of-flight spectroscopy: AS7263 trick,35,Frontier Sensing,Contact,None,moisture-content,How wet is this material?,Materials & chemistry
S230,Time-of-flight spectroscopy: AS7263 trick,35,Frontier Sensing,Contact,None,object-genuine,Is this authentic or counterfeit?,Objects & assets
S230,Time-of-flight spectroscopy: AS7263 trick,35,Frontier Sensing,Contact,None,object-material,What is this made of?,Objects & assets
S232,Acoustic emission (ultrasonic contact),10,Frontier Sensing,Contact,None,air-leak,"Is compressed air leaking, and where?",Machine health
S232,Acoustic emission (ultrasonic contact),10,Frontier Sensing,Contact,None,arc-or-discharge,Is there electrical arcing or partial discharge?,Machine health
S232,Acoustic emission (ultrasonic contact),10,Frontier Sensing,Contact,None,bearing-failing,Is a bearing starting to fail?,Machine health
S232,Acoustic emission (ultrasonic contact),10,Frontier Sensing,Contact,None,drift-from-baseline,Has this drifted from how it behaved when new?,Machine health
S232,Acoustic emission (ultrasonic contact),10,Frontier Sensing,Contact,None,imbalance,Is it out of balance or misaligned?,Machine health
S232,Acoustic emission (ultrasonic contact),10,Frontier Sensing,Contact,None,lubrication-failing,Is lubrication breaking down?,Machine health
S232,Acoustic emission (ultrasonic contact),10,Frontier Sensing,Contact,None,machine-state,"Is it idle, loaded, or jammed?",Machine health
S232,Acoustic emission (ultrasonic contact),10,Frontier Sensing,Contact,None,ultrasonic-activity,What is making noise above human hearing?,Invisible worlds
S232,Acoustic emission (ultrasonic contact),10,Frontier Sensing,Contact,None,water-leak,Is water escaping where it shouldn't?,Water
S235,Scent delivery + e-nose loop,60,Frontier Sensing,Standoff,Aggregate,air-stuffy,Is this room stuffy — does it need fresh air?,Air & environment
S235,Scent delivery + e-nose loop,60,Frontier Sensing,Standoff,Aggregate,contamination,Has this been contaminated?,Materials & chemistry
S235,Scent delivery + e-nose loop,60,Frontier Sensing,Standoff,Aggregate,cooking-detected,Is someone cooking?,Air & environment
S235,Scent delivery + e-nose loop,60,Frontier Sensing,Standoff,Aggregate,drift-from-baseline,Has this drifted from how it behaved when new?,Machine health
S235,Scent delivery + e-nose loop,60,Frontier Sensing,Standoff,Aggregate,food-fresh,Is this food still good?,Materials & chemistry
S235,Scent delivery + e-nose loop,60,Frontier Sensing,Standoff,Aggregate,gas-leak,Is there a flammable gas leak?,Air & environment
S235,Scent delivery + e-nose loop,60,Frontier Sensing,Standoff,Aggregate,mould-risk,Is this surface going to grow mould?,Air & environment
S235,Scent delivery + e-nose loop,60,Frontier Sensing,Standoff,Aggregate,smell-signature,What does this smell like — which known smell is it?,Air & environment
S235,Scent delivery + e-nose loop,60,Frontier Sensing,Standoff,Aggregate,voc-event,Did something start off-gassing or smelling?,Air & environment
S002,TMP117 ultra-precise temp,11,Temperature,Contact,None,body-temp-trend,"Is body temperature drifting — fever, ovulation, heat stress?",Body & health
S002,TMP117 ultra-precise temp,11,Temperature,Contact,None,drift-from-baseline,Has this drifted from how it behaved when new?,Machine health
S002,TMP117 ultra-precise temp,11,Temperature,Contact,None,food-fresh,Is this food still good?,Materials & chemistry
S002,TMP117 ultra-precise temp,11,Temperature,Contact,None,frost-tonight,Will there be frost tonight?,Weather & outdoors
S002,TMP117 ultra-precise temp,11,Temperature,Contact,None,object-temperature,How hot is that surface?,Objects & assets
S002,TMP117 ultra-precise temp,11,Temperature,Contact,None,occupancy-duration,How long has this desk/room/seat been in use?,Human presence
S002,TMP117 ultra-precise temp,11,Temperature,Contact,None,overheating,Is something running hotter than it should?,Machine health
S002,TMP117 ultra-precise temp,11,Temperature,Contact,None,water-hot-enough,Is the water at the right temperature?,Water
S004,MAX31855 thermocouple amp,15,Temperature,Contact,None,coating-cured,"Has the paint, resin or glue finished curing?",Materials & chemistry
S004,MAX31855 thermocouple amp,15,Temperature,Contact,None,cycle-complete,Has the cycle finished?,Machine health
S004,MAX31855 thermocouple amp,15,Temperature,Contact,None,drift-from-baseline,Has this drifted from how it behaved when new?,Machine health
S004,MAX31855 thermocouple amp,15,Temperature,Contact,None,fire-present,Is there a flame?,Security & safety
S004,MAX31855 thermocouple amp,15,Temperature,Contact,None,machine-duty-cycle,How much is this machine actually used?,Machine health
S004,MAX31855 thermocouple amp,15,Temperature,Contact,None,machine-state,"Is it idle, loaded, or jammed?",Machine health
S004,MAX31855 thermocouple amp,15,Temperature,Contact,None,object-temperature,How hot is that surface?,Objects & assets
S004,MAX31855 thermocouple amp,15,Temperature,Contact,None,overheating,Is something running hotter than it should?,Machine health
S010,Thermocouple multiplexer board,13,Temperature,Contact,None,coating-cured,"Has the paint, resin or glue finished curing?",Materials & chemistry
S010,Thermocouple multiplexer board,13,Temperature,Contact,None,cycle-complete,Has the cycle finished?,Machine health
S010,Thermocouple multiplexer board,13,Temperature,Contact,None,drift-from-baseline,Has this drifted from how it behaved when new?,Machine health
S010,Thermocouple multiplexer board,13,Temperature,Contact,None,food-fresh,Is this food still good?,Materials & chemistry
S010,Thermocouple multiplexer board,13,Temperature,Contact,None,machine-duty-cycle,How much is this machine actually used?,Machine health
S010,Thermocouple multiplexer board,13,Temperature,Contact,None,machine-state,"Is it idle, loaded, or jammed?",Machine health
S010,Thermocouple multiplexer board,13,Temperature,Contact,None,object-temperature,How hot is that surface?,Objects & assets
S010,Thermocouple multiplexer board,13,Temperature,Contact,None,overheating,Is something running hotter than it should?,Machine health
S011,DHT22 / AM2302,4,Humidity & Moisture,Standoff,None,compost-active,Is the compost heating properly — or dangerously?,Plants & soil
S011,DHT22 / AM2302,4,Humidity & Moisture,Standoff,None,cooking-detected,Is someone cooking?,Air & environment
S011,DHT22 / AM2302,4,Humidity & Moisture,Standoff,None,disease-pressure,Are conditions right for fungal disease?,Plants & soil
S011,DHT22 / AM2302,4,Humidity & Moisture,Standoff,None,frost-tonight,Will there be frost tonight?,Weather & outdoors
S011,DHT22 / AM2302,4,Humidity & Moisture,Standoff,None,livestock-wellbeing,Are the animals comfortable and behaving normally?,Plants & soil
S011,DHT22 / AM2302,4,Humidity & Moisture,Standoff,None,mould-risk,Is this surface going to grow mould?,Air & environment
S011,DHT22 / AM2302,4,Humidity & Moisture,Standoff,None,too-dry,"Is the air dry enough to damage wood, skin or instruments?",Air & environment
S011,DHT22 / AM2302,4,Humidity & Moisture,Standoff,None,ventilation-adequate,Is ventilation actually working?,Air & environment
S012,SHT41 humidity + temp,6,Humidity & Moisture,Standoff,None,coating-cured,"Has the paint, resin or glue finished curing?",Materials & chemistry
S012,SHT41 humidity + temp,6,Humidity & Moisture,Standoff,None,cooking-detected,Is someone cooking?,Air & environment
S012,SHT41 humidity + temp,6,Humidity & Moisture,Standoff,None,disease-pressure,Are conditions right for fungal disease?,Plants & soil
S012,SHT41 humidity + temp,6,Humidity & Moisture,Standoff,None,drift-from-baseline,Has this drifted from how it behaved when new?,Machine health
S012,SHT41 humidity + temp,6,Humidity & Moisture,Standoff,None,frost-tonight,Will there be frost tonight?,Weather & outdoors
S012,SHT41 humidity + temp,6,Humidity & Moisture,Standoff,None,mould-risk,Is this surface going to grow mould?,Air & environment
S012,SHT41 humidity + temp,6,Humidity & Moisture,Standoff,None,too-dry,"Is the air dry enough to damage wood, skin or instruments?",Air & environment
S012,SHT41 humidity + temp,6,Humidity & Moisture,Standoff,None,ventilation-adequate,Is ventilation actually working?,Air & environment
S013,BME280 climate combo,6,Humidity & Moisture,Standoff,None,disease-pressure,Are conditions right for fungal disease?,Plants & soil
S013,BME280 climate combo,6,Humidity & Moisture,Standoff,None,drift-from-baseline,Has this drifted from how it behaved when new?,Machine health
S013,BME280 climate combo,6,Humidity & Moisture,Standoff,None,frost-tonight,Will there be frost tonight?,Weather & outdoors
S013,BME280 climate combo,6,Humidity & Moisture,Standoff,None,how-high,What altitude or floor am I on?,Navigation & space
S013,BME280 climate combo,6,Humidity & Moisture,Standoff,None,mould-risk,Is this surface going to grow mould?,Air & environment
S013,BME280 climate combo,6,Humidity & Moisture,Standoff,None,storm-approaching,Is a storm coming?,Weather & outdoors
S013,BME280 climate combo,6,Humidity & Moisture,Standoff,None,too-dry,"Is the air dry enough to damage wood, skin or instruments?",Air & environment
S013,BME280 climate combo,6,Humidity & Moisture,Standoff,None,ventilation-adequate,Is ventilation actually working?,Air & environment
S015,SHT31 weatherproof probe,12,Humidity & Moisture,Standoff,None,compost-active,Is the compost heating properly — or dangerously?,Plants & soil
S015,SHT31 weatherproof probe,12,Humidity & Moisture,Standoff,None,disease-pressure,Are conditions right for fungal disease?,Plants & soil
S015,SHT31 weatherproof probe,12,Humidity & Moisture,Standoff,None,frost-tonight,Will there be frost tonight?,Weather & outdoors
S015,SHT31 weatherproof probe,12,Humidity & Moisture,Standoff,None,growth-rate,How fast is it growing?,Plants & soil
S015,SHT31 weatherproof probe,12,Humidity & Moisture,Standoff,None,livestock-wellbeing,Are the animals comfortable and behaving normally?,Plants & soil
S015,SHT31 weatherproof probe,12,Humidity & Moisture,Standoff,None,mould-risk,Is this surface going to grow mould?,Air & environment
S015,SHT31 weatherproof probe,12,Humidity & Moisture,Standoff,None,too-dry,"Is the air dry enough to damage wood, skin or instruments?",Air & environment
S015,SHT31 weatherproof probe,12,Humidity & Moisture,Standoff,None,ventilation-adequate,Is ventilation actually working?,Air & environment
S021,MPRLS ported pressure,15,Pressure & Altitude,Contact,None,consumable-remaining,"How much is left, and how long until it runs out?",Objects & assets
S021,MPRLS ported pressure,15,Pressure & Altitude,Contact,None,container-fullness,How full is it?,Objects & assets
S021,MPRLS ported pressure,15,Pressure & Altitude,Contact,None,flood-rising,"Is water rising, and how fast?",Weather & outdoors
S021,MPRLS ported pressure,15,Pressure & Altitude,Contact,None,plant-thirsty,Does this plant need water?,Plants & soil
S021,MPRLS ported pressure,15,Pressure & Altitude,Contact,None,pump-dry,Is the pump about to run dry?,Water
S021,MPRLS ported pressure,15,Pressure & Altitude,Contact,None,soil-tension,How hard must roots work to get water?,Plants & soil
S021,MPRLS ported pressure,15,Pressure & Altitude,Contact,None,tank-level,How much is in the tank?,Water
S021,MPRLS ported pressure,15,Pressure & Altitude,Contact,None,water-leak,Is water escaping where it shouldn't?,Water
S036,SCD41 true CO2,25,CO2,Standoff,Aggregate,air-stuffy,Is this room stuffy — does it need fresh air?,Air & environment
S036,SCD41 true CO2,25,CO2,Standoff,Aggregate,cycle-complete,Has the cycle finished?,Machine health
S036,SCD41 true CO2,25,CO2,Standoff,Aggregate,how-many-people,How many people are in this space?,Human presence
S036,SCD41 true CO2,25,CO2,Standoff,Aggregate,mould-risk,Is this surface going to grow mould?,Air & environment
S036,SCD41 true CO2,25,CO2,Standoff,Aggregate,occupancy-duration,How long has this desk/room/seat been in use?,Human presence
S036,SCD41 true CO2,25,CO2,Standoff,Aggregate,someone-present,Is anyone here?,Human presence
S036,SCD41 true CO2,25,CO2,Standoff,Aggregate,too-dry,"Is the air dry enough to damage wood, skin or instruments?",Air & environment
S036,SCD41 true CO2,25,CO2,Standoff,Aggregate,ventilation-adequate,Is ventilation actually working?,Air & environment
S037,SCD30 NDIR CO2,40,CO2,Standoff,Aggregate,air-stuffy,Is this room stuffy — does it need fresh air?,Air & environment
S037,SCD30 NDIR CO2,40,CO2,Standoff,Aggregate,compost-active,Is the compost heating properly — or dangerously?,Plants & soil
S037,SCD30 NDIR CO2,40,CO2,Standoff,Aggregate,cycle-complete,Has the cycle finished?,Machine health
S037,SCD30 NDIR CO2,40,CO2,Standoff,Aggregate,how-many-people,How many people are in this space?,Human presence
S037,SCD30 NDIR CO2,40,CO2,Standoff,Aggregate,mould-risk,Is this surface going to grow mould?,Air & environment
S037,SCD30 NDIR CO2,40,CO2,Standoff,Aggregate,occupancy-duration,How long has this desk/room/seat been in use?,Human presence
S037,SCD30 NDIR CO2,40,CO2,Standoff,Aggregate,someone-present,Is anyone here?,Human presence
S037,SCD30 NDIR CO2,40,CO2,Standoff,Aggregate,ventilation-adequate,Is ventilation actually working?,Air & environment
S056,HC-SR04 ultrasonic,1.5,Distance & Ranging,Standoff,None,consumable-remaining,"How much is left, and how long until it runs out?",Objects & assets
S056,HC-SR04 ultrasonic,1.5,Distance & Ranging,Standoff,None,container-fullness,How full is it?,Objects & assets
S056,HC-SR04 ultrasonic,1.5,Distance & Ranging,Standoff,None,crossed-boundary,Did something cross this line?,Human presence
S056,HC-SR04 ultrasonic,1.5,Distance & Ranging,Standoff,None,object-count,How many went past?,Objects & assets
S056,HC-SR04 ultrasonic,1.5,Distance & Ranging,Standoff,None,object-present,Is the thing there?,Objects & assets
S056,HC-SR04 ultrasonic,1.5,Distance & Ranging,Standoff,None,obstacle-ahead,Is there something in the way?,Navigation & space
S056,HC-SR04 ultrasonic,1.5,Distance & Ranging,Standoff,None,someone-present,Is anyone here?,Human presence
S056,HC-SR04 ultrasonic,1.5,Distance & Ranging,Standoff,None,tank-level,How much is in the tank?,Water
S058,VL53L0X ToF laser,5,Distance & Ranging,Standoff,None,consumable-remaining,"How much is left, and how long until it runs out?",Objects & assets
S058,VL53L0X ToF laser,5,Distance & Ranging,Standoff,None,container-fullness,How full is it?,Objects & assets
S058,VL53L0X ToF laser,5,Distance & Ranging,Standoff,None,crossed-boundary,Did something cross this line?,Human presence
S058,VL53L0X ToF laser,5,Distance & Ranging,Standoff,None,object-count,How many went past?,Objects & assets
S058,VL53L0X ToF laser,5,Distance & Ranging,Standoff,None,object-present,Is the thing there?,Objects & assets
S058,VL53L0X ToF laser,5,Distance & Ranging,Standoff,None,obstacle-ahead,Is there something in the way?,Navigation & space
S058,VL53L0X ToF laser,5,Distance & Ranging,Standoff,None,someone-present,Is anyone here?,Human presence
S058,VL53L0X ToF laser,5,Distance & Ranging,Standoff,None,tank-level,How much is in the tank?,Water
S059,VL53L1X long-range ToF,12,Distance & Ranging,Standoff,Aggregate,container-fullness,How full is it?,Objects & assets
S059,VL53L1X long-range ToF,12,Distance & Ranging,Standoff,Aggregate,crossed-boundary,Did something cross this line?,Human presence
S059,VL53L1X long-range ToF,12,Distance & Ranging,Standoff,Aggregate,entered-or-left,"Did they come in, or go out?",Human presence
S059,VL53L1X long-range ToF,12,Distance & Ranging,Standoff,Aggregate,how-many-people,How many people are in this space?,Human presence
S059,VL53L1X long-range ToF,12,Distance & Ranging,Standoff,Aggregate,object-count,How many went past?,Objects & assets
S059,VL53L1X long-range ToF,12,Distance & Ranging,Standoff,Aggregate,obstacle-ahead,Is there something in the way?,Navigation & space
S059,VL53L1X long-range ToF,12,Distance & Ranging,Standoff,Aggregate,occupancy-duration,How long has this desk/room/seat been in use?,Human presence
S059,VL53L1X long-range ToF,12,Distance & Ranging,Standoff,Aggregate,someone-present,Is anyone here?,Human presence
S080,High-g accel ADXL375,18,Motion & Vibration,Contact,None,drift-from-baseline,Has this drifted from how it behaved when new?,Machine health
S080,High-g accel ADXL375,18,Motion & Vibration,Contact,None,imbalance,Is it out of balance or misaligned?,Machine health
S080,High-g accel ADXL375,18,Motion & Vibration,Contact,None,machine-state,"Is it idle, loaded, or jammed?",Machine health
S080,High-g accel ADXL375,18,Motion & Vibration,Contact,None,object-dropped,"Was it dropped, and how hard?",Objects & assets
S080,High-g accel ADXL375,18,Motion & Vibration,Contact,None,object-moved,Has it been moved or disturbed?,Objects & assets
S080,High-g accel ADXL375,18,Motion & Vibration,Contact,None,person-fell,Did someone fall?,Human presence
S080,High-g accel ADXL375,18,Motion & Vibration,Contact,None,tamper-detected,Has someone interfered with it?,Objects & assets
S080,High-g accel ADXL375,18,Motion & Vibration,Contact,None,vehicle-speed,How fast are vehicles going past?,Security & safety
S092,DFRobot dB meter,37,Sound & Audio,Standoff,Aggregate,bearing-failing,Is a bearing starting to fail?,Machine health
S092,DFRobot dB meter,37,Sound & Audio,Standoff,Aggregate,drift-from-baseline,Has this drifted from how it behaved when new?,Machine health
S092,DFRobot dB meter,37,Sound & Audio,Standoff,Aggregate,machine-duty-cycle,How much is this machine actually used?,Machine health
S092,DFRobot dB meter,37,Sound & Audio,Standoff,Aggregate,machine-running,Is it on?,Machine health
S092,DFRobot dB meter,37,Sound & Audio,Standoff,Aggregate,occupancy-duration,How long has this desk/room/seat been in use?,Human presence
S092,DFRobot dB meter,37,Sound & Audio,Standoff,Aggregate,queue-length,"How many are waiting, and for how long?",Human presence
S092,DFRobot dB meter,37,Sound & Audio,Standoff,Aggregate,someone-present,Is anyone here?,Human presence
S092,DFRobot dB meter,37,Sound & Audio,Standoff,Aggregate,unusual-sound,Did something sound wrong?,Security & safety
S093,Ultrasonic mic experiments,6,Sound & Audio,Standoff,Raw-imagery,air-leak,"Is compressed air leaking, and where?",Machine health
S093,Ultrasonic mic experiments,6,Sound & Audio,Standoff,Raw-imagery,arc-or-discharge,Is there electrical arcing or partial discharge?,Machine health
S093,Ultrasonic mic experiments,6,Sound & Audio,Standoff,Raw-imagery,bearing-failing,Is a bearing starting to fail?,Machine health
S093,Ultrasonic mic experiments,6,Sound & Audio,Standoff,Raw-imagery,livestock-wellbeing,Are the animals comfortable and behaving normally?,Plants & soil
S093,Ultrasonic mic experiments,6,Sound & Audio,Standoff,Raw-imagery,lubrication-failing,Is lubrication breaking down?,Machine health
S093,Ultrasonic mic experiments,6,Sound & Audio,Standoff,Raw-imagery,machine-state,"Is it idle, loaded, or jammed?",Machine health
S093,Ultrasonic mic experiments,6,Sound & Audio,Standoff,Raw-imagery,ultrasonic-activity,What is making noise above human hearing?,Invisible worlds
S093,Ultrasonic mic experiments,6,Sound & Audio,Standoff,Raw-imagery,unusual-sound,Did something sound wrong?,Security & safety
S094,SW-420 vibration switch,1,Motion & Vibration,Contact,None,cycle-complete,Has the cycle finished?,Machine health
S094,SW-420 vibration switch,1,Motion & Vibration,Contact,None,drift-from-baseline,Has this drifted from how it behaved when new?,Machine health
S094,SW-420 vibration switch,1,Motion & Vibration,Contact,None,intrusion,Has someone entered who shouldn't have?,Security & safety
S094,SW-420 vibration switch,1,Motion & Vibration,Contact,None,machine-duty-cycle,How much is this machine actually used?,Machine health
S094,SW-420 vibration switch,1,Motion & Vibration,Contact,None,machine-running,Is it on?,Machine health
S094,SW-420 vibration switch,1,Motion & Vibration,Contact,None,object-dropped,"Was it dropped, and how hard?",Objects & assets
S094,SW-420 vibration switch,1,Motion & Vibration,Contact,None,object-moved,Has it been moved or disturbed?,Objects & assets
S094,SW-420 vibration switch,1,Motion & Vibration,Contact,None,tamper-detected,Has someone interfered with it?,Objects & assets
S099,FSR402 force resistor,7,Force & Weight,Contact,Aggregate,door-state,Is it open or closed?,Objects & assets
S099,FSR402 force resistor,7,Force & Weight,Contact,Aggregate,muscle-effort,"Which muscle is working, and how hard?",Body & health
S099,FSR402 force resistor,7,Force & Weight,Contact,Aggregate,object-count,How many went past?,Objects & assets
S099,FSR402 force resistor,7,Force & Weight,Contact,Aggregate,object-moved,Has it been moved or disturbed?,Objects & assets
S099,FSR402 force resistor,7,Force & Weight,Contact,Aggregate,object-present,Is the thing there?,Objects & assets
S099,FSR402 force resistor,7,Force & Weight,Contact,Aggregate,occupancy-duration,How long has this desk/room/seat been in use?,Human presence
S099,FSR402 force resistor,7,Force & Weight,Contact,Aggregate,posture,What posture is this body in?,Body & health
S099,FSR402 force resistor,7,Force & Weight,Contact,Aggregate,someone-present,Is anyone here?,Human presence
S101,Strain gauge + amp,4,Force & Weight,Contact,None,consumable-remaining,"How much is left, and how long until it runs out?",Objects & assets
S101,Strain gauge + amp,4,Force & Weight,Contact,None,cycle-complete,Has the cycle finished?,Machine health
S101,Strain gauge + amp,4,Force & Weight,Contact,None,drift-from-baseline,Has this drifted from how it behaved when new?,Machine health
S101,Strain gauge + amp,4,Force & Weight,Contact,None,imbalance,Is it out of balance or misaligned?,Machine health
S101,Strain gauge + amp,4,Force & Weight,Contact,None,machine-state,"Is it idle, loaded, or jammed?",Machine health
S101,Strain gauge + amp,4,Force & Weight,Contact,None,object-present,Is the thing there?,Objects & assets
S101,Strain gauge + amp,4,Force & Weight,Contact,None,structure-moved,Has this structure shifted or tilted since last time?,Navigation & space
S101,Strain gauge + amp,4,Force & Weight,Contact,None,tamper-detected,Has someone interfered with it?,Objects & assets
S112,MAX30102 pulse oximeter,6,Biometric & Health,Contact,Identifiable,blood-oxygen,What is the blood oxygen saturation?,Body & health
S112,MAX30102 pulse oximeter,6,Biometric & Health,Contact,Identifiable,breathing-rate,How fast are they breathing?,Body & health
S112,MAX30102 pulse oximeter,6,Biometric & Health,Contact,Identifiable,heart-rate,What is the heart rate?,Body & health
S112,MAX30102 pulse oximeter,6,Biometric & Health,Contact,Identifiable,heart-variability,How stressed or recovered is this body?,Body & health
S112,MAX30102 pulse oximeter,6,Biometric & Health,Contact,Identifiable,object-present,Is the thing there?,Objects & assets
S112,MAX30102 pulse oximeter,6,Biometric & Health,Contact,Identifiable,sleep-stage-proxy,"What sleep stage is this, roughly?",Body & health
S112,MAX30102 pulse oximeter,6,Biometric & Health,Contact,Identifiable,someone-present,Is anyone here?,Human presence
S112,MAX30102 pulse oximeter,6,Biometric & Health,Contact,Identifiable,stress-arousal,Is this person's arousal or stress rising?,Body & health
S119,BioAmp EXG Pill,25,Biometric & Health,Contact,Identifiable,blink-or-eye-move,Did they blink or move their eyes?,Body & health
S119,BioAmp EXG Pill,25,Biometric & Health,Contact,Identifiable,breathing-rate,How fast are they breathing?,Body & health
S119,BioAmp EXG Pill,25,Biometric & Health,Contact,Identifiable,heart-rate,What is the heart rate?,Body & health
S119,BioAmp EXG Pill,25,Biometric & Health,Contact,Identifiable,heart-variability,How stressed or recovered is this body?,Body & health
S119,BioAmp EXG Pill,25,Biometric & Health,Contact,Identifiable,muscle-effort,"Which muscle is working, and how hard?",Body & health
S119,BioAmp EXG Pill,25,Biometric & Health,Contact,Identifiable,posture,What posture is this body in?,Body & health
S119,BioAmp EXG Pill,25,Biometric & Health,Contact,Identifiable,stress-arousal,Is this person's arousal or stress rising?,Body & health
S119,BioAmp EXG Pill,25,Biometric & Health,Contact,Identifiable,tremor-present,"Is there a tremor, and at what frequency?",Body & health
S126,Snow/level laser (outdoor ToF),70,Weather & Outdoor,Standoff,None,consumable-remaining,"How much is left, and how long until it runs out?",Objects & assets
S126,Snow/level laser (outdoor ToF),70,Weather & Outdoor,Standoff,None,container-fullness,How full is it?,Objects & assets
S126,Snow/level laser (outdoor ToF),70,Weather & Outdoor,Standoff,None,crossed-boundary,Did something cross this line?,Human presence
S126,Snow/level laser (outdoor ToF),70,Weather & Outdoor,Standoff,None,flood-rising,"Is water rising, and how fast?",Weather & outdoors
S126,Snow/level laser (outdoor ToF),70,Weather & Outdoor,Standoff,None,obstacle-ahead,Is there something in the way?,Navigation & space
S126,Snow/level laser (outdoor ToF),70,Weather & Outdoor,Standoff,None,snow-depth,How deep is the snow?,Weather & outdoors
S126,Snow/level laser (outdoor ToF),70,Weather & Outdoor,Standoff,None,tank-level,How much is in the tank?,Water
S126,Snow/level laser (outdoor ToF),70,Weather & Outdoor,Standoff,None,vehicle-approaching,Is a vehicle arriving?,Security & safety
S138,YF-S201 flow sensor,5,Water & Liquid,Immersed,Aggregate,cycle-complete,Has the cycle finished?,Machine health
S138,YF-S201 flow sensor,5,Water & Liquid,Immersed,Aggregate,flow-rate,How fast is water flowing?,Water
S138,YF-S201 flow sensor,5,Water & Liquid,Immersed,Aggregate,pump-dry,Is the pump about to run dry?,Water
S138,YF-S201 flow sensor,5,Water & Liquid,Immersed,Aggregate,routine-broken,Has this person's daily routine changed?,Human presence
S138,YF-S201 flow sensor,5,Water & Liquid,Immersed,Aggregate,someone-present,Is anyone here?,Human presence
S138,YF-S201 flow sensor,5,Water & Liquid,Immersed,Aggregate,water-leak,Is water escaping where it shouldn't?,Water
S138,YF-S201 flow sensor,5,Water & Liquid,Immersed,Aggregate,water-used-total,"How much water was used, by whom, and when?",Water
S138,YF-S201 flow sensor,5,Water & Liquid,Immersed,Aggregate,which-appliance,Which appliance just turned on?,Energy
S145,INA226/INA228 precision power,6,Power & Electrical,Contact,None,abnormal-current,Is it drawing an abnormal amount of power?,Machine health
S145,INA226/INA228 precision power,6,Power & Electrical,Contact,None,battery-charge,How much charge is left?,Energy
S145,INA226/INA228 precision power,6,Power & Electrical,Contact,None,device-left-on,Did someone leave it switched on?,Energy
S145,INA226/INA228 precision power,6,Power & Electrical,Contact,None,energy-budget-node,Will this node survive on its battery until spring?,Energy
S145,INA226/INA228 precision power,6,Power & Electrical,Contact,None,energy-cost,What did that actually cost to run?,Energy
S145,INA226/INA228 precision power,6,Power & Electrical,Contact,None,machine-running,Is it on?,Machine health
S145,INA226/INA228 precision power,6,Power & Electrical,Contact,None,power-now,How much power is being used right now?,Energy
S145,INA226/INA228 precision power,6,Power & Electrical,Contact,None,solar-performance,Is the solar array performing as it should?,Energy
S146,ACS712 Hall current,3,Power & Electrical,Through-barrier,None,abnormal-current,Is it drawing an abnormal amount of power?,Machine health
S146,ACS712 Hall current,3,Power & Electrical,Through-barrier,None,bearing-failing,Is a bearing starting to fail?,Machine health
S146,ACS712 Hall current,3,Power & Electrical,Through-barrier,None,cycle-complete,Has the cycle finished?,Machine health
S146,ACS712 Hall current,3,Power & Electrical,Through-barrier,None,device-left-on,Did someone leave it switched on?,Energy
S146,ACS712 Hall current,3,Power & Electrical,Through-barrier,None,machine-duty-cycle,How much is this machine actually used?,Machine health
S146,ACS712 Hall current,3,Power & Electrical,Through-barrier,None,machine-running,Is it on?,Machine health
S146,ACS712 Hall current,3,Power & Electrical,Through-barrier,None,machine-state,"Is it idle, loaded, or jammed?",Machine health
S146,ACS712 Hall current,3,Power & Electrical,Through-barrier,None,power-now,How much power is being used right now?,Energy
S148,PZEM-004T AC power module,11,Power & Electrical,Contact,None,device-left-on,Did someone leave it switched on?,Energy
S148,PZEM-004T AC power module,11,Power & Electrical,Contact,None,energy-cost,What did that actually cost to run?,Energy
S148,PZEM-004T AC power module,11,Power & Electrical,Contact,None,machine-duty-cycle,How much is this machine actually used?,Machine health
S148,PZEM-004T AC power module,11,Power & Electrical,Contact,None,machine-running,Is it on?,Machine health
S148,PZEM-004T AC power module,11,Power & Electrical,Contact,None,phantom-load,What is draining power while doing nothing?,Energy
S148,PZEM-004T AC power module,11,Power & Electrical,Contact,None,power-now,How much power is being used right now?,Energy
S148,PZEM-004T AC power module,11,Power & Electrical,Contact,None,power-quality,Is the supply voltage clean and stable?,Energy
S148,PZEM-004T AC power module,11,Power & Electrical,Contact,None,which-appliance,Which appliance just turned on?,Energy
S161,MLX90640 thermal camera,45,Thermal Imaging,Standoff,Aggregate,bearing-failing,Is a bearing starting to fail?,Machine health
S161,MLX90640 thermal camera,45,Thermal Imaging,Standoff,Aggregate,how-many-people,How many people are in this space?,Human presence
S161,MLX90640 thermal camera,45,Thermal Imaging,Standoff,Aggregate,machine-state,"Is it idle, loaded, or jammed?",Machine health
S161,MLX90640 thermal camera,45,Thermal Imaging,Standoff,Aggregate,mould-risk,Is this surface going to grow mould?,Air & environment
S161,MLX90640 thermal camera,45,Thermal Imaging,Standoff,Aggregate,overheating,Is something running hotter than it should?,Machine health
S161,MLX90640 thermal camera,45,Thermal Imaging,Standoff,Aggregate,person-fell,Did someone fall?,Human presence
S161,MLX90640 thermal camera,45,Thermal Imaging,Standoff,Aggregate,someone-present,Is anyone here?,Human presence
S161,MLX90640 thermal camera,45,Thermal Imaging,Standoff,Aggregate,stove-left-on,Was the hob left on with nobody there?,Security & safety
S167,Person Sensor (Useful Sensors),10,Cameras & Vision,Standoff,Identifiable,are-they-looking,Is someone actually looking at this?,Human presence
S167,Person Sensor (Useful Sensors),10,Cameras & Vision,Standoff,Identifiable,authorised-to-use,Is this person allowed to operate this?,Security & safety
S167,Person Sensor (Useful Sensors),10,Cameras & Vision,Standoff,Identifiable,entered-or-left,"Did they come in, or go out?",Human presence
S167,Person Sensor (Useful Sensors),10,Cameras & Vision,Standoff,Identifiable,how-many-people,How many people are in this space?,Human presence
S167,Person Sensor (Useful Sensors),10,Cameras & Vision,Standoff,Identifiable,occupancy-duration,How long has this desk/room/seat been in use?,Human presence
S167,Person Sensor (Useful Sensors),10,Cameras & Vision,Standoff,Identifiable,someone-present,Is anyone here?,Human presence
S167,Person Sensor (Useful Sensors),10,Cameras & Vision,Standoff,Identifiable,where-in-room,Whereabouts in the room are they?,Human presence
S167,Person Sensor (Useful Sensors),10,Cameras & Vision,Standoff,Identifiable,who-is-it,Which specific person is this?,Human presence
S174,RC522 RFID reader,2,Identity & Tags,Contact,Identifiable,asset-location,Where is this thing right now?,Objects & assets
S174,RC522 RFID reader,2,Identity & Tags,Contact,Identifiable,authorised-to-use,Is this person allowed to operate this?,Security & safety
S174,RC522 RFID reader,2,Identity & Tags,Contact,Identifiable,entered-or-left,"Did they come in, or go out?",Human presence
S174,RC522 RFID reader,2,Identity & Tags,Contact,Identifiable,object-count,How many went past?,Objects & assets
S174,RC522 RFID reader,2,Identity & Tags,Contact,Identifiable,object-identity,Which specific object is this?,Objects & assets
S174,RC522 RFID reader,2,Identity & Tags,Contact,Identifiable,object-present,Is the thing there?,Objects & assets
S174,RC522 RFID reader,2,Identity & Tags,Contact,Identifiable,occupancy-duration,How long has this desk/room/seat been in use?,Human presence
S174,RC522 RFID reader,2,Identity & Tags,Contact,Identifiable,who-is-it,Which specific person is this?,Human presence
S176,125kHz RDM6300 RFID,3,Identity & Tags,Contact,Identifiable,asset-location,Where is this thing right now?,Objects & assets
S176,125kHz RDM6300 RFID,3,Identity & Tags,Contact,Identifiable,authorised-to-use,Is this person allowed to operate this?,Security & safety
S176,125kHz RDM6300 RFID,3,Identity & Tags,Contact,Identifiable,entered-or-left,"Did they come in, or go out?",Human presence
S176,125kHz RDM6300 RFID,3,Identity & Tags,Contact,Identifiable,livestock-wellbeing,Are the animals comfortable and behaving normally?,Plants & soil
S176,125kHz RDM6300 RFID,3,Identity & Tags,Contact,Identifiable,object-count,How many went past?,Objects & assets
S176,125kHz RDM6300 RFID,3,Identity & Tags,Contact,Identifiable,object-identity,Which specific object is this?,Objects & assets
S176,125kHz RDM6300 RFID,3,Identity & Tags,Contact,Identifiable,object-present,Is the thing there?,Objects & assets
S176,125kHz RDM6300 RFID,3,Identity & Tags,Contact,Identifiable,who-is-it,Which specific person is this?,Human presence
S177,FS3000 air velocity,26,Weather & Outdoor,Immersed,None,air-leak,"Is compressed air leaking, and where?",Machine health
S177,FS3000 air velocity,26,Weather & Outdoor,Immersed,None,air-stuffy,Is this room stuffy — does it need fresh air?,Air & environment
S177,FS3000 air velocity,26,Weather & Outdoor,Immersed,None,cycle-complete,Has the cycle finished?,Machine health
S177,FS3000 air velocity,26,Weather & Outdoor,Immersed,None,drift-from-baseline,Has this drifted from how it behaved when new?,Machine health
S177,FS3000 air velocity,26,Weather & Outdoor,Immersed,None,filter-clogged,Is the filter blocked?,Machine health
S177,FS3000 air velocity,26,Weather & Outdoor,Immersed,None,machine-running,Is it on?,Machine health
S177,FS3000 air velocity,26,Weather & Outdoor,Immersed,None,overheating,Is something running hotter than it should?,Machine health
S177,FS3000 air velocity,26,Weather & Outdoor,Immersed,None,ventilation-adequate,Is ventilation actually working?,Air & environment
S183,Thermal flow: SDP + thermistor DIY,40,Frontier Sensing,Immersed,None,air-leak,"Is compressed air leaking, and where?",Machine health
S183,Thermal flow: SDP + thermistor DIY,40,Frontier Sensing,Immersed,None,breathing-rate,How fast are they breathing?,Body & health
S183,Thermal flow: SDP + thermistor DIY,40,Frontier Sensing,Immersed,None,cycle-complete,Has the cycle finished?,Machine health
S183,Thermal flow: SDP + thermistor DIY,40,Frontier Sensing,Immersed,None,drift-from-baseline,Has this drifted from how it behaved when new?,Machine health
S183,Thermal flow: SDP + thermistor DIY,40,Frontier Sensing,Immersed,None,filter-clogged,Is the filter blocked?,Machine health
S183,Thermal flow: SDP + thermistor DIY,40,Frontier Sensing,Immersed,None,growth-rate,How fast is it growing?,Plants & soil
S183,Thermal flow: SDP + thermistor DIY,40,Frontier Sensing,Immersed,None,machine-running,Is it on?,Machine health
S183,Thermal flow: SDP + thermistor DIY,40,Frontier Sensing,Immersed,None,ventilation-adequate,Is ventilation actually working?,Air & environment
S189,AHT20 temp/humidity,2,Humidity & Moisture,Standoff,None,air-stuffy,Is this room stuffy — does it need fresh air?,Air & environment
S189,AHT20 temp/humidity,2,Humidity & Moisture,Standoff,None,coating-cured,"Has the paint, resin or glue finished curing?",Materials & chemistry
S189,AHT20 temp/humidity,2,Humidity & Moisture,Standoff,None,disease-pressure,Are conditions right for fungal disease?,Plants & soil
S189,AHT20 temp/humidity,2,Humidity & Moisture,Standoff,None,drift-from-baseline,Has this drifted from how it behaved when new?,Machine health
S189,AHT20 temp/humidity,2,Humidity & Moisture,Standoff,None,frost-tonight,Will there be frost tonight?,Weather & outdoors
S189,AHT20 temp/humidity,2,Humidity & Moisture,Standoff,None,heat-island,How much hotter is this spot than the next street?,Weather & outdoors
S189,AHT20 temp/humidity,2,Humidity & Moisture,Standoff,None,mould-risk,Is this surface going to grow mould?,Air & environment
S189,AHT20 temp/humidity,2,Humidity & Moisture,Standoff,None,too-dry,"Is the air dry enough to damage wood, skin or instruments?",Air & environment
S191,SHTC3 tiny low-power RH/T,4,Humidity & Moisture,Standoff,None,air-stuffy,Is this room stuffy — does it need fresh air?,Air & environment
S191,SHTC3 tiny low-power RH/T,4,Humidity & Moisture,Standoff,None,drift-from-baseline,Has this drifted from how it behaved when new?,Machine health
S191,SHTC3 tiny low-power RH/T,4,Humidity & Moisture,Standoff,None,energy-budget-node,Will this node survive on its battery until spring?,Energy
S191,SHTC3 tiny low-power RH/T,4,Humidity & Moisture,Standoff,None,frost-tonight,Will there be frost tonight?,Weather & outdoors
S191,SHTC3 tiny low-power RH/T,4,Humidity & Moisture,Standoff,None,livestock-wellbeing,Are the animals comfortable and behaving normally?,Plants & soil
S191,SHTC3 tiny low-power RH/T,4,Humidity & Moisture,Standoff,None,mould-risk,Is this surface going to grow mould?,Air & environment
S191,SHTC3 tiny low-power RH/T,4,Humidity & Moisture,Standoff,None,someone-present,Is anyone here?,Human presence
S191,SHTC3 tiny low-power RH/T,4,Humidity & Moisture,Standoff,None,too-dry,"Is the air dry enough to damage wood, skin or instruments?",Air & environment
S216,Inclinometer SCL3300,35,Position & Rotation,Contact,None,am-i-level,"Is this level, and by how much is it off?",Navigation & space
S216,Inclinometer SCL3300,35,Position & Rotation,Contact,None,drift-from-baseline,Has this drifted from how it behaved when new?,Machine health
S216,Inclinometer SCL3300,35,Position & Rotation,Contact,None,machine-state,"Is it idle, loaded, or jammed?",Machine health
S216,Inclinometer SCL3300,35,Position & Rotation,Contact,None,object-moved,Has it been moved or disturbed?,Objects & assets
S216,Inclinometer SCL3300,35,Position & Rotation,Contact,None,returned-to-spot,Am I back at the exact same place?,Navigation & space
S216,Inclinometer SCL3300,35,Position & Rotation,Contact,None,solar-performance,Is the solar array performing as it should?,Energy
S216,Inclinometer SCL3300,35,Position & Rotation,Contact,None,structure-moved,Has this structure shifted or tilted since last time?,Navigation & space
S216,Inclinometer SCL3300,35,Position & Rotation,Contact,None,tamper-detected,Has someone interfered with it?,Objects & assets
S234,Transit-time ultrasonic flow (clamp-on),85,Water & Liquid,Through-barrier,Aggregate,drift-from-baseline,Has this drifted from how it behaved when new?,Machine health
S234,Transit-time ultrasonic flow (clamp-on),85,Water & Liquid,Through-barrier,Aggregate,flow-rate,How fast is water flowing?,Water
S234,Transit-time ultrasonic flow (clamp-on),85,Water & Liquid,Through-barrier,Aggregate,machine-duty-cycle,How much is this machine actually used?,Machine health
S234,Transit-time ultrasonic flow (clamp-on),85,Water & Liquid,Through-barrier,Aggregate,machine-running,Is it on?,Machine health
S234,Transit-time ultrasonic flow (clamp-on),85,Water & Liquid,Through-barrier,Aggregate,pump-dry,Is the pump about to run dry?,Water
S234,Transit-time ultrasonic flow (clamp-on),85,Water & Liquid,Through-barrier,Aggregate,thermal-energy-moved,How much heat did this water actually carry?,Water
S234,Transit-time ultrasonic flow (clamp-on),85,Water & Liquid,Through-barrier,Aggregate,water-leak,Is water escaping where it shouldn't?,Water
S234,Transit-time ultrasonic flow (clamp-on),85,Water & Liquid,Through-barrier,Aggregate,water-used-total,"How much water was used, by whom, and when?",Water
S236,Bat/dolphin: 40kHz ranging array,8,Frontier Sensing,Standoff,Aggregate,crossed-boundary,Did something cross this line?,Human presence
S236,Bat/dolphin: 40kHz ranging array,8,Frontier Sensing,Standoff,Aggregate,map-surroundings,What is the shape of the space around me?,Navigation & space
S236,Bat/dolphin: 40kHz ranging array,8,Frontier Sensing,Standoff,Aggregate,object-count,How many went past?,Objects & assets
S236,Bat/dolphin: 40kHz ranging array,8,Frontier Sensing,Standoff,Aggregate,object-present,Is the thing there?,Objects & assets
S236,Bat/dolphin: 40kHz ranging array,8,Frontier Sensing,Standoff,Aggregate,obstacle-ahead,Is there something in the way?,Navigation & space
S236,Bat/dolphin: 40kHz ranging array,8,Frontier Sensing,Standoff,Aggregate,someone-present,Is anyone here?,Human presence
S236,Bat/dolphin: 40kHz ranging array,8,Frontier Sensing,Standoff,Aggregate,tank-level,How much is in the tank?,Water
S236,Bat/dolphin: 40kHz ranging array,8,Frontier Sensing,Standoff,Aggregate,where-in-room,Whereabouts in the room are they?,Human presence
S238,Ground vibration fence: fiber + photodiode,10,Frontier Sensing,Contact,Aggregate,crossed-boundary,Did something cross this line?,Human presence
S238,Ground vibration fence: fiber + photodiode,10,Frontier Sensing,Contact,Aggregate,intrusion,Has someone entered who shouldn't have?,Security & safety
S238,Ground vibration fence: fiber + photodiode,10,Frontier Sensing,Contact,Aggregate,livestock-wellbeing,Are the animals comfortable and behaving normally?,Plants & soil
S238,Ground vibration fence: fiber + photodiode,10,Frontier Sensing,Contact,Aggregate,object-moved,Has it been moved or disturbed?,Objects & assets
S238,Ground vibration fence: fiber + photodiode,10,Frontier Sensing,Contact,Aggregate,perimeter-crossed,"Was the boundary crossed, and where along it?",Security & safety
S238,Ground vibration fence: fiber + photodiode,10,Frontier Sensing,Contact,Aggregate,structure-moved,Has this structure shifted or tilted since last time?,Navigation & space
S238,Ground vibration fence: fiber + photodiode,10,Frontier Sensing,Contact,Aggregate,tamper-detected,Has someone interfered with it?,Objects & assets
S238,Ground vibration fence: fiber + photodiode,10,Frontier Sensing,Contact,Aggregate,wind-conditions,"How windy is it, and from where?",Weather & outdoors
S003,MCP9808 precision temp,5,Temperature,Contact,None,device-left-on,Did someone leave it switched on?,Energy
S003,MCP9808 precision temp,5,Temperature,Contact,None,drift-from-baseline,Has this drifted from how it behaved when new?,Machine health
S003,MCP9808 precision temp,5,Temperature,Contact,None,food-fresh,Is this food still good?,Materials & chemistry
S003,MCP9808 precision temp,5,Temperature,Contact,None,frost-tonight,Will there be frost tonight?,Weather & outdoors
S003,MCP9808 precision temp,5,Temperature,Contact,None,machine-running,Is it on?,Machine health
S003,MCP9808 precision temp,5,Temperature,Contact,None,object-temperature,How hot is that surface?,Objects & assets
S003,MCP9808 precision temp,5,Temperature,Contact,None,overheating,Is something running hotter than it should?,Machine health
S005,MAX31865 RTD amplifier,15,Temperature,Contact,None,coating-cured,"Has the paint, resin or glue finished curing?",Materials & chemistry
S005,MAX31865 RTD amplifier,15,Temperature,Contact,None,cycle-complete,Has the cycle finished?,Machine health
S005,MAX31865 RTD amplifier,15,Temperature,Contact,None,drift-from-baseline,Has this drifted from how it behaved when new?,Machine health
S005,MAX31865 RTD amplifier,15,Temperature,Contact,None,object-temperature,How hot is that surface?,Objects & assets
S005,MAX31865 RTD amplifier,15,Temperature,Contact,None,overheating,Is something running hotter than it should?,Machine health
S005,MAX31865 RTD amplifier,15,Temperature,Contact,None,thermal-energy-moved,How much heat did this water actually carry?,Water
S005,MAX31865 RTD amplifier,15,Temperature,Contact,None,water-hot-enough,Is the water at the right temperature?,Water
S006,NTC thermistor 10k,0.3,Temperature,Contact,None,drift-from-baseline,Has this drifted from how it behaved when new?,Machine health
S006,NTC thermistor 10k,0.3,Temperature,Contact,None,frost-tonight,Will there be frost tonight?,Weather & outdoors
S006,NTC thermistor 10k,0.3,Temperature,Contact,None,machine-running,Is it on?,Machine health
S006,NTC thermistor 10k,0.3,Temperature,Contact,None,object-temperature,How hot is that surface?,Objects & assets
S006,NTC thermistor 10k,0.3,Temperature,Contact,None,overheating,Is something running hotter than it should?,Machine health
S006,NTC thermistor 10k,0.3,Temperature,Contact,None,someone-present,Is anyone here?,Human presence
S006,NTC thermistor 10k,0.3,Temperature,Contact,None,water-hot-enough,Is the water at the right temperature?,Water
S014,HDC3022 humidity + temp,7,Humidity & Moisture,Standoff,None,disease-pressure,Are conditions right for fungal disease?,Plants & soil
S014,HDC3022 humidity + temp,7,Humidity & Moisture,Standoff,None,drift-from-baseline,Has this drifted from how it behaved when new?,Machine health
S014,HDC3022 humidity + temp,7,Humidity & Moisture,Standoff,None,mould-risk,Is this surface going to grow mould?,Air & environment
S014,HDC3022 humidity + temp,7,Humidity & Moisture,Standoff,None,tamper-detected,Has someone interfered with it?,Objects & assets
S014,HDC3022 humidity + temp,7,Humidity & Moisture,Standoff,None,too-dry,"Is the air dry enough to damage wood, skin or instruments?",Air & environment
S014,HDC3022 humidity + temp,7,Humidity & Moisture,Standoff,None,ventilation-adequate,Is ventilation actually working?,Air & environment
S014,HDC3022 humidity + temp,7,Humidity & Moisture,Standoff,None,water-leak,Is water escaping where it shouldn't?,Water
S020,SDP810 differential pressure,35,Pressure & Altitude,Standoff,None,air-leak,"Is compressed air leaking, and where?",Machine health
S020,SDP810 differential pressure,35,Pressure & Altitude,Standoff,None,breathing-rate,How fast are they breathing?,Body & health
S020,SDP810 differential pressure,35,Pressure & Altitude,Standoff,None,cycle-complete,Has the cycle finished?,Machine health
S020,SDP810 differential pressure,35,Pressure & Altitude,Standoff,None,filter-clogged,Is the filter blocked?,Machine health
S020,SDP810 differential pressure,35,Pressure & Altitude,Standoff,None,machine-duty-cycle,How much is this machine actually used?,Machine health
S020,SDP810 differential pressure,35,Pressure & Altitude,Standoff,None,machine-state,"Is it idle, loaded, or jammed?",Machine health
S020,SDP810 differential pressure,35,Pressure & Altitude,Standoff,None,ventilation-adequate,Is ventilation actually working?,Air & environment
S025,ENS160 air quality,9,Gas & VOC,Standoff,Aggregate,air-stuffy,Is this room stuffy — does it need fresh air?,Air & environment
S025,ENS160 air quality,9,Gas & VOC,Standoff,Aggregate,coating-cured,"Has the paint, resin or glue finished curing?",Materials & chemistry
S025,ENS160 air quality,9,Gas & VOC,Standoff,Aggregate,cooking-detected,Is someone cooking?,Air & environment
S025,ENS160 air quality,9,Gas & VOC,Standoff,Aggregate,smell-signature,What does this smell like — which known smell is it?,Air & environment
S025,ENS160 air quality,9,Gas & VOC,Standoff,Aggregate,someone-present,Is anyone here?,Human presence
S025,ENS160 air quality,9,Gas & VOC,Standoff,Aggregate,ventilation-adequate,Is ventilation actually working?,Air & environment
S025,ENS160 air quality,9,Gas & VOC,Standoff,Aggregate,voc-event,Did something start off-gassing or smelling?,Air & environment
S031,MiCS-6814 tri-gas,20,Gas & VOC,Standoff,None,co-present,Is there carbon monoxide?,Air & environment
S031,MiCS-6814 tri-gas,20,Gas & VOC,Standoff,None,cooking-detected,Is someone cooking?,Air & environment
S031,MiCS-6814 tri-gas,20,Gas & VOC,Standoff,None,gas-leak,Is there a flammable gas leak?,Air & environment
S031,MiCS-6814 tri-gas,20,Gas & VOC,Standoff,None,livestock-wellbeing,Are the animals comfortable and behaving normally?,Plants & soil
S031,MiCS-6814 tri-gas,20,Gas & VOC,Standoff,None,smell-signature,What does this smell like — which known smell is it?,Air & environment
S031,MiCS-6814 tri-gas,20,Gas & VOC,Standoff,None,ventilation-adequate,Is ventilation actually working?,Air & environment
S031,MiCS-6814 tri-gas,20,Gas & VOC,Standoff,None,voc-event,Did something start off-gassing or smelling?,Air & environment
S032,SGP30 eCO2/TVOC (legacy),10,Gas & VOC,Standoff,Aggregate,air-stuffy,Is this room stuffy — does it need fresh air?,Air & environment
S032,SGP30 eCO2/TVOC (legacy),10,Gas & VOC,Standoff,Aggregate,coating-cured,"Has the paint, resin or glue finished curing?",Materials & chemistry
S032,SGP30 eCO2/TVOC (legacy),10,Gas & VOC,Standoff,Aggregate,cooking-detected,Is someone cooking?,Air & environment
S032,SGP30 eCO2/TVOC (legacy),10,Gas & VOC,Standoff,Aggregate,smell-signature,What does this smell like — which known smell is it?,Air & environment
S032,SGP30 eCO2/TVOC (legacy),10,Gas & VOC,Standoff,Aggregate,someone-present,Is anyone here?,Human presence
S032,SGP30 eCO2/TVOC (legacy),10,Gas & VOC,Standoff,Aggregate,ventilation-adequate,Is ventilation actually working?,Air & environment
S032,SGP30 eCO2/TVOC (legacy),10,Gas & VOC,Standoff,Aggregate,voc-event,Did something start off-gassing or smelling?,Air & environment
S049,Photoresistor (LDR),0.2,Light & UV,Standoff,None,crossed-boundary,Did something cross this line?,Human presence
S049,Photoresistor (LDR),0.2,Light & UV,Standoff,None,device-left-on,Did someone leave it switched on?,Energy
S049,Photoresistor (LDR),0.2,Light & UV,Standoff,None,door-state,Is it open or closed?,Objects & assets
S049,Photoresistor (LDR),0.2,Light & UV,Standoff,None,light-dose-daily,Has this plant had enough light today?,Plants & soil
S049,Photoresistor (LDR),0.2,Light & UV,Standoff,None,machine-running,Is it on?,Machine health
S049,Photoresistor (LDR),0.2,Light & UV,Standoff,None,object-count,How many went past?,Objects & assets
S049,Photoresistor (LDR),0.2,Light & UV,Standoff,None,sky-clear,Is the sky clear or clouded?,Weather & outdoors
S064,A02YYUW waterproof ultrasonic,9,Distance & Ranging,Standoff,None,consumable-remaining,"How much is left, and how long until it runs out?",Objects & assets
S064,A02YYUW waterproof ultrasonic,9,Distance & Ranging,Standoff,None,container-fullness,How full is it?,Objects & assets
S064,A02YYUW waterproof ultrasonic,9,Distance & Ranging,Standoff,None,flood-rising,"Is water rising, and how fast?",Weather & outdoors
S064,A02YYUW waterproof ultrasonic,9,Distance & Ranging,Standoff,None,object-present,Is the thing there?,Objects & assets
S064,A02YYUW waterproof ultrasonic,9,Distance & Ranging,Standoff,None,pump-dry,Is the pump about to run dry?,Water
S064,A02YYUW waterproof ultrasonic,9,Distance & Ranging,Standoff,None,snow-depth,How deep is the snow?,Weather & outdoors
S064,A02YYUW waterproof ultrasonic,9,Distance & Ranging,Standoff,None,tank-level,How much is in the tank?,Water
S110,Conductive rubber stretch cord,10,Flex & Stretch,Contact,None,breathing-rate,How fast are they breathing?,Body & health
S110,Conductive rubber stretch cord,10,Flex & Stretch,Contact,None,breathing-stopped,Has breathing become irregular or stopped?,Body & health
S110,Conductive rubber stretch cord,10,Flex & Stretch,Contact,None,door-state,Is it open or closed?,Objects & assets
S110,Conductive rubber stretch cord,10,Flex & Stretch,Contact,None,gait-quality,How is this person walking?,Body & health
S110,Conductive rubber stretch cord,10,Flex & Stretch,Contact,None,joint-angle,"What angle is this joint at, through its range?",Body & health
S110,Conductive rubber stretch cord,10,Flex & Stretch,Contact,None,object-moved,Has it been moved or disturbed?,Objects & assets
S110,Conductive rubber stretch cord,10,Flex & Stretch,Contact,None,posture,What posture is this body in?,Body & health
S111,Bend Labs digital flex (1-axis),70,Flex & Stretch,Contact,None,breathing-rate,How fast are they breathing?,Body & health
S111,Bend Labs digital flex (1-axis),70,Flex & Stretch,Contact,None,gait-quality,How is this person walking?,Body & health
S111,Bend Labs digital flex (1-axis),70,Flex & Stretch,Contact,None,joint-angle,"What angle is this joint at, through its range?",Body & health
S111,Bend Labs digital flex (1-axis),70,Flex & Stretch,Contact,None,object-moved,Has it been moved or disturbed?,Objects & assets
S111,Bend Labs digital flex (1-axis),70,Flex & Stretch,Contact,None,posture,What posture is this body in?,Body & health
S111,Bend Labs digital flex (1-axis),70,Flex & Stretch,Contact,None,structure-moved,Has this structure shifted or tilted since last time?,Navigation & space
S111,Bend Labs digital flex (1-axis),70,Flex & Stretch,Contact,None,tremor-present,"Is there a tremor, and at what frequency?",Body & health
S120,Fingerprint reader R503,20,Identity & Tags,Contact,Identifiable,authorised-to-use,Is this person allowed to operate this?,Security & safety
S120,Fingerprint reader R503,20,Identity & Tags,Contact,Identifiable,entered-or-left,"Did they come in, or go out?",Human presence
S120,Fingerprint reader R503,20,Identity & Tags,Contact,Identifiable,object-identity,Which specific object is this?,Objects & assets
S120,Fingerprint reader R503,20,Identity & Tags,Contact,Identifiable,occupancy-duration,How long has this desk/room/seat been in use?,Human presence
S120,Fingerprint reader R503,20,Identity & Tags,Contact,Identifiable,someone-present,Is anyone here?,Human presence
S120,Fingerprint reader R503,20,Identity & Tags,Contact,Identifiable,tamper-detected,Has someone interfered with it?,Objects & assets
S120,Fingerprint reader R503,20,Identity & Tags,Contact,Identifiable,who-is-it,Which specific person is this?,Human presence
S147,SCT-013 CT clamp,10,Power & Electrical,Through-barrier,Aggregate,abnormal-current,Is it drawing an abnormal amount of power?,Machine health
S147,SCT-013 CT clamp,10,Power & Electrical,Through-barrier,Aggregate,device-left-on,Did someone leave it switched on?,Energy
S147,SCT-013 CT clamp,10,Power & Electrical,Through-barrier,Aggregate,machine-running,Is it on?,Machine health
S147,SCT-013 CT clamp,10,Power & Electrical,Through-barrier,Aggregate,machine-state,"Is it idle, loaded, or jammed?",Machine health
S147,SCT-013 CT clamp,10,Power & Electrical,Through-barrier,Aggregate,phantom-load,What is draining power while doing nothing?,Energy
S147,SCT-013 CT clamp,10,Power & Electrical,Through-barrier,Aggregate,power-now,How much power is being used right now?,Energy
S147,SCT-013 CT clamp,10,Power & Electrical,Through-barrier,Aggregate,which-appliance,Which appliance just turned on?,Energy
S163,FLIR Lepton 3.5,240,Thermal Imaging,Standoff,Identifiable,bearing-failing,Is a bearing starting to fail?,Machine health
S163,FLIR Lepton 3.5,240,Thermal Imaging,Standoff,Identifiable,fire-present,Is there a flame?,Security & safety
S163,FLIR Lepton 3.5,240,Thermal Imaging,Standoff,Identifiable,how-many-people,How many people are in this space?,Human presence
S163,FLIR Lepton 3.5,240,Thermal Imaging,Standoff,Identifiable,machine-state,"Is it idle, loaded, or jammed?",Machine health
S163,FLIR Lepton 3.5,240,Thermal Imaging,Standoff,Identifiable,overheating,Is something running hotter than it should?,Machine health
S163,FLIR Lepton 3.5,240,Thermal Imaging,Standoff,Identifiable,person-fell,Did someone fall?,Human presence
S163,FLIR Lepton 3.5,240,Thermal Imaging,Standoff,Identifiable,someone-present,Is anyone here?,Human presence
S165,OV2640 camera (ESP32-CAM),8,Cameras & Vision,Standoff,Raw-imagery,growth-rate,How fast is it growing?,Plants & soil
S165,OV2640 camera (ESP32-CAM),8,Cameras & Vision,Standoff,Raw-imagery,intrusion,Has someone entered who shouldn't have?,Security & safety
S165,OV2640 camera (ESP32-CAM),8,Cameras & Vision,Standoff,Raw-imagery,machine-state,"Is it idle, loaded, or jammed?",Machine health
S165,OV2640 camera (ESP32-CAM),8,Cameras & Vision,Standoff,Raw-imagery,object-count,How many went past?,Objects & assets
S165,OV2640 camera (ESP32-CAM),8,Cameras & Vision,Standoff,Raw-imagery,object-identity,Which specific object is this?,Objects & assets
S165,OV2640 camera (ESP32-CAM),8,Cameras & Vision,Standoff,Raw-imagery,object-present,Is the thing there?,Objects & assets
S165,OV2640 camera (ESP32-CAM),8,Cameras & Vision,Standoff,Raw-imagery,someone-present,Is anyone here?,Human presence
S172,EMF / RF field probes,12,RF & Electromagnetic,Standoff,None,arc-or-discharge,Is there electrical arcing or partial discharge?,Machine health
S172,EMF / RF field probes,12,RF & Electromagnetic,Standoff,None,device-left-on,Did someone leave it switched on?,Energy
S172,EMF / RF field probes,12,RF & Electromagnetic,Standoff,None,drift-from-baseline,Has this drifted from how it behaved when new?,Machine health
S172,EMF / RF field probes,12,RF & Electromagnetic,Standoff,None,hidden-wiring,Where is the wiring or metal inside this wall?,Invisible worlds
S172,EMF / RF field probes,12,RF & Electromagnetic,Standoff,None,machine-running,Is it on?,Machine health
S172,EMF / RF field probes,12,RF & Electromagnetic,Standoff,None,magnetic-anomaly,Is there ferrous metal or a field distortion here?,Invisible worlds
S172,EMF / RF field probes,12,RF & Electromagnetic,Standoff,None,rf-activity,"What is transmitting nearby, and how strongly?",Invisible worlds
S190,Si7021 humidity/temp,4,Humidity & Moisture,Standoff,None,air-stuffy,Is this room stuffy — does it need fresh air?,Air & environment
S190,Si7021 humidity/temp,4,Humidity & Moisture,Standoff,None,coating-cured,"Has the paint, resin or glue finished curing?",Materials & chemistry
S190,Si7021 humidity/temp,4,Humidity & Moisture,Standoff,None,disease-pressure,Are conditions right for fungal disease?,Plants & soil
S190,Si7021 humidity/temp,4,Humidity & Moisture,Standoff,None,drift-from-baseline,Has this drifted from how it behaved when new?,Machine health
S190,Si7021 humidity/temp,4,Humidity & Moisture,Standoff,None,frost-tonight,Will there be frost tonight?,Weather & outdoors
S190,Si7021 humidity/temp,4,Humidity & Moisture,Standoff,None,mould-risk,Is this surface going to grow mould?,Air & environment
S190,Si7021 humidity/temp,4,Humidity & Moisture,Standoff,None,too-dry,"Is the air dry enough to damage wood, skin or instruments?",Air & environment
S192,BMP280 budget barometer,1.5,Pressure & Altitude,Standoff,None,door-state,Is it open or closed?,Objects & assets
S192,BMP280 budget barometer,1.5,Pressure & Altitude,Standoff,None,drift-from-baseline,Has this drifted from how it behaved when new?,Machine health
S192,BMP280 budget barometer,1.5,Pressure & Altitude,Standoff,None,how-high,What altitude or floor am I on?,Navigation & space
S192,BMP280 budget barometer,1.5,Pressure & Altitude,Standoff,None,machine-state,"Is it idle, loaded, or jammed?",Machine health
S192,BMP280 budget barometer,1.5,Pressure & Altitude,Standoff,None,returned-to-spot,Am I back at the exact same place?,Navigation & space
S192,BMP280 budget barometer,1.5,Pressure & Altitude,Standoff,None,sky-clear,Is the sky clear or clouded?,Weather & outdoors
S192,BMP280 budget barometer,1.5,Pressure & Altitude,Standoff,None,storm-approaching,Is a storm coming?,Weather & outdoors
S196,VCNL4040 proximity + lux,6,Distance & Ranging,Standoff,Aggregate,container-fullness,How full is it?,Objects & assets
S196,VCNL4040 proximity + lux,6,Distance & Ranging,Standoff,Aggregate,crossed-boundary,Did something cross this line?,Human presence
S196,VCNL4040 proximity + lux,6,Distance & Ranging,Standoff,Aggregate,door-state,Is it open or closed?,Objects & assets
S196,VCNL4040 proximity + lux,6,Distance & Ranging,Standoff,Aggregate,light-dose-daily,Has this plant had enough light today?,Plants & soil
S196,VCNL4040 proximity + lux,6,Distance & Ranging,Standoff,Aggregate,object-count,How many went past?,Objects & assets
S196,VCNL4040 proximity + lux,6,Distance & Ranging,Standoff,Aggregate,object-present,Is the thing there?,Objects & assets
S196,VCNL4040 proximity + lux,6,Distance & Ranging,Standoff,Aggregate,someone-present,Is anyone here?,Human presence
S198,MaxBotix MB7389 weather LV,110,Distance & Ranging,Standoff,None,consumable-remaining,"How much is left, and how long until it runs out?",Objects & assets
S198,MaxBotix MB7389 weather LV,110,Distance & Ranging,Standoff,None,container-fullness,How full is it?,Objects & assets
S198,MaxBotix MB7389 weather LV,110,Distance & Ranging,Standoff,None,crossed-boundary,Did something cross this line?,Human presence
S198,MaxBotix MB7389 weather LV,110,Distance & Ranging,Standoff,None,flood-rising,"Is water rising, and how fast?",Weather & outdoors
S198,MaxBotix MB7389 weather LV,110,Distance & Ranging,Standoff,None,object-present,Is the thing there?,Objects & assets
S198,MaxBotix MB7389 weather LV,110,Distance & Ranging,Standoff,None,snow-depth,How deep is the snow?,Weather & outdoors
S198,MaxBotix MB7389 weather LV,110,Distance & Ranging,Standoff,None,tank-level,How much is in the tank?,Water
S202,AGS02MA TVOC budget,4,Gas & VOC,Standoff,Aggregate,air-stuffy,Is this room stuffy — does it need fresh air?,Air & environment
S202,AGS02MA TVOC budget,4,Gas & VOC,Standoff,Aggregate,coating-cured,"Has the paint, resin or glue finished curing?",Materials & chemistry
S202,AGS02MA TVOC budget,4,Gas & VOC,Standoff,Aggregate,cooking-detected,Is someone cooking?,Air & environment
S202,AGS02MA TVOC budget,4,Gas & VOC,Standoff,Aggregate,smell-signature,What does this smell like — which known smell is it?,Air & environment
S202,AGS02MA TVOC budget,4,Gas & VOC,Standoff,Aggregate,someone-present,Is anyone here?,Human presence
S202,AGS02MA TVOC budget,4,Gas & VOC,Standoff,Aggregate,ventilation-adequate,Is ventilation actually working?,Air & environment
S202,AGS02MA TVOC budget,4,Gas & VOC,Standoff,Aggregate,voc-event,Did something start off-gassing or smelling?,Air & environment
S208,MAX4466 adjustable mic amp,6,Sound & Audio,Standoff,Raw-imagery,bearing-failing,Is a bearing starting to fail?,Machine health
S208,MAX4466 adjustable mic amp,6,Sound & Audio,Standoff,Raw-imagery,cycle-complete,Has the cycle finished?,Machine health
S208,MAX4466 adjustable mic amp,6,Sound & Audio,Standoff,Raw-imagery,glass-broken,Did glass break?,Security & safety
S208,MAX4466 adjustable mic amp,6,Sound & Audio,Standoff,Raw-imagery,machine-running,Is it on?,Machine health
S208,MAX4466 adjustable mic amp,6,Sound & Audio,Standoff,Raw-imagery,machine-state,"Is it idle, loaded, or jammed?",Machine health
S208,MAX4466 adjustable mic amp,6,Sound & Audio,Standoff,Raw-imagery,someone-present,Is anyone here?,Human presence
S208,MAX4466 adjustable mic amp,6,Sound & Audio,Standoff,Raw-imagery,unusual-sound,Did something sound wrong?,Security & safety
S211,Optical infrared water-in-fuel,18,Water & Liquid,Immersed,None,consumable-remaining,"How much is left, and how long until it runs out?",Objects & assets
S211,Optical infrared water-in-fuel,18,Water & Liquid,Immersed,None,container-fullness,How full is it?,Objects & assets
S211,Optical infrared water-in-fuel,18,Water & Liquid,Immersed,None,flood-rising,"Is water rising, and how fast?",Weather & outdoors
S211,Optical infrared water-in-fuel,18,Water & Liquid,Immersed,None,object-present,Is the thing there?,Objects & assets
S211,Optical infrared water-in-fuel,18,Water & Liquid,Immersed,None,pump-dry,Is the pump about to run dry?,Water
S211,Optical infrared water-in-fuel,18,Water & Liquid,Immersed,None,tank-level,How much is in the tank?,Water
S211,Optical infrared water-in-fuel,18,Water & Liquid,Immersed,None,water-leak,Is water escaping where it shouldn't?,Water
S258,OBD-II port as a sensor bus,6.0,Industrial & Automotive,Contact,Identifiable,abnormal-current,Is it drawing an abnormal amount of power?,Machine health
S258,OBD-II port as a sensor bus,6.0,Industrial & Automotive,Contact,Identifiable,drift-from-baseline,Has this drifted from how it behaved when new?,Machine health
S258,OBD-II port as a sensor bus,6.0,Industrial & Automotive,Contact,Identifiable,how-fast-moving,How fast am I moving?,Navigation & space
S258,OBD-II port as a sensor bus,6.0,Industrial & Automotive,Contact,Identifiable,machine-duty-cycle,How much is this machine actually used?,Machine health
S258,OBD-II port as a sensor bus,6.0,Industrial & Automotive,Contact,Identifiable,machine-running,Is it on?,Machine health
S258,OBD-II port as a sensor bus,6.0,Industrial & Automotive,Contact,Identifiable,overheating,Is something running hotter than it should?,Machine health
S258,OBD-II port as a sensor bus,6.0,Industrial & Automotive,Contact,Identifiable,rotation-speed,How fast is it turning?,Machine health
S333,VL53L8CX 8x8 depth zone array,25.0,Distance & Ranging,Standoff,Aggregate,entered-or-left,"Did they come in, or go out?",Human presence
S333,VL53L8CX 8x8 depth zone array,25.0,Distance & Ranging,Standoff,Aggregate,how-many-people,How many people are in this space?,Human presence
S333,VL53L8CX 8x8 depth zone array,25.0,Distance & Ranging,Standoff,Aggregate,object-count,How many went past?,Objects & assets
S333,VL53L8CX 8x8 depth zone array,25.0,Distance & Ranging,Standoff,Aggregate,obstacle-ahead,Is there something in the way?,Navigation & space
S333,VL53L8CX 8x8 depth zone array,25.0,Distance & Ranging,Standoff,Aggregate,person-fell,Did someone fall?,Human presence
S333,VL53L8CX 8x8 depth zone array,25.0,Distance & Ranging,Standoff,Aggregate,posture,What posture is this body in?,Body & health
S333,VL53L8CX 8x8 depth zone array,25.0,Distance & Ranging,Standoff,Aggregate,where-in-room,Whereabouts in the room are they?,Human presence
S337,Benewake TF03 long-range industrial LiDAR,180.0,Distance & Ranging,Remote,None,container-fullness,How full is it?,Objects & assets
S337,Benewake TF03 long-range industrial LiDAR,180.0,Distance & Ranging,Remote,None,flood-rising,"Is water rising, and how fast?",Weather & outdoors
S337,Benewake TF03 long-range industrial LiDAR,180.0,Distance & Ranging,Remote,None,how-high,What altitude or floor am I on?,Navigation & space
S337,Benewake TF03 long-range industrial LiDAR,180.0,Distance & Ranging,Remote,None,obstacle-ahead,Is there something in the way?,Navigation & space
S337,Benewake TF03 long-range industrial LiDAR,180.0,Distance & Ranging,Remote,None,snow-depth,How deep is the snow?,Weather & outdoors
S337,Benewake TF03 long-range industrial LiDAR,180.0,Distance & Ranging,Remote,None,tank-level,How much is in the tank?,Water
S337,Benewake TF03 long-range industrial LiDAR,180.0,Distance & Ranging,Remote,None,vehicle-approaching,Is a vehicle arriving?,Security & safety
S379,ATM90E32AS polyphase energy metering AFE,4.0,Power & Electrical,Contact,Aggregate,abnormal-current,Is it drawing an abnormal amount of power?,Machine health
S379,ATM90E32AS polyphase energy metering AFE,4.0,Power & Electrical,Contact,Aggregate,energy-cost,What did that actually cost to run?,Energy
S379,ATM90E32AS polyphase energy metering AFE,4.0,Power & Electrical,Contact,Aggregate,phantom-load,What is draining power while doing nothing?,Energy
S379,ATM90E32AS polyphase energy metering AFE,4.0,Power & Electrical,Contact,Aggregate,power-now,How much power is being used right now?,Energy
S379,ATM90E32AS polyphase energy metering AFE,4.0,Power & Electrical,Contact,Aggregate,power-quality,Is the supply voltage clean and stable?,Energy
S379,ATM90E32AS polyphase energy metering AFE,4.0,Power & Electrical,Contact,Aggregate,solar-performance,Is the solar array performing as it should?,Energy
S379,ATM90E32AS polyphase energy metering AFE,4.0,Power & Electrical,Contact,Aggregate,which-appliance,Which appliance just turned on?,Energy
S381,BL0940 calibration-free mains metering IC,1.5,Power & Electrical,Contact,Aggregate,device-left-on,Did someone leave it switched on?,Energy
S381,BL0940 calibration-free mains metering IC,1.5,Power & Electrical,Contact,Aggregate,energy-cost,What did that actually cost to run?,Energy
S381,BL0940 calibration-free mains metering IC,1.5,Power & Electrical,Contact,Aggregate,machine-duty-cycle,How much is this machine actually used?,Machine health
S381,BL0940 calibration-free mains metering IC,1.5,Power & Electrical,Contact,Aggregate,overheating,Is something running hotter than it should?,Machine health
S381,BL0940 calibration-free mains metering IC,1.5,Power & Electrical,Contact,Aggregate,phantom-load,What is draining power while doing nothing?,Energy
S381,BL0940 calibration-free mains metering IC,1.5,Power & Electrical,Contact,Aggregate,power-now,How much power is being used right now?,Energy
S381,BL0940 calibration-free mains metering IC,1.5,Power & Electrical,Contact,Aggregate,which-appliance,Which appliance just turned on?,Energy
S019,LPS22HB pressure sensor,6,Pressure & Altitude,Standoff,None,door-state,Is it open or closed?,Objects & assets
S019,LPS22HB pressure sensor,6,Pressure & Altitude,Standoff,None,flood-rising,"Is water rising, and how fast?",Weather & outdoors
S019,LPS22HB pressure sensor,6,Pressure & Altitude,Standoff,None,how-fast-moving,How fast am I moving?,Navigation & space
S019,LPS22HB pressure sensor,6,Pressure & Altitude,Standoff,None,how-high,What altitude or floor am I on?,Navigation & space
S019,LPS22HB pressure sensor,6,Pressure & Altitude,Standoff,None,storm-approaching,Is a storm coming?,Weather & outdoors
S019,LPS22HB pressure sensor,6,Pressure & Altitude,Standoff,None,tank-level,How much is in the tank?,Water
S024,SGP40 VOC index,12,Gas & VOC,Standoff,None,air-stuffy,Is this room stuffy — does it need fresh air?,Air & environment
S024,SGP40 VOC index,12,Gas & VOC,Standoff,None,cooking-detected,Is someone cooking?,Air & environment
S024,SGP40 VOC index,12,Gas & VOC,Standoff,None,smell-signature,What does this smell like — which known smell is it?,Air & environment
S024,SGP40 VOC index,12,Gas & VOC,Standoff,None,smoke-present,Is there smoke?,Air & environment
S024,SGP40 VOC index,12,Gas & VOC,Standoff,None,ventilation-adequate,Is ventilation actually working?,Air & environment
S024,SGP40 VOC index,12,Gas & VOC,Standoff,None,voc-event,Did something start off-gassing or smelling?,Air & environment
S029,MQ-135 air quality,2.5,Gas & VOC,Standoff,None,air-stuffy,Is this room stuffy — does it need fresh air?,Air & environment
S029,MQ-135 air quality,2.5,Gas & VOC,Standoff,None,cooking-detected,Is someone cooking?,Air & environment
S029,MQ-135 air quality,2.5,Gas & VOC,Standoff,None,livestock-wellbeing,Are the animals comfortable and behaving normally?,Plants & soil
S029,MQ-135 air quality,2.5,Gas & VOC,Standoff,None,smell-signature,What does this smell like — which known smell is it?,Air & environment
S029,MQ-135 air quality,2.5,Gas & VOC,Standoff,None,ventilation-adequate,Is ventilation actually working?,Air & environment
S029,MQ-135 air quality,2.5,Gas & VOC,Standoff,None,voc-event,Did something start off-gassing or smelling?,Air & environment
S030,MiCS-5524 CO/VOC,14,Gas & VOC,Standoff,None,air-stuffy,Is this room stuffy — does it need fresh air?,Air & environment
S030,MiCS-5524 CO/VOC,14,Gas & VOC,Standoff,None,co-present,Is there carbon monoxide?,Air & environment
S030,MiCS-5524 CO/VOC,14,Gas & VOC,Standoff,None,cooking-detected,Is someone cooking?,Air & environment
S030,MiCS-5524 CO/VOC,14,Gas & VOC,Standoff,None,gas-leak,Is there a flammable gas leak?,Air & environment
S030,MiCS-5524 CO/VOC,14,Gas & VOC,Standoff,None,smell-signature,What does this smell like — which known smell is it?,Air & environment
S030,MiCS-5524 CO/VOC,14,Gas & VOC,Standoff,None,voc-event,Did something start off-gassing or smelling?,Air & environment
S033,Electrochemical gas cells,80,Gas & VOC,Standoff,None,co-present,Is there carbon monoxide?,Air & environment
S033,Electrochemical gas cells,80,Gas & VOC,Standoff,None,contamination,Has this been contaminated?,Materials & chemistry
S033,Electrochemical gas cells,80,Gas & VOC,Standoff,None,gas-leak,Is there a flammable gas leak?,Air & environment
S033,Electrochemical gas cells,80,Gas & VOC,Standoff,None,ozone-present,Is something emitting ozone?,Air & environment
S033,Electrochemical gas cells,80,Gas & VOC,Standoff,None,smell-signature,What does this smell like — which known smell is it?,Air & environment
S033,Electrochemical gas cells,80,Gas & VOC,Standoff,None,ventilation-adequate,Is ventilation actually working?,Air & environment
S034,ZE08-CH2O formaldehyde,22,Gas & VOC,Standoff,None,air-stuffy,Is this room stuffy — does it need fresh air?,Air & environment
S034,ZE08-CH2O formaldehyde,22,Gas & VOC,Standoff,None,coating-cured,"Has the paint, resin or glue finished curing?",Materials & chemistry
S034,ZE08-CH2O formaldehyde,22,Gas & VOC,Standoff,None,contamination,Has this been contaminated?,Materials & chemistry
S034,ZE08-CH2O formaldehyde,22,Gas & VOC,Standoff,None,formaldehyde-level,Is new furniture or flooring off-gassing?,Air & environment
S034,ZE08-CH2O formaldehyde,22,Gas & VOC,Standoff,None,ventilation-adequate,Is ventilation actually working?,Air & environment
S034,ZE08-CH2O formaldehyde,22,Gas & VOC,Standoff,None,voc-event,Did something start off-gassing or smelling?,Air & environment
S045,VEML7700 high-accuracy lux,5,Light & UV,Standoff,None,device-left-on,Did someone leave it switched on?,Energy
S045,VEML7700 high-accuracy lux,5,Light & UV,Standoff,None,door-state,Is it open or closed?,Objects & assets
S045,VEML7700 high-accuracy lux,5,Light & UV,Standoff,None,light-dose-daily,Has this plant had enough light today?,Plants & soil
S045,VEML7700 high-accuracy lux,5,Light & UV,Standoff,None,machine-running,Is it on?,Machine health
S045,VEML7700 high-accuracy lux,5,Light & UV,Standoff,None,person-asleep,"Are they asleep, and how well?",Human presence
S045,VEML7700 high-accuracy lux,5,Light & UV,Standoff,None,sky-clear,Is the sky clear or clouded?,Weather & outdoors
S048,TSL2591 high dynamic lux,7,Light & UV,Standoff,None,device-left-on,Did someone leave it switched on?,Energy
S048,TSL2591 high dynamic lux,7,Light & UV,Standoff,None,door-state,Is it open or closed?,Objects & assets
S048,TSL2591 high dynamic lux,7,Light & UV,Standoff,None,light-dose-daily,Has this plant had enough light today?,Plants & soil
S048,TSL2591 high dynamic lux,7,Light & UV,Standoff,None,machine-running,Is it on?,Machine health
S048,TSL2591 high dynamic lux,7,Light & UV,Standoff,None,sky-clear,Is the sky clear or clouded?,Weather & outdoors
S048,TSL2591 high dynamic lux,7,Light & UV,Standoff,None,water-clarity,"Is the water cloudy — sediment, algae, runoff?",Water
S051,TCS34725 RGB color,7,Colour & Spectral,Standoff,None,colour-match,Does this colour match the reference?,Materials & chemistry
S051,TCS34725 RGB color,7,Colour & Spectral,Standoff,None,concentration-liquid,How concentrated is this solution?,Materials & chemistry
S051,TCS34725 RGB color,7,Colour & Spectral,Standoff,None,fruit-ripe,Is it ripe?,Plants & soil
S051,TCS34725 RGB color,7,Colour & Spectral,Standoff,None,object-material,What is this made of?,Objects & assets
S051,TCS34725 RGB color,7,Colour & Spectral,Standoff,None,water-nutrients,How concentrated is the nutrient solution?,Water
S051,TCS34725 RGB color,7,Colour & Spectral,Standoff,None,water-ph,Is the water too acidic or alkaline?,Water
S052,AS7341 11-channel spectral,14,Colour & Spectral,Standoff,None,colour-match,Does this colour match the reference?,Materials & chemistry
S052,AS7341 11-channel spectral,14,Colour & Spectral,Standoff,None,concentration-liquid,How concentrated is this solution?,Materials & chemistry
S052,AS7341 11-channel spectral,14,Colour & Spectral,Standoff,None,drift-from-baseline,Has this drifted from how it behaved when new?,Machine health
S052,AS7341 11-channel spectral,14,Colour & Spectral,Standoff,None,fruit-ripe,Is it ripe?,Plants & soil
S052,AS7341 11-channel spectral,14,Colour & Spectral,Standoff,None,light-dose-daily,Has this plant had enough light today?,Plants & soil
S052,AS7341 11-channel spectral,14,Colour & Spectral,Standoff,None,material-type,What material is this?,Materials & chemistry
S053,AS7263 NIR spectral,27,Colour & Spectral,Standoff,None,food-fresh,Is this food still good?,Materials & chemistry
S053,AS7263 NIR spectral,27,Colour & Spectral,Standoff,None,fruit-ripe,Is it ripe?,Plants & soil
S053,AS7263 NIR spectral,27,Colour & Spectral,Standoff,None,material-type,What material is this?,Materials & chemistry
S053,AS7263 NIR spectral,27,Colour & Spectral,Standoff,None,moisture-content,How wet is this material?,Materials & chemistry
S053,AS7263 NIR spectral,27,Colour & Spectral,Standoff,None,object-genuine,Is this authentic or counterfeit?,Objects & assets
S053,AS7263 NIR spectral,27,Colour & Spectral,Standoff,None,plant-thirsty,Does this plant need water?,Plants & soil
S057,JSN-SR04T waterproof ultrasonic,6,Distance & Ranging,Standoff,None,consumable-remaining,"How much is left, and how long until it runs out?",Objects & assets
S057,JSN-SR04T waterproof ultrasonic,6,Distance & Ranging,Standoff,None,container-fullness,How full is it?,Objects & assets
S057,JSN-SR04T waterproof ultrasonic,6,Distance & Ranging,Standoff,None,flood-rising,"Is water rising, and how fast?",Weather & outdoors
S057,JSN-SR04T waterproof ultrasonic,6,Distance & Ranging,Standoff,None,object-present,Is the thing there?,Objects & assets
S057,JSN-SR04T waterproof ultrasonic,6,Distance & Ranging,Standoff,None,snow-depth,How deep is the snow?,Weather & outdoors
S057,JSN-SR04T waterproof ultrasonic,6,Distance & Ranging,Standoff,None,tank-level,How much is in the tank?,Water
S063,Sharp GP2Y0A21 IR distance,8,Distance & Ranging,Standoff,None,container-fullness,How full is it?,Objects & assets
S063,Sharp GP2Y0A21 IR distance,8,Distance & Ranging,Standoff,None,crossed-boundary,Did something cross this line?,Human presence
S063,Sharp GP2Y0A21 IR distance,8,Distance & Ranging,Standoff,None,object-count,How many went past?,Objects & assets
S063,Sharp GP2Y0A21 IR distance,8,Distance & Ranging,Standoff,None,object-present,Is the thing there?,Objects & assets
S063,Sharp GP2Y0A21 IR distance,8,Distance & Ranging,Standoff,None,obstacle-ahead,Is there something in the way?,Navigation & space
S063,Sharp GP2Y0A21 IR distance,8,Distance & Ranging,Standoff,None,someone-present,Is anyone here?,Human presence
S065,HC-SR501 PIR motion,1.5,Presence & Occupancy,Standoff,Aggregate,crossed-boundary,Did something cross this line?,Human presence
S065,HC-SR501 PIR motion,1.5,Presence & Occupancy,Standoff,Aggregate,intrusion,Has someone entered who shouldn't have?,Security & safety
S065,HC-SR501 PIR motion,1.5,Presence & Occupancy,Standoff,Aggregate,no-movement-alarm,Has nobody moved for worryingly long?,Human presence
S065,HC-SR501 PIR motion,1.5,Presence & Occupancy,Standoff,Aggregate,occupancy-duration,How long has this desk/room/seat been in use?,Human presence
S065,HC-SR501 PIR motion,1.5,Presence & Occupancy,Standoff,Aggregate,routine-broken,Has this person's daily routine changed?,Human presence
S065,HC-SR501 PIR motion,1.5,Presence & Occupancy,Standoff,Aggregate,someone-present,Is anyone here?,Human presence
S070,RCWL-0516 doppler radar,1.2,Presence & Occupancy,Through-barrier,Aggregate,crossed-boundary,Did something cross this line?,Human presence
S070,RCWL-0516 doppler radar,1.2,Presence & Occupancy,Through-barrier,Aggregate,intrusion,Has someone entered who shouldn't have?,Security & safety
S070,RCWL-0516 doppler radar,1.2,Presence & Occupancy,Through-barrier,Aggregate,machine-running,Is it on?,Machine health
S070,RCWL-0516 doppler radar,1.2,Presence & Occupancy,Through-barrier,Aggregate,object-moved,Has it been moved or disturbed?,Objects & assets
S070,RCWL-0516 doppler radar,1.2,Presence & Occupancy,Through-barrier,Aggregate,someone-present,Is anyone here?,Human presence
S070,RCWL-0516 doppler radar,1.2,Presence & Occupancy,Through-barrier,Aggregate,through-wall-motion,Is something moving on the other side of that wall?,Invisible worlds
S104,MPR121 12-pad cap touch,6,Touch & Capacitive,Through-barrier,None,door-state,Is it open or closed?,Objects & assets
S104,MPR121 12-pad cap touch,6,Touch & Capacitive,Through-barrier,None,object-moved,Has it been moved or disturbed?,Objects & assets
S104,MPR121 12-pad cap touch,6,Touch & Capacitive,Through-barrier,None,object-present,Is the thing there?,Objects & assets
S104,MPR121 12-pad cap touch,6,Touch & Capacitive,Through-barrier,None,someone-present,Is anyone here?,Human presence
S104,MPR121 12-pad cap touch,6,Touch & Capacitive,Through-barrier,None,tamper-detected,Has someone interfered with it?,Objects & assets
S104,MPR121 12-pad cap touch,6,Touch & Capacitive,Through-barrier,None,tank-level,How much is in the tank?,Water
S106,ESP32 native touch pins,0,Touch & Capacitive,Through-barrier,None,door-state,Is it open or closed?,Objects & assets
S106,ESP32 native touch pins,0,Touch & Capacitive,Through-barrier,None,object-moved,Has it been moved or disturbed?,Objects & assets
S106,ESP32 native touch pins,0,Touch & Capacitive,Through-barrier,None,object-present,Is the thing there?,Objects & assets
S106,ESP32 native touch pins,0,Touch & Capacitive,Through-barrier,None,someone-present,Is anyone here?,Human presence
S106,ESP32 native touch pins,0,Touch & Capacitive,Through-barrier,None,tamper-detected,Has someone interfered with it?,Objects & assets
S106,ESP32 native touch pins,0,Touch & Capacitive,Through-barrier,None,tank-level,How much is in the tank?,Water
S108,Water level capacitive strip,7,Touch & Capacitive,Through-barrier,None,consumable-remaining,"How much is left, and how long until it runs out?",Objects & assets
S108,Water level capacitive strip,7,Touch & Capacitive,Through-barrier,None,container-fullness,How full is it?,Objects & assets
S108,Water level capacitive strip,7,Touch & Capacitive,Through-barrier,None,flood-rising,"Is water rising, and how fast?",Weather & outdoors
S108,Water level capacitive strip,7,Touch & Capacitive,Through-barrier,None,pump-dry,Is the pump about to run dry?,Water
S108,Water level capacitive strip,7,Touch & Capacitive,Through-barrier,None,tank-level,How much is in the tank?,Water
S108,Water level capacitive strip,7,Touch & Capacitive,Through-barrier,None,water-leak,Is water escaping where it shouldn't?,Water
S109,"Flex sensor 2.2""",8,Flex & Stretch,Contact,None,breathing-rate,How fast are they breathing?,Body & health
S109,"Flex sensor 2.2""",8,Flex & Stretch,Contact,None,door-state,Is it open or closed?,Objects & assets
S109,"Flex sensor 2.2""",8,Flex & Stretch,Contact,None,gait-quality,How is this person walking?,Body & health
S109,"Flex sensor 2.2""",8,Flex & Stretch,Contact,None,joint-angle,"What angle is this joint at, through its range?",Body & health
S109,"Flex sensor 2.2""",8,Flex & Stretch,Contact,None,object-moved,Has it been moved or disturbed?,Objects & assets
S109,"Flex sensor 2.2""",8,Flex & Stretch,Contact,None,posture,What posture is this body in?,Body & health
S113,AD8232 ECG front-end,10,Biometric & Health,Contact,Identifiable,breathing-rate,How fast are they breathing?,Body & health
S113,AD8232 ECG front-end,10,Biometric & Health,Contact,Identifiable,heart-rate,What is the heart rate?,Body & health
S113,AD8232 ECG front-end,10,Biometric & Health,Contact,Identifiable,heart-variability,How stressed or recovered is this body?,Body & health
S113,AD8232 ECG front-end,10,Biometric & Health,Contact,Identifiable,person-asleep,"Are they asleep, and how well?",Human presence
S113,AD8232 ECG front-end,10,Biometric & Health,Contact,Identifiable,someone-present,Is anyone here?,Human presence
S113,AD8232 ECG front-end,10,Biometric & Health,Contact,Identifiable,stress-arousal,Is this person's arousal or stress rising?,Body & health
S115,MyoWare 2.0 EMG,40,Biometric & Health,Contact,Identifiable,gait-quality,How is this person walking?,Body & health
S115,MyoWare 2.0 EMG,40,Biometric & Health,Contact,Identifiable,joint-angle,"What angle is this joint at, through its range?",Body & health
S115,MyoWare 2.0 EMG,40,Biometric & Health,Contact,Identifiable,muscle-effort,"Which muscle is working, and how hard?",Body & health
S115,MyoWare 2.0 EMG,40,Biometric & Health,Contact,Identifiable,posture,What posture is this body in?,Body & health
S115,MyoWare 2.0 EMG,40,Biometric & Health,Contact,Identifiable,stress-arousal,Is this person's arousal or stress rising?,Body & health
S115,MyoWare 2.0 EMG,40,Biometric & Health,Contact,Identifiable,tremor-present,"Is there a tremor, and at what frequency?",Body & health
S130,RS-485 soil NPK/EC probe,40,Soil & Agriculture,Immersed,None,contamination,Has this been contaminated?,Materials & chemistry
S130,RS-485 soil NPK/EC probe,40,Soil & Agriculture,Immersed,None,moisture-content,How wet is this material?,Materials & chemistry
S130,RS-485 soil NPK/EC probe,40,Soil & Agriculture,Immersed,None,plant-thirsty,Does this plant need water?,Plants & soil
S130,RS-485 soil NPK/EC probe,40,Soil & Agriculture,Immersed,None,soil-fertility,What is the nutrient status of this soil?,Plants & soil
S130,RS-485 soil NPK/EC probe,40,Soil & Agriculture,Immersed,None,soil-ready-to-plant,Is the soil warm enough to sow?,Plants & soil
S130,RS-485 soil NPK/EC probe,40,Soil & Agriculture,Immersed,None,water-nutrients,How concentrated is the nutrient solution?,Water
S131,Chirp! plant sensor,10,Soil & Agriculture,Immersed,None,drift-from-baseline,Has this drifted from how it behaved when new?,Machine health
S131,Chirp! plant sensor,10,Soil & Agriculture,Immersed,None,growth-rate,How fast is it growing?,Plants & soil
S131,Chirp! plant sensor,10,Soil & Agriculture,Immersed,None,light-dose-daily,Has this plant had enough light today?,Plants & soil
S131,Chirp! plant sensor,10,Soil & Agriculture,Immersed,None,moisture-content,How wet is this material?,Materials & chemistry
S131,Chirp! plant sensor,10,Soil & Agriculture,Immersed,None,plant-thirsty,Does this plant need water?,Plants & soil
S131,Chirp! plant sensor,10,Soil & Agriculture,Immersed,None,soil-ready-to-plant,Is the soil warm enough to sow?,Plants & soil
S134,Analog pH kit,30,Water & Liquid,Immersed,None,concentration-liquid,How concentrated is this solution?,Materials & chemistry
S134,Analog pH kit,30,Water & Liquid,Immersed,None,contamination,Has this been contaminated?,Materials & chemistry
S134,Analog pH kit,30,Water & Liquid,Immersed,None,food-fresh,Is this food still good?,Materials & chemistry
S134,Analog pH kit,30,Water & Liquid,Immersed,None,soil-fertility,What is the nutrient status of this soil?,Plants & soil
S134,Analog pH kit,30,Water & Liquid,Immersed,None,water-ph,Is the water too acidic or alkaline?,Water
S134,Analog pH kit,30,Water & Liquid,Immersed,None,water-sanitised,Is the sanitiser actually working?,Water
S135,EC / TDS sensor,12,Water & Liquid,Immersed,None,concentration-liquid,How concentrated is this solution?,Materials & chemistry
S135,EC / TDS sensor,12,Water & Liquid,Immersed,None,contamination,Has this been contaminated?,Materials & chemistry
S135,EC / TDS sensor,12,Water & Liquid,Immersed,None,drift-from-baseline,Has this drifted from how it behaved when new?,Machine health
S135,EC / TDS sensor,12,Water & Liquid,Immersed,None,filter-clogged,Is the filter blocked?,Machine health
S135,EC / TDS sensor,12,Water & Liquid,Immersed,None,soil-fertility,What is the nutrient status of this soil?,Plants & soil
S135,EC / TDS sensor,12,Water & Liquid,Immersed,None,water-nutrients,How concentrated is the nutrient solution?,Water
S139,Non-contact liquid level XKC-Y26,8,Water & Liquid,Through-barrier,None,consumable-remaining,"How much is left, and how long until it runs out?",Objects & assets
S139,Non-contact liquid level XKC-Y26,8,Water & Liquid,Through-barrier,None,container-fullness,How full is it?,Objects & assets
S139,Non-contact liquid level XKC-Y26,8,Water & Liquid,Through-barrier,None,flood-rising,"Is water rising, and how fast?",Weather & outdoors
S139,Non-contact liquid level XKC-Y26,8,Water & Liquid,Through-barrier,None,pump-dry,Is the pump about to run dry?,Water
S139,Non-contact liquid level XKC-Y26,8,Water & Liquid,Through-barrier,None,tank-level,How much is in the tank?,Water
S139,Non-contact liquid level XKC-Y26,8,Water & Liquid,Through-barrier,None,water-leak,Is water escaping where it shouldn't?,Water
S140,eTape liquid level,40,Water & Liquid,Immersed,None,consumable-remaining,"How much is left, and how long until it runs out?",Objects & assets
S140,eTape liquid level,40,Water & Liquid,Immersed,None,container-fullness,How full is it?,Objects & assets
S140,eTape liquid level,40,Water & Liquid,Immersed,None,flood-rising,"Is water rising, and how fast?",Weather & outdoors
S140,eTape liquid level,40,Water & Liquid,Immersed,None,pump-dry,Is the pump about to run dry?,Water
S140,eTape liquid level,40,Water & Liquid,Immersed,None,tank-level,How much is in the tank?,Water
S140,eTape liquid level,40,Water & Liquid,Immersed,None,water-leak,Is water escaping where it shouldn't?,Water
S143,ORP (redox) probe,110,Water & Liquid,Immersed,None,concentration-liquid,How concentrated is this solution?,Materials & chemistry
S143,ORP (redox) probe,110,Water & Liquid,Immersed,None,contamination,Has this been contaminated?,Materials & chemistry
S143,ORP (redox) probe,110,Water & Liquid,Immersed,None,cycle-complete,Has the cycle finished?,Machine health
S143,ORP (redox) probe,110,Water & Liquid,Immersed,None,drift-from-baseline,Has this drifted from how it behaved when new?,Machine health
S143,ORP (redox) probe,110,Water & Liquid,Immersed,None,water-oxygen,Is there enough oxygen for fish or microbes?,Water
S143,ORP (redox) probe,110,Water & Liquid,Immersed,None,water-sanitised,Is the sanitiser actually working?,Water
S157,NEO-6M GPS,8,GNSS & Positioning,Remote,Identifiable,asset-location,Where is this thing right now?,Objects & assets
S157,NEO-6M GPS,8,GNSS & Positioning,Remote,Identifiable,crossed-boundary,Did something cross this line?,Human presence
S157,NEO-6M GPS,8,GNSS & Positioning,Remote,Identifiable,how-far-travelled,How far have I gone?,Navigation & space
S157,NEO-6M GPS,8,GNSS & Positioning,Remote,Identifiable,how-fast-moving,How fast am I moving?,Navigation & space
S157,NEO-6M GPS,8,GNSS & Positioning,Remote,Identifiable,vehicle-speed,How fast are vehicles going past?,Security & safety
S157,NEO-6M GPS,8,GNSS & Positioning,Remote,Identifiable,where-am-i,Where am I on Earth?,Navigation & space
S158,u-blox M10 GNSS,20,GNSS & Positioning,Remote,Identifiable,asset-location,Where is this thing right now?,Objects & assets
S158,u-blox M10 GNSS,20,GNSS & Positioning,Remote,Identifiable,crossed-boundary,Did something cross this line?,Human presence
S158,u-blox M10 GNSS,20,GNSS & Positioning,Remote,Identifiable,heat-island,How much hotter is this spot than the next street?,Weather & outdoors
S158,u-blox M10 GNSS,20,GNSS & Positioning,Remote,Identifiable,how-far-travelled,How far have I gone?,Navigation & space
S158,u-blox M10 GNSS,20,GNSS & Positioning,Remote,Identifiable,how-fast-moving,How fast am I moving?,Navigation & space
S158,u-blox M10 GNSS,20,GNSS & Positioning,Remote,Identifiable,where-am-i,Where am I on Earth?,Navigation & space
S159,ZED-F9P RTK centimetre GNSS,260,GNSS & Positioning,Remote,Identifiable,asset-location,Where is this thing right now?,Objects & assets
S159,ZED-F9P RTK centimetre GNSS,260,GNSS & Positioning,Remote,Identifiable,how-far-travelled,How far have I gone?,Navigation & space
S159,ZED-F9P RTK centimetre GNSS,260,GNSS & Positioning,Remote,Identifiable,returned-to-spot,Am I back at the exact same place?,Navigation & space
S159,ZED-F9P RTK centimetre GNSS,260,GNSS & Positioning,Remote,Identifiable,structure-moved,Has this structure shifted or tilted since last time?,Navigation & space
S159,ZED-F9P RTK centimetre GNSS,260,GNSS & Positioning,Remote,Identifiable,where-am-i,Where am I on Earth?,Navigation & space
S159,ZED-F9P RTK centimetre GNSS,260,GNSS & Positioning,Remote,Identifiable,which-way-facing,Which way am I pointing?,Navigation & space
S180,IR flame detector (flicker),2,Light & UV,Standoff,None,cooking-detected,Is someone cooking?,Air & environment
S180,IR flame detector (flicker),2,Light & UV,Standoff,None,device-left-on,Did someone leave it switched on?,Energy
S180,IR flame detector (flicker),2,Light & UV,Standoff,None,fire-present,Is there a flame?,Security & safety
S180,IR flame detector (flicker),2,Light & UV,Standoff,None,machine-running,Is it on?,Machine health
S180,IR flame detector (flicker),2,Light & UV,Standoff,None,overheating,Is something running hotter than it should?,Machine health
S180,IR flame detector (flicker),2,Light & UV,Standoff,None,stove-left-on,Was the hob left on with nobody there?,Security & safety
S186,Watermark granular-matrix soil water sensor,45,Soil & Agriculture,Immersed,None,disease-pressure,Are conditions right for fungal disease?,Plants & soil
S186,Watermark granular-matrix soil water sensor,45,Soil & Agriculture,Immersed,None,drift-from-baseline,Has this drifted from how it behaved when new?,Machine health
S186,Watermark granular-matrix soil water sensor,45,Soil & Agriculture,Immersed,None,growth-rate,How fast is it growing?,Plants & soil
S186,Watermark granular-matrix soil water sensor,45,Soil & Agriculture,Immersed,None,moisture-content,How wet is this material?,Materials & chemistry
S186,Watermark granular-matrix soil water sensor,45,Soil & Agriculture,Immersed,None,plant-thirsty,Does this plant need water?,Plants & soil
S186,Watermark granular-matrix soil water sensor,45,Soil & Agriculture,Immersed,None,soil-tension,How hard must roots work to get water?,Plants & soil
S188,Scintillating gamma spectrometer,150,Radiation & Nuclear,Contact,None,contamination,Has this been contaminated?,Materials & chemistry
S188,Scintillating gamma spectrometer,150,Radiation & Nuclear,Contact,None,material-type,What material is this?,Materials & chemistry
S188,Scintillating gamma spectrometer,150,Radiation & Nuclear,Contact,None,object-genuine,Is this authentic or counterfeit?,Objects & assets
S188,Scintillating gamma spectrometer,150,Radiation & Nuclear,Contact,None,object-material,What is this made of?,Objects & assets
S188,Scintillating gamma spectrometer,150,Radiation & Nuclear,Contact,None,radiation-dose,How much radiation is here?,Invisible worlds
S188,Scintillating gamma spectrometer,150,Radiation & Nuclear,Contact,None,which-isotope,Which radioactive isotope is this?,Invisible worlds
S193,TSL2561 lux sensor,4,Light & UV,Standoff,None,device-left-on,Did someone leave it switched on?,Energy
S193,TSL2561 lux sensor,4,Light & UV,Standoff,None,light-dose-daily,Has this plant had enough light today?,Plants & soil
S193,TSL2561 lux sensor,4,Light & UV,Standoff,None,machine-running,Is it on?,Machine health
S193,TSL2561 lux sensor,4,Light & UV,Standoff,None,occupancy-duration,How long has this desk/room/seat been in use?,Human presence
S193,TSL2561 lux sensor,4,Light & UV,Standoff,None,sky-clear,Is the sky clear or clouded?,Weather & outdoors
S193,TSL2561 lux sensor,4,Light & UV,Standoff,None,someone-present,Is anyone here?,Human presence
S194,MAX44009 ultra-low-power lux,3,Light & UV,Standoff,None,device-left-on,Did someone leave it switched on?,Energy
S194,MAX44009 ultra-low-power lux,3,Light & UV,Standoff,None,energy-budget-node,Will this node survive on its battery until spring?,Energy
S194,MAX44009 ultra-low-power lux,3,Light & UV,Standoff,None,light-dose-daily,Has this plant had enough light today?,Plants & soil
S194,MAX44009 ultra-low-power lux,3,Light & UV,Standoff,None,machine-running,Is it on?,Machine health
S194,MAX44009 ultra-low-power lux,3,Light & UV,Standoff,None,sky-clear,Is the sky clear or clouded?,Weather & outdoors
S194,MAX44009 ultra-low-power lux,3,Light & UV,Standoff,None,someone-present,Is anyone here?,Human presence
S195,SI1145 UV/IR/visible,8,Light & UV,Standoff,None,device-left-on,Did someone leave it switched on?,Energy
S195,SI1145 UV/IR/visible,8,Light & UV,Standoff,None,light-dose-daily,Has this plant had enough light today?,Plants & soil
S195,SI1145 UV/IR/visible,8,Light & UV,Standoff,None,object-present,Is the thing there?,Objects & assets
S195,SI1145 UV/IR/visible,8,Light & UV,Standoff,None,sky-clear,Is the sky clear or clouded?,Weather & outdoors
S195,SI1145 UV/IR/visible,8,Light & UV,Standoff,None,someone-present,Is anyone here?,Human presence
S195,SI1145 UV/IR/visible,8,Light & UV,Standoff,None,uv-exposure,How much UV have I accumulated today?,Weather & outdoors
S209,KY-037/038 sound modules,1,Sound & Audio,Standoff,Aggregate,cycle-complete,Has the cycle finished?,Machine health
S209,KY-037/038 sound modules,1,Sound & Audio,Standoff,Aggregate,glass-broken,Did glass break?,Security & safety
S209,KY-037/038 sound modules,1,Sound & Audio,Standoff,Aggregate,machine-running,Is it on?,Machine health
S209,KY-037/038 sound modules,1,Sound & Audio,Standoff,Aggregate,machine-state,"Is it idle, loaded, or jammed?",Machine health
S209,KY-037/038 sound modules,1,Sound & Audio,Standoff,Aggregate,someone-present,Is anyone here?,Human presence
S209,KY-037/038 sound modules,1,Sound & Audio,Standoff,Aggregate,unusual-sound,Did something sound wrong?,Security & safety
S213,ADS1115 16-bit ADC (the analog fixer),3,Power & Electrical,Contact,None,battery-charge,How much charge is left?,Energy
S213,ADS1115 16-bit ADC (the analog fixer),3,Power & Electrical,Contact,None,drift-from-baseline,Has this drifted from how it behaved when new?,Machine health
S213,ADS1115 16-bit ADC (the analog fixer),3,Power & Electrical,Contact,None,object-temperature,How hot is that surface?,Objects & assets
S213,ADS1115 16-bit ADC (the analog fixer),3,Power & Electrical,Contact,None,power-now,How much power is being used right now?,Energy
S213,ADS1115 16-bit ADC (the analog fixer),3,Power & Electrical,Contact,None,water-nutrients,How concentrated is the nutrient solution?,Water
S213,ADS1115 16-bit ADC (the analog fixer),3,Power & Electrical,Contact,None,water-ph,Is the water too acidic or alkaline?,Water
S219,Inductive proximity switch M12/M18,2.5,Industrial & Automotive,Standoff,None,cycle-complete,Has the cycle finished?,Machine health
S219,Inductive proximity switch M12/M18,2.5,Industrial & Automotive,Standoff,None,door-state,Is it open or closed?,Objects & assets
S219,Inductive proximity switch M12/M18,2.5,Industrial & Automotive,Standoff,None,machine-running,Is it on?,Machine health
S219,Inductive proximity switch M12/M18,2.5,Industrial & Automotive,Standoff,None,object-count,How many went past?,Objects & assets
S219,Inductive proximity switch M12/M18,2.5,Industrial & Automotive,Standoff,None,object-present,Is the thing there?,Objects & assets
S219,Inductive proximity switch M12/M18,2.5,Industrial & Automotive,Standoff,None,rotation-speed,How fast is it turning?,Machine health
S220,Photoelectric beam sensor E18-D80NK,3,Industrial & Automotive,Standoff,None,container-fullness,How full is it?,Objects & assets
S220,Photoelectric beam sensor E18-D80NK,3,Industrial & Automotive,Standoff,None,crossed-boundary,Did something cross this line?,Human presence
S220,Photoelectric beam sensor E18-D80NK,3,Industrial & Automotive,Standoff,None,object-count,How many went past?,Objects & assets
S220,Photoelectric beam sensor E18-D80NK,3,Industrial & Automotive,Standoff,None,object-present,Is the thing there?,Objects & assets
S220,Photoelectric beam sensor E18-D80NK,3,Industrial & Automotive,Standoff,None,perimeter-crossed,"Was the boundary crossed, and where along it?",Security & safety
S220,Photoelectric beam sensor E18-D80NK,3,Industrial & Automotive,Standoff,None,vehicle-approaching,Is a vehicle arriving?,Security & safety
S231,Capacitive rain/condensation plate,3,Frontier Sensing,Contact,None,disease-pressure,Are conditions right for fungal disease?,Plants & soil
S231,Capacitive rain/condensation plate,3,Frontier Sensing,Contact,None,drift-from-baseline,Has this drifted from how it behaved when new?,Machine health
S231,Capacitive rain/condensation plate,3,Frontier Sensing,Contact,None,frost-tonight,Will there be frost tonight?,Weather & outdoors
S231,Capacitive rain/condensation plate,3,Frontier Sensing,Contact,None,is-raining,"Is it raining, and how hard?",Weather & outdoors
S231,Capacitive rain/condensation plate,3,Frontier Sensing,Contact,None,mould-risk,Is this surface going to grow mould?,Air & environment
S231,Capacitive rain/condensation plate,3,Frontier Sensing,Contact,None,water-leak,Is water escaping where it shouldn't?,Water
S257,Eastron SDM120-Modbus DIN energy meter,38.0,Industrial & Automotive,Contact,Aggregate,abnormal-current,Is it drawing an abnormal amount of power?,Machine health
S257,Eastron SDM120-Modbus DIN energy meter,38.0,Industrial & Automotive,Contact,Aggregate,device-left-on,Did someone leave it switched on?,Energy
S257,Eastron SDM120-Modbus DIN energy meter,38.0,Industrial & Automotive,Contact,Aggregate,energy-cost,What did that actually cost to run?,Energy
S257,Eastron SDM120-Modbus DIN energy meter,38.0,Industrial & Automotive,Contact,Aggregate,power-now,How much power is being used right now?,Energy
S257,Eastron SDM120-Modbus DIN energy meter,38.0,Industrial & Automotive,Contact,Aggregate,power-quality,Is the supply voltage clean and stable?,Energy
S257,Eastron SDM120-Modbus DIN energy meter,38.0,Industrial & Automotive,Contact,Aggregate,which-appliance,Which appliance just turned on?,Energy
S261,Through-beam photoelectric pair,95.0,Industrial & Automotive,Standoff,Aggregate,crossed-boundary,Did something cross this line?,Human presence
S261,Through-beam photoelectric pair,95.0,Industrial & Automotive,Standoff,Aggregate,intrusion,Has someone entered who shouldn't have?,Security & safety
S261,Through-beam photoelectric pair,95.0,Industrial & Automotive,Standoff,Aggregate,object-count,How many went past?,Objects & assets
S261,Through-beam photoelectric pair,95.0,Industrial & Automotive,Standoff,Aggregate,object-present,Is the thing there?,Objects & assets
S261,Through-beam photoelectric pair,95.0,Industrial & Automotive,Standoff,Aggregate,perimeter-crossed,"Was the boundary crossed, and where along it?",Security & safety
S261,Through-beam photoelectric pair,95.0,Industrial & Automotive,Standoff,Aggregate,vehicle-approaching,Is a vehicle arriving?,Security & safety
S267,M6E-Nano UHF RAIN RFID reader,275.0,Identity & Tags,Standoff,Identifiable,asset-location,Where is this thing right now?,Objects & assets
S267,M6E-Nano UHF RAIN RFID reader,275.0,Identity & Tags,Standoff,Identifiable,consumable-remaining,"How much is left, and how long until it runs out?",Objects & assets
S267,M6E-Nano UHF RAIN RFID reader,275.0,Identity & Tags,Standoff,Identifiable,crossed-boundary,Did something cross this line?,Human presence
S267,M6E-Nano UHF RAIN RFID reader,275.0,Identity & Tags,Standoff,Identifiable,object-count,How many went past?,Objects & assets
S267,M6E-Nano UHF RAIN RFID reader,275.0,Identity & Tags,Standoff,Identifiable,object-identity,Which specific object is this?,Objects & assets
S267,M6E-Nano UHF RAIN RFID reader,275.0,Identity & Tags,Standoff,Identifiable,object-present,Is the thing there?,Objects & assets
S275,nRF52 BLE beacon tag,8.0,Identity & Tags,Remote,Identifiable,asset-location,Where is this thing right now?,Objects & assets
S275,nRF52 BLE beacon tag,8.0,Identity & Tags,Remote,Identifiable,entered-or-left,"Did they come in, or go out?",Human presence
S275,nRF52 BLE beacon tag,8.0,Identity & Tags,Remote,Identifiable,occupancy-duration,How long has this desk/room/seat been in use?,Human presence
S275,nRF52 BLE beacon tag,8.0,Identity & Tags,Remote,Identifiable,someone-present,Is anyone here?,Human presence
S275,nRF52 BLE beacon tag,8.0,Identity & Tags,Remote,Identifiable,where-in-room,Whereabouts in the room are they?,Human presence
S275,nRF52 BLE beacon tag,8.0,Identity & Tags,Remote,Identifiable,who-is-it,Which specific person is this?,Human presence
S277,SEN55 all-in-one air node,50.0,Particulate,Standoff,Aggregate,air-stuffy,Is this room stuffy — does it need fresh air?,Air & environment
S277,SEN55 all-in-one air node,50.0,Particulate,Standoff,Aggregate,cooking-detected,Is someone cooking?,Air & environment
S277,SEN55 all-in-one air node,50.0,Particulate,Standoff,Aggregate,mould-risk,Is this surface going to grow mould?,Air & environment
S277,SEN55 all-in-one air node,50.0,Particulate,Standoff,Aggregate,particulate-level,How polluted is the air right now?,Air & environment
S277,SEN55 all-in-one air node,50.0,Particulate,Standoff,Aggregate,smoke-present,Is there smoke?,Air & environment
S277,SEN55 all-in-one air node,50.0,Particulate,Standoff,Aggregate,voc-event,Did something start off-gassing or smelling?,Air & environment
S278,SEN66 six-in-one air module,70.0,CO2,Standoff,Aggregate,air-stuffy,Is this room stuffy — does it need fresh air?,Air & environment
S278,SEN66 six-in-one air module,70.0,CO2,Standoff,Aggregate,cooking-detected,Is someone cooking?,Air & environment
S278,SEN66 six-in-one air module,70.0,CO2,Standoff,Aggregate,how-many-people,How many people are in this space?,Human presence
S278,SEN66 six-in-one air module,70.0,CO2,Standoff,Aggregate,particulate-level,How polluted is the air right now?,Air & environment
S278,SEN66 six-in-one air module,70.0,CO2,Standoff,Aggregate,ventilation-adequate,Is ventilation actually working?,Air & environment
S278,SEN66 six-in-one air module,70.0,CO2,Standoff,Aggregate,voc-event,Did something start off-gassing or smelling?,Air & environment
S285,BME690 gas + climate,22.0,Gas & VOC,Standoff,None,air-stuffy,Is this room stuffy — does it need fresh air?,Air & environment
S285,BME690 gas + climate,22.0,Gas & VOC,Standoff,None,cooking-detected,Is someone cooking?,Air & environment
S285,BME690 gas + climate,22.0,Gas & VOC,Standoff,None,food-fresh,Is this food still good?,Materials & chemistry
S285,BME690 gas + climate,22.0,Gas & VOC,Standoff,None,mould-risk,Is this surface going to grow mould?,Air & environment
S285,BME690 gas + climate,22.0,Gas & VOC,Standoff,None,smell-signature,What does this smell like — which known smell is it?,Air & environment
S285,BME690 gas + climate,22.0,Gas & VOC,Standoff,None,voc-event,Did something start off-gassing or smelling?,Air & environment
S332,VL53L4CX multi-target ToF,15.0,Distance & Ranging,Standoff,Aggregate,crossed-boundary,Did something cross this line?,Human presence
S332,VL53L4CX multi-target ToF,15.0,Distance & Ranging,Standoff,Aggregate,entered-or-left,"Did they come in, or go out?",Human presence
S332,VL53L4CX multi-target ToF,15.0,Distance & Ranging,Standoff,Aggregate,how-many-people,How many people are in this space?,Human presence
S332,VL53L4CX multi-target ToF,15.0,Distance & Ranging,Standoff,Aggregate,object-present,Is the thing there?,Objects & assets
S332,VL53L4CX multi-target ToF,15.0,Distance & Ranging,Standoff,Aggregate,obstacle-ahead,Is there something in the way?,Navigation & space
S332,VL53L4CX multi-target ToF,15.0,Distance & Ranging,Standoff,Aggregate,tank-level,How much is in the tank?,Water
S336,RPLIDAR A1 360 degree triangulation LiDAR,99.0,Distance & Ranging,Standoff,Aggregate,how-many-people,How many people are in this space?,Human presence
S336,RPLIDAR A1 360 degree triangulation LiDAR,99.0,Distance & Ranging,Standoff,Aggregate,intrusion,Has someone entered who shouldn't have?,Security & safety
S336,RPLIDAR A1 360 degree triangulation LiDAR,99.0,Distance & Ranging,Standoff,Aggregate,map-surroundings,What is the shape of the space around me?,Navigation & space
S336,RPLIDAR A1 360 degree triangulation LiDAR,99.0,Distance & Ranging,Standoff,Aggregate,object-count,How many went past?,Objects & assets
S336,RPLIDAR A1 360 degree triangulation LiDAR,99.0,Distance & Ranging,Standoff,Aggregate,obstacle-ahead,Is there something in the way?,Navigation & space
S336,RPLIDAR A1 360 degree triangulation LiDAR,99.0,Distance & Ranging,Standoff,Aggregate,where-in-room,Whereabouts in the room are they?,Human presence
S338,Livox Mid-360 3D LiDAR,749.0,Distance & Ranging,Remote,Aggregate,asset-location,Where is this thing right now?,Objects & assets
S338,Livox Mid-360 3D LiDAR,749.0,Distance & Ranging,Remote,Aggregate,growth-rate,How fast is it growing?,Plants & soil
S338,Livox Mid-360 3D LiDAR,749.0,Distance & Ranging,Remote,Aggregate,map-surroundings,What is the shape of the space around me?,Navigation & space
S338,Livox Mid-360 3D LiDAR,749.0,Distance & Ranging,Remote,Aggregate,obstacle-ahead,Is there something in the way?,Navigation & space
S338,Livox Mid-360 3D LiDAR,749.0,Distance & Ranging,Remote,Aggregate,structure-moved,Has this structure shifted or tilted since last time?,Navigation & space
S338,Livox Mid-360 3D LiDAR,749.0,Distance & Ranging,Remote,Aggregate,where-in-room,Whereabouts in the room are they?,Human presence
S339,Acconeer XM125 pulsed coherent radar,70.0,Distance & Ranging,Through-barrier,Aggregate,breathing-rate,How fast are they breathing?,Body & health
S339,Acconeer XM125 pulsed coherent radar,70.0,Distance & Ranging,Through-barrier,Aggregate,container-fullness,How full is it?,Objects & assets
S339,Acconeer XM125 pulsed coherent radar,70.0,Distance & Ranging,Through-barrier,Aggregate,object-present,Is the thing there?,Objects & assets
S339,Acconeer XM125 pulsed coherent radar,70.0,Distance & Ranging,Through-barrier,Aggregate,someone-still-present,"Is someone still here, sitting perfectly still?",Human presence
S339,Acconeer XM125 pulsed coherent radar,70.0,Distance & Ranging,Through-barrier,Aggregate,tank-level,How much is in the tank?,Water
S339,Acconeer XM125 pulsed coherent radar,70.0,Distance & Ranging,Through-barrier,Aggregate,through-wall-motion,Is something moving on the other side of that wall?,Invisible worlds
S340,RD-03D 24GHz multi-target tracking radar,9.0,Presence & Occupancy,Through-barrier,Aggregate,entered-or-left,"Did they come in, or go out?",Human presence
S340,RD-03D 24GHz multi-target tracking radar,9.0,Presence & Occupancy,Through-barrier,Aggregate,how-many-people,How many people are in this space?,Human presence
S340,RD-03D 24GHz multi-target tracking radar,9.0,Presence & Occupancy,Through-barrier,Aggregate,occupancy-duration,How long has this desk/room/seat been in use?,Human presence
S340,RD-03D 24GHz multi-target tracking radar,9.0,Presence & Occupancy,Through-barrier,Aggregate,queue-length,"How many are waiting, and for how long?",Human presence
S340,RD-03D 24GHz multi-target tracking radar,9.0,Presence & Occupancy,Through-barrier,Aggregate,someone-present,Is anyone here?,Human presence
S340,RD-03D 24GHz multi-target tracking radar,9.0,Presence & Occupancy,Through-barrier,Aggregate,where-in-room,Whereabouts in the room are they?,Human presence
S341,HLK-LD2412 24GHz presence radar,7.0,Presence & Occupancy,Through-barrier,Aggregate,device-left-on,Did someone leave it switched on?,Energy
S341,HLK-LD2412 24GHz presence radar,7.0,Presence & Occupancy,Through-barrier,Aggregate,no-movement-alarm,Has nobody moved for worryingly long?,Human presence
S341,HLK-LD2412 24GHz presence radar,7.0,Presence & Occupancy,Through-barrier,Aggregate,occupancy-duration,How long has this desk/room/seat been in use?,Human presence
S341,HLK-LD2412 24GHz presence radar,7.0,Presence & Occupancy,Through-barrier,Aggregate,someone-present,Is anyone here?,Human presence
S341,HLK-LD2412 24GHz presence radar,7.0,Presence & Occupancy,Through-barrier,Aggregate,someone-still-present,"Is someone still here, sitting perfectly still?",Human presence
S341,HLK-LD2412 24GHz presence radar,7.0,Presence & Occupancy,Through-barrier,Aggregate,through-wall-motion,Is something moving on the other side of that wall?,Invisible worlds
S342,HLK-LD6001A 60GHz fall-detection radar,35.0,Presence & Occupancy,Standoff,Aggregate,how-many-people,How many people are in this space?,Human presence
S342,HLK-LD6001A 60GHz fall-detection radar,35.0,Presence & Occupancy,Standoff,Aggregate,no-movement-alarm,Has nobody moved for worryingly long?,Human presence
S342,HLK-LD6001A 60GHz fall-detection radar,35.0,Presence & Occupancy,Standoff,Aggregate,person-fell,Did someone fall?,Human presence
S342,HLK-LD6001A 60GHz fall-detection radar,35.0,Presence & Occupancy,Standoff,Aggregate,posture,What posture is this body in?,Body & health
S342,HLK-LD6001A 60GHz fall-detection radar,35.0,Presence & Occupancy,Standoff,Aggregate,someone-still-present,"Is someone still here, sitting perfectly still?",Human presence
S342,HLK-LD6001A 60GHz fall-detection radar,35.0,Presence & Occupancy,Standoff,Aggregate,where-in-room,Whereabouts in the room are they?,Human presence
S343,Omron D6T-32L 1024-pixel thermopile array,200.0,Presence & Occupancy,Standoff,Aggregate,how-many-people,How many people are in this space?,Human presence
S343,Omron D6T-32L 1024-pixel thermopile array,200.0,Presence & Occupancy,Standoff,Aggregate,occupancy-duration,How long has this desk/room/seat been in use?,Human presence
S343,Omron D6T-32L 1024-pixel thermopile array,200.0,Presence & Occupancy,Standoff,Aggregate,overheating,Is something running hotter than it should?,Machine health
S343,Omron D6T-32L 1024-pixel thermopile array,200.0,Presence & Occupancy,Standoff,Aggregate,person-fell,Did someone fall?,Human presence
S343,Omron D6T-32L 1024-pixel thermopile array,200.0,Presence & Occupancy,Standoff,Aggregate,someone-still-present,"Is someone still here, sitting perfectly still?",Human presence
S343,Omron D6T-32L 1024-pixel thermopile array,200.0,Presence & Occupancy,Standoff,Aggregate,where-in-room,Whereabouts in the room are they?,Human presence
S344,FDC2214 capacitive proximity front-end,15.0,Presence & Occupancy,Through-barrier,Aggregate,door-state,Is it open or closed?,Objects & assets
S344,FDC2214 capacitive proximity front-end,15.0,Presence & Occupancy,Through-barrier,Aggregate,material-type,What material is this?,Materials & chemistry
S344,FDC2214 capacitive proximity front-end,15.0,Presence & Occupancy,Through-barrier,Aggregate,moisture-content,How wet is this material?,Materials & chemistry
S344,FDC2214 capacitive proximity front-end,15.0,Presence & Occupancy,Through-barrier,Aggregate,object-present,Is the thing there?,Objects & assets
S344,FDC2214 capacitive proximity front-end,15.0,Presence & Occupancy,Through-barrier,Aggregate,someone-present,Is anyone here?,Human presence
S344,FDC2214 capacitive proximity front-end,15.0,Presence & Occupancy,Through-barrier,Aggregate,tank-level,How much is in the tank?,Water
S345,TI AWR1642 77GHz automotive radar EVM,299.0,Distance & Ranging,Remote,Aggregate,how-fast-moving,How fast am I moving?,Navigation & space
S345,TI AWR1642 77GHz automotive radar EVM,299.0,Distance & Ranging,Remote,Aggregate,map-surroundings,What is the shape of the space around me?,Navigation & space
S345,TI AWR1642 77GHz automotive radar EVM,299.0,Distance & Ranging,Remote,Aggregate,object-count,How many went past?,Objects & assets
S345,TI AWR1642 77GHz automotive radar EVM,299.0,Distance & Ranging,Remote,Aggregate,obstacle-ahead,Is there something in the way?,Navigation & space
S345,TI AWR1642 77GHz automotive radar EVM,299.0,Distance & Ranging,Remote,Aggregate,vehicle-approaching,Is a vehicle arriving?,Security & safety
S345,TI AWR1642 77GHz automotive radar EVM,299.0,Distance & Ranging,Remote,Aggregate,vehicle-speed,How fast are vehicles going past?,Security & safety
S378,INA700 power monitor with on-die shunt,4.0,Power & Electrical,Contact,None,abnormal-current,Is it drawing an abnormal amount of power?,Machine health
S378,INA700 power monitor with on-die shunt,4.0,Power & Electrical,Contact,None,battery-charge,How much charge is left?,Energy
S378,INA700 power monitor with on-die shunt,4.0,Power & Electrical,Contact,None,energy-budget-node,Will this node survive on its battery until spring?,Energy
S378,INA700 power monitor with on-die shunt,4.0,Power & Electrical,Contact,None,machine-running,Is it on?,Machine health
S378,INA700 power monitor with on-die shunt,4.0,Power & Electrical,Contact,None,phantom-load,What is draining power while doing nothing?,Energy
S378,INA700 power monitor with on-die shunt,4.0,Power & Electrical,Contact,None,power-now,How much power is being used right now?,Energy
S380,ADE7953 dual-channel single-phase energy meter,3.5,Power & Electrical,Contact,Aggregate,device-left-on,Did someone leave it switched on?,Energy
S380,ADE7953 dual-channel single-phase energy meter,3.5,Power & Electrical,Contact,Aggregate,energy-cost,What did that actually cost to run?,Energy
S380,ADE7953 dual-channel single-phase energy meter,3.5,Power & Electrical,Contact,Aggregate,phantom-load,What is draining power while doing nothing?,Energy
S380,ADE7953 dual-channel single-phase energy meter,3.5,Power & Electrical,Contact,Aggregate,power-now,How much power is being used right now?,Energy
S380,ADE7953 dual-channel single-phase energy meter,3.5,Power & Electrical,Contact,Aggregate,solar-performance,Is the solar array performing as it should?,Energy
S380,ADE7953 dual-channel single-phase energy meter,3.5,Power & Electrical,Contact,Aggregate,which-appliance,Which appliance just turned on?,Energy
S008,MLX90632 miniature IR temp,14,Temperature,Standoff,Aggregate,body-temp-trend,"Is body temperature drifting — fever, ovulation, heat stress?",Body & health
S008,MLX90632 miniature IR temp,14,Temperature,Standoff,Aggregate,machine-running,Is it on?,Machine health
S008,MLX90632 miniature IR temp,14,Temperature,Standoff,Aggregate,object-temperature,How hot is that surface?,Objects & assets
S008,MLX90632 miniature IR temp,14,Temperature,Standoff,Aggregate,overheating,Is something running hotter than it should?,Machine health
S008,MLX90632 miniature IR temp,14,Temperature,Standoff,Aggregate,someone-present,Is anyone here?,Human presence
S016,BMP390 precision barometer,10,Pressure & Altitude,Standoff,None,door-state,Is it open or closed?,Objects & assets
S016,BMP390 precision barometer,10,Pressure & Altitude,Standoff,None,how-high,What altitude or floor am I on?,Navigation & space
S016,BMP390 precision barometer,10,Pressure & Altitude,Standoff,None,storm-approaching,Is a storm coming?,Weather & outdoors
S016,BMP390 precision barometer,10,Pressure & Altitude,Standoff,None,structure-moved,Has this structure shifted or tilted since last time?,Navigation & space
S016,BMP390 precision barometer,10,Pressure & Altitude,Standoff,None,ventilation-adequate,Is ventilation actually working?,Air & environment
S022,XGZP6897D low-range diff pressure,6,Pressure & Altitude,Standoff,None,air-leak,"Is compressed air leaking, and where?",Machine health
S022,XGZP6897D low-range diff pressure,6,Pressure & Altitude,Standoff,None,door-state,Is it open or closed?,Objects & assets
S022,XGZP6897D low-range diff pressure,6,Pressure & Altitude,Standoff,None,filter-clogged,Is the filter blocked?,Machine health
S022,XGZP6897D low-range diff pressure,6,Pressure & Altitude,Standoff,None,machine-state,"Is it idle, loaded, or jammed?",Machine health
S022,XGZP6897D low-range diff pressure,6,Pressure & Altitude,Standoff,None,ventilation-adequate,Is ventilation actually working?,Air & environment
S026,MQ-2 smoke/LPG gas,2,Gas & VOC,Standoff,None,cooking-detected,Is someone cooking?,Air & environment
S026,MQ-2 smoke/LPG gas,2,Gas & VOC,Standoff,None,gas-leak,Is there a flammable gas leak?,Air & environment
S026,MQ-2 smoke/LPG gas,2,Gas & VOC,Standoff,None,smoke-present,Is there smoke?,Air & environment
S026,MQ-2 smoke/LPG gas,2,Gas & VOC,Standoff,None,stove-left-on,Was the hob left on with nobody there?,Security & safety
S026,MQ-2 smoke/LPG gas,2,Gas & VOC,Standoff,None,voc-event,Did something start off-gassing or smelling?,Air & environment
S038,MH-Z19C budget NDIR CO2,18,CO2,Standoff,Aggregate,air-stuffy,Is this room stuffy — does it need fresh air?,Air & environment
S038,MH-Z19C budget NDIR CO2,18,CO2,Standoff,Aggregate,how-many-people,How many people are in this space?,Human presence
S038,MH-Z19C budget NDIR CO2,18,CO2,Standoff,Aggregate,occupancy-duration,How long has this desk/room/seat been in use?,Human presence
S038,MH-Z19C budget NDIR CO2,18,CO2,Standoff,Aggregate,someone-present,Is anyone here?,Human presence
S038,MH-Z19C budget NDIR CO2,18,CO2,Standoff,Aggregate,ventilation-adequate,Is ventilation actually working?,Air & environment
S039,SenseAir S8 CO2,25,CO2,Standoff,Aggregate,air-stuffy,Is this room stuffy — does it need fresh air?,Air & environment
S039,SenseAir S8 CO2,25,CO2,Standoff,Aggregate,how-many-people,How many people are in this space?,Human presence
S039,SenseAir S8 CO2,25,CO2,Standoff,Aggregate,occupancy-duration,How long has this desk/room/seat been in use?,Human presence
S039,SenseAir S8 CO2,25,CO2,Standoff,Aggregate,someone-present,Is anyone here?,Human presence
S039,SenseAir S8 CO2,25,CO2,Standoff,Aggregate,ventilation-adequate,Is ventilation actually working?,Air & environment
S040,PMS5003 particulate,15,Particulate,Standoff,None,cooking-detected,Is someone cooking?,Air & environment
S040,PMS5003 particulate,15,Particulate,Standoff,None,filter-clogged,Is the filter blocked?,Machine health
S040,PMS5003 particulate,15,Particulate,Standoff,None,particulate-level,How polluted is the air right now?,Air & environment
S040,PMS5003 particulate,15,Particulate,Standoff,None,smoke-present,Is there smoke?,Air & environment
S040,PMS5003 particulate,15,Particulate,Standoff,None,ventilation-adequate,Is ventilation actually working?,Air & environment
S041,SPS30 premium PM,45,Particulate,Standoff,None,cooking-detected,Is someone cooking?,Air & environment
S041,SPS30 premium PM,45,Particulate,Standoff,None,filter-clogged,Is the filter blocked?,Machine health
S041,SPS30 premium PM,45,Particulate,Standoff,None,particulate-level,How polluted is the air right now?,Air & environment
S041,SPS30 premium PM,45,Particulate,Standoff,None,smoke-present,Is there smoke?,Air & environment
S041,SPS30 premium PM,45,Particulate,Standoff,None,ventilation-adequate,Is ventilation actually working?,Air & environment
S044,BH1750 lux sensor,2.5,Light & UV,Standoff,None,device-left-on,Did someone leave it switched on?,Energy
S044,BH1750 lux sensor,2.5,Light & UV,Standoff,None,door-state,Is it open or closed?,Objects & assets
S044,BH1750 lux sensor,2.5,Light & UV,Standoff,None,light-dose-daily,Has this plant had enough light today?,Plants & soil
S044,BH1750 lux sensor,2.5,Light & UV,Standoff,None,machine-running,Is it on?,Machine health
S044,BH1750 lux sensor,2.5,Light & UV,Standoff,None,sky-clear,Is the sky clear or clouded?,Weather & outdoors
S046,LTR-390 UV + ambient,5,Light & UV,Standoff,None,device-left-on,Did someone leave it switched on?,Energy
S046,LTR-390 UV + ambient,5,Light & UV,Standoff,None,light-dose-daily,Has this plant had enough light today?,Plants & soil
S046,LTR-390 UV + ambient,5,Light & UV,Standoff,None,machine-running,Is it on?,Machine health
S046,LTR-390 UV + ambient,5,Light & UV,Standoff,None,sky-clear,Is the sky clear or clouded?,Weather & outdoors
S046,LTR-390 UV + ambient,5,Light & UV,Standoff,None,uv-exposure,How much UV have I accumulated today?,Weather & outdoors
S047,GUVA-S12SD UV analog,4,Light & UV,Standoff,None,coating-cured,"Has the paint, resin or glue finished curing?",Materials & chemistry
S047,GUVA-S12SD UV analog,4,Light & UV,Standoff,None,device-left-on,Did someone leave it switched on?,Energy
S047,GUVA-S12SD UV analog,4,Light & UV,Standoff,None,machine-running,Is it on?,Machine health
S047,GUVA-S12SD UV analog,4,Light & UV,Standoff,None,sky-clear,Is the sky clear or clouded?,Weather & outdoors
S047,GUVA-S12SD UV analog,4,Light & UV,Standoff,None,uv-exposure,How much UV have I accumulated today?,Weather & outdoors
S050,AS7331 spectral UV,27.5,Light & UV,Standoff,None,device-left-on,Did someone leave it switched on?,Energy
S050,AS7331 spectral UV,27.5,Light & UV,Standoff,None,drift-from-baseline,Has this drifted from how it behaved when new?,Machine health
S050,AS7331 spectral UV,27.5,Light & UV,Standoff,None,machine-running,Is it on?,Machine health
S050,AS7331 spectral UV,27.5,Light & UV,Standoff,None,uv-exposure,How much UV have I accumulated today?,Weather & outdoors
S050,AS7331 spectral UV,27.5,Light & UV,Standoff,None,water-sanitised,Is the sanitiser actually working?,Water
S054,APDS-9960 gesture/color/prox,6,Colour & Spectral,Standoff,None,colour-match,Does this colour match the reference?,Materials & chemistry
S054,APDS-9960 gesture/color/prox,6,Colour & Spectral,Standoff,None,crossed-boundary,Did something cross this line?,Human presence
S054,APDS-9960 gesture/color/prox,6,Colour & Spectral,Standoff,None,object-count,How many went past?,Objects & assets
S054,APDS-9960 gesture/color/prox,6,Colour & Spectral,Standoff,None,object-present,Is the thing there?,Objects & assets
S054,APDS-9960 gesture/color/prox,6,Colour & Spectral,Standoff,None,someone-present,Is anyone here?,Human presence
S066,AM312 mini PIR,2,Presence & Occupancy,Standoff,Aggregate,crossed-boundary,Did something cross this line?,Human presence
S066,AM312 mini PIR,2,Presence & Occupancy,Standoff,Aggregate,intrusion,Has someone entered who shouldn't have?,Security & safety
S066,AM312 mini PIR,2,Presence & Occupancy,Standoff,Aggregate,no-movement-alarm,Has nobody moved for worryingly long?,Human presence
S066,AM312 mini PIR,2,Presence & Occupancy,Standoff,Aggregate,occupancy-duration,How long has this desk/room/seat been in use?,Human presence
S066,AM312 mini PIR,2,Presence & Occupancy,Standoff,Aggregate,someone-present,Is anyone here?,Human presence
S114,MAX30205 clinical body temp,9,Biometric & Health,Contact,Aggregate,body-temp-trend,"Is body temperature drifting — fever, ovulation, heat stress?",Body & health
S114,MAX30205 clinical body temp,9,Biometric & Health,Contact,Aggregate,drift-from-baseline,Has this drifted from how it behaved when new?,Machine health
S114,MAX30205 clinical body temp,9,Biometric & Health,Contact,Aggregate,object-temperature,How hot is that surface?,Objects & assets
S114,MAX30205 clinical body temp,9,Biometric & Health,Contact,Aggregate,overheating,Is something running hotter than it should?,Machine health
S114,MAX30205 clinical body temp,9,Biometric & Health,Contact,Aggregate,someone-present,Is anyone here?,Human presence
S117,MLX90614 forehead mode,25,Biometric & Health,Standoff,Aggregate,body-temp-trend,"Is body temperature drifting — fever, ovulation, heat stress?",Body & health
S117,MLX90614 forehead mode,25,Biometric & Health,Standoff,Aggregate,fire-present,Is there a flame?,Security & safety
S117,MLX90614 forehead mode,25,Biometric & Health,Standoff,Aggregate,object-temperature,How hot is that surface?,Objects & assets
S117,MLX90614 forehead mode,25,Biometric & Health,Standoff,Aggregate,overheating,Is something running hotter than it should?,Machine health
S117,MLX90614 forehead mode,25,Biometric & Health,Standoff,Aggregate,someone-present,Is anyone here?,Human presence
S118,Pulse sensor (PPG classic),5,Biometric & Health,Contact,Identifiable,heart-rate,What is the heart rate?,Body & health
S118,Pulse sensor (PPG classic),5,Biometric & Health,Contact,Identifiable,heart-variability,How stressed or recovered is this body?,Body & health
S118,Pulse sensor (PPG classic),5,Biometric & Health,Contact,Identifiable,object-present,Is the thing there?,Objects & assets
S118,Pulse sensor (PPG classic),5,Biometric & Health,Contact,Identifiable,someone-present,Is anyone here?,Human presence
S118,Pulse sensor (PPG classic),5,Biometric & Health,Contact,Identifiable,stress-arousal,Is this person's arousal or stress rising?,Body & health
S128,Pyranometer (solar irradiance),60,Weather & Outdoor,Remote,None,energy-budget-node,Will this node survive on its battery until spring?,Energy
S128,Pyranometer (solar irradiance),60,Weather & Outdoor,Remote,None,light-dose-daily,Has this plant had enough light today?,Plants & soil
S128,Pyranometer (solar irradiance),60,Weather & Outdoor,Remote,None,sky-clear,Is the sky clear or clouded?,Weather & outdoors
S128,Pyranometer (solar irradiance),60,Weather & Outdoor,Remote,None,solar-performance,Is the solar array performing as it should?,Energy
S128,Pyranometer (solar irradiance),60,Weather & Outdoor,Remote,None,solar-resource,How much solar energy is available?,Weather & outdoors
S129,Capacitive soil moisture v2,2,Soil & Agriculture,Immersed,None,drift-from-baseline,Has this drifted from how it behaved when new?,Machine health
S129,Capacitive soil moisture v2,2,Soil & Agriculture,Immersed,None,growth-rate,How fast is it growing?,Plants & soil
S129,Capacitive soil moisture v2,2,Soil & Agriculture,Immersed,None,moisture-content,How wet is this material?,Materials & chemistry
S129,Capacitive soil moisture v2,2,Soil & Agriculture,Immersed,None,plant-thirsty,Does this plant need water?,Plants & soil
S129,Capacitive soil moisture v2,2,Soil & Agriculture,Immersed,None,water-leak,Is water escaping where it shouldn't?,Water
S133,Compost / hay temp lance,15,Soil & Agriculture,Immersed,None,compost-active,Is the compost heating properly — or dangerously?,Plants & soil
S133,Compost / hay temp lance,15,Soil & Agriculture,Immersed,None,cycle-complete,Has the cycle finished?,Machine health
S133,Compost / hay temp lance,15,Soil & Agriculture,Immersed,None,drift-from-baseline,Has this drifted from how it behaved when new?,Machine health
S133,Compost / hay temp lance,15,Soil & Agriculture,Immersed,None,fire-present,Is there a flame?,Security & safety
S133,Compost / hay temp lance,15,Soil & Agriculture,Immersed,None,overheating,Is something running hotter than it should?,Machine health
S155,VL6180X short-range ToF,8,Position & Rotation,Standoff,None,container-fullness,How full is it?,Objects & assets
S155,VL6180X short-range ToF,8,Position & Rotation,Standoff,None,object-present,Is the thing there?,Objects & assets
S155,VL6180X short-range ToF,8,Position & Rotation,Standoff,None,obstacle-ahead,Is there something in the way?,Navigation & space
S155,VL6180X short-range ToF,8,Position & Rotation,Standoff,None,someone-present,Is anyone here?,Human presence
S155,VL6180X short-range ToF,8,Position & Rotation,Standoff,None,tank-level,How much is in the tank?,Water
S162,MLX90641 thermal (16x12),60,Thermal Imaging,Standoff,Aggregate,how-many-people,How many people are in this space?,Human presence
S162,MLX90641 thermal (16x12),60,Thermal Imaging,Standoff,Aggregate,machine-state,"Is it idle, loaded, or jammed?",Machine health
S162,MLX90641 thermal (16x12),60,Thermal Imaging,Standoff,Aggregate,overheating,Is something running hotter than it should?,Machine health
S162,MLX90641 thermal (16x12),60,Thermal Imaging,Standoff,Aggregate,someone-present,Is anyone here?,Human presence
S162,MLX90641 thermal (16x12),60,Thermal Imaging,Standoff,Aggregate,stove-left-on,Was the hob left on with nobody there?,Security & safety
S166,OV5640 5MP autofocus cam,15,Cameras & Vision,Standoff,Raw-imagery,colour-match,Does this colour match the reference?,Materials & chemistry
S166,OV5640 5MP autofocus cam,15,Cameras & Vision,Standoff,Raw-imagery,growth-rate,How fast is it growing?,Plants & soil
S166,OV5640 5MP autofocus cam,15,Cameras & Vision,Standoff,Raw-imagery,object-genuine,Is this authentic or counterfeit?,Objects & assets
S166,OV5640 5MP autofocus cam,15,Cameras & Vision,Standoff,Raw-imagery,object-identity,Which specific object is this?,Objects & assets
S166,OV5640 5MP autofocus cam,15,Cameras & Vision,Standoff,Raw-imagery,object-present,Is the thing there?,Objects & assets
S170,Geiger counter kit,25,Radiation & Nuclear,Standoff,None,contamination,Has this been contaminated?,Materials & chemistry
S170,Geiger counter kit,25,Radiation & Nuclear,Standoff,None,cosmic-flux,How many cosmic rays are passing through?,Invisible worlds
S170,Geiger counter kit,25,Radiation & Nuclear,Standoff,None,drift-from-baseline,Has this drifted from how it behaved when new?,Machine health
S170,Geiger counter kit,25,Radiation & Nuclear,Standoff,None,object-material,What is this made of?,Objects & assets
S170,Geiger counter kit,25,Radiation & Nuclear,Standoff,None,radiation-dose,How much radiation is here?,Invisible worlds
S217,MAX86150 ECG+PPG combo,23,Biometric & Health,Contact,Identifiable,blood-oxygen,What is the blood oxygen saturation?,Body & health
S217,MAX86150 ECG+PPG combo,23,Biometric & Health,Contact,Identifiable,breathing-rate,How fast are they breathing?,Body & health
S217,MAX86150 ECG+PPG combo,23,Biometric & Health,Contact,Identifiable,heart-rate,What is the heart rate?,Body & health
S217,MAX86150 ECG+PPG combo,23,Biometric & Health,Contact,Identifiable,heart-variability,How stressed or recovered is this body?,Body & health
S217,MAX86150 ECG+PPG combo,23,Biometric & Health,Contact,Identifiable,stress-arousal,Is this person's arousal or stress rising?,Body & health
S221,Through-beam slot / photo-interrupter,1,Industrial & Automotive,Standoff,None,crossed-boundary,Did something cross this line?,Human presence
S221,Through-beam slot / photo-interrupter,1,Industrial & Automotive,Standoff,None,cycle-complete,Has the cycle finished?,Machine health
S221,Through-beam slot / photo-interrupter,1,Industrial & Automotive,Standoff,None,flow-rate,How fast is water flowing?,Water
S221,Through-beam slot / photo-interrupter,1,Industrial & Automotive,Standoff,None,object-count,How many went past?,Objects & assets
S221,Through-beam slot / photo-interrupter,1,Industrial & Automotive,Standoff,None,rotation-speed,How fast is it turning?,Machine health
S227,Color-changing material readers,10,Materials & Textiles,Standoff,None,colour-match,Does this colour match the reference?,Materials & chemistry
S227,Color-changing material readers,10,Materials & Textiles,Standoff,None,contamination,Has this been contaminated?,Materials & chemistry
S227,Color-changing material readers,10,Materials & Textiles,Standoff,None,food-fresh,Is this food still good?,Materials & chemistry
S227,Color-changing material readers,10,Materials & Textiles,Standoff,None,water-nutrients,How concentrated is the nutrient solution?,Water
S227,Color-changing material readers,10,Materials & Textiles,Standoff,None,water-ph,Is the water too acidic or alkaline?,Water
S228,Wi-Fi CSI sensing (the router IS the sensor),0,Frontier Sensing,Remote,Aggregate,breathing-rate,How fast are they breathing?,Body & health
S228,Wi-Fi CSI sensing (the router IS the sensor),0,Frontier Sensing,Remote,Aggregate,how-many-people,How many people are in this space?,Human presence
S228,Wi-Fi CSI sensing (the router IS the sensor),0,Frontier Sensing,Remote,Aggregate,person-fell,Did someone fall?,Human presence
S228,Wi-Fi CSI sensing (the router IS the sensor),0,Frontier Sensing,Remote,Aggregate,someone-present,Is anyone here?,Human presence
S228,Wi-Fi CSI sensing (the router IS the sensor),0,Frontier Sensing,Remote,Aggregate,through-wall-motion,Is something moving on the other side of that wall?,Invisible worlds
S240,DW1000 UWB two-way ranging radio,40.0,GNSS & Positioning,Remote,Identifiable,asset-location,Where is this thing right now?,Objects & assets
S240,DW1000 UWB two-way ranging radio,40.0,GNSS & Positioning,Remote,Identifiable,how-far-travelled,How far have I gone?,Navigation & space
S240,DW1000 UWB two-way ranging radio,40.0,GNSS & Positioning,Remote,Identifiable,object-present,Is the thing there?,Objects & assets
S240,DW1000 UWB two-way ranging radio,40.0,GNSS & Positioning,Remote,Identifiable,returned-to-spot,Am I back at the exact same place?,Navigation & space
S240,DW1000 UWB two-way ranging radio,40.0,GNSS & Positioning,Remote,Identifiable,where-in-room,Whereabouts in the room are they?,Human presence
S241,DW3000 UWB ranging radio (FiRa generation),48.0,GNSS & Positioning,Remote,Identifiable,asset-location,Where is this thing right now?,Objects & assets
S241,DW3000 UWB ranging radio (FiRa generation),48.0,GNSS & Positioning,Remote,Identifiable,authorised-to-use,Is this person allowed to operate this?,Security & safety
S241,DW3000 UWB ranging radio (FiRa generation),48.0,GNSS & Positioning,Remote,Identifiable,returned-to-spot,Am I back at the exact same place?,Navigation & space
S241,DW3000 UWB ranging radio (FiRa generation),48.0,GNSS & Positioning,Remote,Identifiable,where-in-room,Whereabouts in the room are they?,Human presence
S241,DW3000 UWB ranging radio (FiRa generation),48.0,GNSS & Positioning,Remote,Identifiable,who-is-it,Which specific person is this?,Human presence
S242,DWM1001C UWB module with ready-made RTLS firmware,22.0,GNSS & Positioning,Remote,Identifiable,asset-location,Where is this thing right now?,Objects & assets
S242,DWM1001C UWB module with ready-made RTLS firmware,22.0,GNSS & Positioning,Remote,Identifiable,how-far-travelled,How far have I gone?,Navigation & space
S242,DWM1001C UWB module with ready-made RTLS firmware,22.0,GNSS & Positioning,Remote,Identifiable,object-moved,Has it been moved or disturbed?,Objects & assets
S242,DWM1001C UWB module with ready-made RTLS firmware,22.0,GNSS & Positioning,Remote,Identifiable,occupancy-duration,How long has this desk/room/seat been in use?,Human presence
S242,DWM1001C UWB module with ready-made RTLS firmware,22.0,GNSS & Positioning,Remote,Identifiable,where-in-room,Whereabouts in the room are they?,Human presence
S243,SAM-M10Q GNSS with integrated patch antenna,40.0,GNSS & Positioning,Remote,None,asset-location,Where is this thing right now?,Objects & assets
S243,SAM-M10Q GNSS with integrated patch antenna,40.0,GNSS & Positioning,Remote,None,how-far-travelled,How far have I gone?,Navigation & space
S243,SAM-M10Q GNSS with integrated patch antenna,40.0,GNSS & Positioning,Remote,None,how-fast-moving,How fast am I moving?,Navigation & space
S243,SAM-M10Q GNSS with integrated patch antenna,40.0,GNSS & Positioning,Remote,None,how-high,What altitude or floor am I on?,Navigation & space
S243,SAM-M10Q GNSS with integrated patch antenna,40.0,GNSS & Positioning,Remote,None,where-am-i,Where am I on Earth?,Navigation & space
S244,ZED-F9R dead-reckoning GNSS,280.0,GNSS & Positioning,Remote,None,asset-location,Where is this thing right now?,Objects & assets
S244,ZED-F9R dead-reckoning GNSS,280.0,GNSS & Positioning,Remote,None,how-far-travelled,How far have I gone?,Navigation & space
S244,ZED-F9R dead-reckoning GNSS,280.0,GNSS & Positioning,Remote,None,how-fast-moving,How fast am I moving?,Navigation & space
S244,ZED-F9R dead-reckoning GNSS,280.0,GNSS & Positioning,Remote,None,where-am-i,Where am I on Earth?,Navigation & space
S244,ZED-F9R dead-reckoning GNSS,280.0,GNSS & Positioning,Remote,None,which-way-facing,Which way am I pointing?,Navigation & space
S245,ZED-X20P all-band centimetre GNSS,90.0,GNSS & Positioning,Remote,None,am-i-level,"Is this level, and by how much is it off?",Navigation & space
S245,ZED-X20P all-band centimetre GNSS,90.0,GNSS & Positioning,Remote,None,how-far-travelled,How far have I gone?,Navigation & space
S245,ZED-X20P all-band centimetre GNSS,90.0,GNSS & Positioning,Remote,None,returned-to-spot,Am I back at the exact same place?,Navigation & space
S245,ZED-X20P all-band centimetre GNSS,90.0,GNSS & Positioning,Remote,None,structure-moved,Has this structure shifted or tilted since last time?,Navigation & space
S245,ZED-X20P all-band centimetre GNSS,90.0,GNSS & Positioning,Remote,None,where-am-i,Where am I on Earth?,Navigation & space
S246,LC29H(DA) low-cost L1+L5 RTK rover,55.0,GNSS & Positioning,Remote,None,asset-location,Where is this thing right now?,Objects & assets
S246,LC29H(DA) low-cost L1+L5 RTK rover,55.0,GNSS & Positioning,Remote,None,how-fast-moving,How fast am I moving?,Navigation & space
S246,LC29H(DA) low-cost L1+L5 RTK rover,55.0,GNSS & Positioning,Remote,None,returned-to-spot,Am I back at the exact same place?,Navigation & space
S246,LC29H(DA) low-cost L1+L5 RTK rover,55.0,GNSS & Positioning,Remote,None,structure-moved,Has this structure shifted or tilted since last time?,Navigation & space
S246,LC29H(DA) low-cost L1+L5 RTK rover,55.0,GNSS & Positioning,Remote,None,where-am-i,Where am I on Earth?,Navigation & space
S247,UM980 triple-band RTK receiver,200.0,GNSS & Positioning,Remote,None,am-i-level,"Is this level, and by how much is it off?",Navigation & space
S247,UM980 triple-band RTK receiver,200.0,GNSS & Positioning,Remote,None,how-far-travelled,How far have I gone?,Navigation & space
S247,UM980 triple-band RTK receiver,200.0,GNSS & Positioning,Remote,None,returned-to-spot,Am I back at the exact same place?,Navigation & space
S247,UM980 triple-band RTK receiver,200.0,GNSS & Positioning,Remote,None,structure-moved,Has this structure shifted or tilted since last time?,Navigation & space
S247,UM980 triple-band RTK receiver,200.0,GNSS & Positioning,Remote,None,where-am-i,Where am I on Earth?,Navigation & space
S248,UM982 dual-antenna RTK with true heading,260.0,GNSS & Positioning,Remote,None,am-i-level,"Is this level, and by how much is it off?",Navigation & space
S248,UM982 dual-antenna RTK with true heading,260.0,GNSS & Positioning,Remote,None,how-fast-moving,How fast am I moving?,Navigation & space
S248,UM982 dual-antenna RTK with true heading,260.0,GNSS & Positioning,Remote,None,structure-moved,Has this structure shifted or tilted since last time?,Navigation & space
S248,UM982 dual-antenna RTK with true heading,260.0,GNSS & Positioning,Remote,None,where-am-i,Where am I on Earth?,Navigation & space
S248,UM982 dual-antenna RTK with true heading,260.0,GNSS & Positioning,Remote,None,which-way-facing,Which way am I pointing?,Navigation & space
S249,BN-880 GNSS module with on-board compass,20.0,GNSS & Positioning,Remote,None,asset-location,Where is this thing right now?,Objects & assets
S249,BN-880 GNSS module with on-board compass,20.0,GNSS & Positioning,Remote,None,how-far-travelled,How far have I gone?,Navigation & space
S249,BN-880 GNSS module with on-board compass,20.0,GNSS & Positioning,Remote,None,how-fast-moving,How fast am I moving?,Navigation & space
S249,BN-880 GNSS module with on-board compass,20.0,GNSS & Positioning,Remote,None,where-am-i,Where am I on Earth?,Navigation & space
S249,BN-880 GNSS module with on-board compass,20.0,GNSS & Positioning,Remote,None,which-way-facing,Which way am I pointing?,Navigation & space
S252,ANT-B10 Bluetooth angle-of-arrival anchor,90.0,GNSS & Positioning,Remote,Identifiable,asset-location,Where is this thing right now?,Objects & assets
S252,ANT-B10 Bluetooth angle-of-arrival anchor,90.0,GNSS & Positioning,Remote,Identifiable,entered-or-left,"Did they come in, or go out?",Human presence
S252,ANT-B10 Bluetooth angle-of-arrival anchor,90.0,GNSS & Positioning,Remote,Identifiable,occupancy-duration,How long has this desk/room/seat been in use?,Human presence
S252,ANT-B10 Bluetooth angle-of-arrival anchor,90.0,GNSS & Positioning,Remote,Identifiable,where-in-room,Whereabouts in the room are they?,Human presence
S252,ANT-B10 Bluetooth angle-of-arrival anchor,90.0,GNSS & Positioning,Remote,Identifiable,who-is-it,Which specific person is this?,Human presence
S253,Wi-Fi and magnetic fingerprint positioning,5.0,GNSS & Positioning,Remote,None,asset-location,Where is this thing right now?,Objects & assets
S253,Wi-Fi and magnetic fingerprint positioning,5.0,GNSS & Positioning,Remote,None,how-high,What altitude or floor am I on?,Navigation & space
S253,Wi-Fi and magnetic fingerprint positioning,5.0,GNSS & Positioning,Remote,None,magnetic-anomaly,Is there ferrous metal or a field distortion here?,Invisible worlds
S253,Wi-Fi and magnetic fingerprint positioning,5.0,GNSS & Positioning,Remote,None,returned-to-spot,Am I back at the exact same place?,Navigation & space
S253,Wi-Fi and magnetic fingerprint positioning,5.0,GNSS & Positioning,Remote,None,where-in-room,Whereabouts in the room are they?,Human presence
S254,4-20mA loop pressure transmitter,150.0,Industrial & Automotive,Contact,None,drift-from-baseline,Has this drifted from how it behaved when new?,Machine health
S254,4-20mA loop pressure transmitter,150.0,Industrial & Automotive,Contact,None,filter-clogged,Is the filter blocked?,Machine health
S254,4-20mA loop pressure transmitter,150.0,Industrial & Automotive,Contact,None,machine-state,"Is it idle, loaded, or jammed?",Machine health
S254,4-20mA loop pressure transmitter,150.0,Industrial & Automotive,Contact,None,pump-dry,Is the pump about to run dry?,Water
S254,4-20mA loop pressure transmitter,150.0,Industrial & Automotive,Contact,None,tank-level,How much is in the tank?,Water
S255,Submersible hydrostatic level transmitter,70.0,Industrial & Automotive,Immersed,None,container-fullness,How full is it?,Objects & assets
S255,Submersible hydrostatic level transmitter,70.0,Industrial & Automotive,Immersed,None,flood-rising,"Is water rising, and how fast?",Weather & outdoors
S255,Submersible hydrostatic level transmitter,70.0,Industrial & Automotive,Immersed,None,pump-dry,Is the pump about to run dry?,Water
S255,Submersible hydrostatic level transmitter,70.0,Industrial & Automotive,Immersed,None,tank-level,How much is in the tank?,Water
S255,Submersible hydrostatic level transmitter,70.0,Industrial & Automotive,Immersed,None,water-used-total,"How much water was used, by whom, and when?",Water
S259,Capacitive proximity switch M18,7.0,Industrial & Automotive,Standoff,None,container-fullness,How full is it?,Objects & assets
S259,Capacitive proximity switch M18,7.0,Industrial & Automotive,Standoff,None,material-type,What material is this?,Materials & chemistry
S259,Capacitive proximity switch M18,7.0,Industrial & Automotive,Standoff,None,object-count,How many went past?,Objects & assets
S259,Capacitive proximity switch M18,7.0,Industrial & Automotive,Standoff,None,object-present,Is the thing there?,Objects & assets
S259,Capacitive proximity switch M18,7.0,Industrial & Automotive,Standoff,None,tank-level,How much is in the tank?,Water
S260,Retro-reflective photoelectric sensor,70.0,Industrial & Automotive,Standoff,Aggregate,crossed-boundary,Did something cross this line?,Human presence
S260,Retro-reflective photoelectric sensor,70.0,Industrial & Automotive,Standoff,Aggregate,door-state,Is it open or closed?,Objects & assets
S260,Retro-reflective photoelectric sensor,70.0,Industrial & Automotive,Standoff,Aggregate,object-count,How many went past?,Objects & assets
S260,Retro-reflective photoelectric sensor,70.0,Industrial & Automotive,Standoff,Aggregate,object-present,Is the thing there?,Objects & assets
S260,Retro-reflective photoelectric sensor,70.0,Industrial & Automotive,Standoff,Aggregate,vehicle-approaching,Is a vehicle arriving?,Security & safety
S262,Type 4 safety light curtain,800.0,Industrial & Automotive,Standoff,Aggregate,crossed-boundary,Did something cross this line?,Human presence
S262,Type 4 safety light curtain,800.0,Industrial & Automotive,Standoff,Aggregate,cycle-complete,Has the cycle finished?,Machine health
S262,Type 4 safety light curtain,800.0,Industrial & Automotive,Standoff,Aggregate,machine-state,"Is it idle, loaded, or jammed?",Machine health
S262,Type 4 safety light curtain,800.0,Industrial & Automotive,Standoff,Aggregate,perimeter-crossed,"Was the boundary crossed, and where along it?",Security & safety
S262,Type 4 safety light curtain,800.0,Industrial & Automotive,Standoff,Aggregate,someone-present,Is anyone here?,Human presence
S263,4-wire PT100 RTD probe with thermowell,25.0,Industrial & Automotive,Contact,None,drift-from-baseline,Has this drifted from how it behaved when new?,Machine health
S263,4-wire PT100 RTD probe with thermowell,25.0,Industrial & Automotive,Contact,None,machine-state,"Is it idle, loaded, or jammed?",Machine health
S263,4-wire PT100 RTD probe with thermowell,25.0,Industrial & Automotive,Contact,None,overheating,Is something running hotter than it should?,Machine health
S263,4-wire PT100 RTD probe with thermowell,25.0,Industrial & Automotive,Contact,None,thermal-energy-moved,How much heat did this water actually carry?,Water
S263,4-wire PT100 RTD probe with thermowell,25.0,Industrial & Automotive,Contact,None,water-hot-enough,Is the water at the right temperature?,Water
S264,Vibrating-fork level switch,90.0,Industrial & Automotive,Immersed,None,container-fullness,How full is it?,Objects & assets
S264,Vibrating-fork level switch,90.0,Industrial & Automotive,Immersed,None,cycle-complete,Has the cycle finished?,Machine health
S264,Vibrating-fork level switch,90.0,Industrial & Automotive,Immersed,None,pump-dry,Is the pump about to run dry?,Water
S264,Vibrating-fork level switch,90.0,Industrial & Automotive,Immersed,None,tank-level,How much is in the tank?,Water
S264,Vibrating-fork level switch,90.0,Industrial & Automotive,Immersed,None,water-leak,Is water escaping where it shouldn't?,Water
S265,Stainless vertical float level switch,5.0,Industrial & Automotive,Immersed,None,container-fullness,How full is it?,Objects & assets
S265,Stainless vertical float level switch,5.0,Industrial & Automotive,Immersed,None,flood-rising,"Is water rising, and how fast?",Weather & outdoors
S265,Stainless vertical float level switch,5.0,Industrial & Automotive,Immersed,None,pump-dry,Is the pump about to run dry?,Water
S265,Stainless vertical float level switch,5.0,Industrial & Automotive,Immersed,None,tank-level,How much is in the tank?,Water
S265,Stainless vertical float level switch,5.0,Industrial & Automotive,Immersed,None,water-leak,Is water escaping where it shouldn't?,Water
S266,Paddle flow switch,12.0,Industrial & Automotive,Immersed,None,filter-clogged,Is the filter blocked?,Machine health
S266,Paddle flow switch,12.0,Industrial & Automotive,Immersed,None,flow-rate,How fast is water flowing?,Water
S266,Paddle flow switch,12.0,Industrial & Automotive,Immersed,None,machine-running,Is it on?,Machine health
S266,Paddle flow switch,12.0,Industrial & Automotive,Immersed,None,pump-dry,Is the pump about to run dry?,Water
S266,Paddle flow switch,12.0,Industrial & Automotive,Immersed,None,water-leak,Is water escaping where it shouldn't?,Water
S269,PN5180 long-range NFC / ISO15693 reader,12.0,Identity & Tags,Standoff,Identifiable,authorised-to-use,Is this person allowed to operate this?,Security & safety
S269,PN5180 long-range NFC / ISO15693 reader,12.0,Identity & Tags,Standoff,Identifiable,object-genuine,Is this authentic or counterfeit?,Objects & assets
S269,PN5180 long-range NFC / ISO15693 reader,12.0,Identity & Tags,Standoff,Identifiable,object-identity,Which specific object is this?,Objects & assets
S269,PN5180 long-range NFC / ISO15693 reader,12.0,Identity & Tags,Standoff,Identifiable,object-present,Is the thing there?,Objects & assets
S269,PN5180 long-range NFC / ISO15693 reader,12.0,Identity & Tags,Standoff,Identifiable,who-is-it,Which specific person is this?,Human presence
S286,Alphasense PID-AH2 photoionisation VOC,320.0,Gas & VOC,Standoff,None,air-leak,"Is compressed air leaking, and where?",Machine health
S286,Alphasense PID-AH2 photoionisation VOC,320.0,Gas & VOC,Standoff,None,contamination,Has this been contaminated?,Materials & chemistry
S286,Alphasense PID-AH2 photoionisation VOC,320.0,Gas & VOC,Standoff,None,formaldehyde-level,Is new furniture or flooring off-gassing?,Air & environment
S286,Alphasense PID-AH2 photoionisation VOC,320.0,Gas & VOC,Standoff,None,smell-signature,What does this smell like — which known smell is it?,Air & environment
S286,Alphasense PID-AH2 photoionisation VOC,320.0,Gas & VOC,Standoff,None,voc-event,Did something start off-gassing or smelling?,Air & environment
S294,PMS7003 laser particle counter,20.0,Particulate,Standoff,None,cooking-detected,Is someone cooking?,Air & environment
S294,PMS7003 laser particle counter,20.0,Particulate,Standoff,None,filter-clogged,Is the filter blocked?,Machine health
S294,PMS7003 laser particle counter,20.0,Particulate,Standoff,None,fire-present,Is there a flame?,Security & safety
S294,PMS7003 laser particle counter,20.0,Particulate,Standoff,None,particulate-level,How polluted is the air right now?,Air & environment
S294,PMS7003 laser particle counter,20.0,Particulate,Standoff,None,smoke-present,Is there smoke?,Air & environment
S296,Alphasense OPC-N3 optical particle counter,500.0,Particulate,Standoff,None,contamination,Has this been contaminated?,Materials & chemistry
S296,Alphasense OPC-N3 optical particle counter,500.0,Particulate,Standoff,None,disease-pressure,Are conditions right for fungal disease?,Plants & soil
S296,Alphasense OPC-N3 optical particle counter,500.0,Particulate,Standoff,None,heat-island,How much hotter is this spot than the next street?,Weather & outdoors
S296,Alphasense OPC-N3 optical particle counter,500.0,Particulate,Standoff,None,particulate-level,How polluted is the air right now?,Air & environment
S296,Alphasense OPC-N3 optical particle counter,500.0,Particulate,Standoff,None,smoke-present,Is there smoke?,Air & environment
S298,BMI323 6-axis IMU,8.0,Motion & Vibration,Contact,None,machine-running,Is it on?,Machine health
S298,BMI323 6-axis IMU,8.0,Motion & Vibration,Contact,None,object-moved,Has it been moved or disturbed?,Objects & assets
S298,BMI323 6-axis IMU,8.0,Motion & Vibration,Contact,None,posture,What posture is this body in?,Body & health
S298,BMI323 6-axis IMU,8.0,Motion & Vibration,Contact,None,step-count,How much have they moved today?,Body & health
S298,BMI323 6-axis IMU,8.0,Motion & Vibration,Contact,None,tamper-detected,Has someone interfered with it?,Objects & assets
S299,BMA400 ultra-low-power accelerometer,13.0,Motion & Vibration,Contact,None,door-state,Is it open or closed?,Objects & assets
S299,BMA400 ultra-low-power accelerometer,13.0,Motion & Vibration,Contact,None,machine-running,Is it on?,Machine health
S299,BMA400 ultra-low-power accelerometer,13.0,Motion & Vibration,Contact,None,object-moved,Has it been moved or disturbed?,Objects & assets
S299,BMA400 ultra-low-power accelerometer,13.0,Motion & Vibration,Contact,None,step-count,How much have they moved today?,Body & health
S299,BMA400 ultra-low-power accelerometer,13.0,Motion & Vibration,Contact,None,tamper-detected,Has someone interfered with it?,Objects & assets
S300,BMM350 TMR magnetometer,7.0,Magnetic & Compass,Standoff,None,door-state,Is it open or closed?,Objects & assets
S300,BMM350 TMR magnetometer,7.0,Magnetic & Compass,Standoff,None,hidden-wiring,Where is the wiring or metal inside this wall?,Invisible worlds
S300,BMM350 TMR magnetometer,7.0,Magnetic & Compass,Standoff,None,magnetic-anomaly,Is there ferrous metal or a field distortion here?,Invisible worlds
S300,BMM350 TMR magnetometer,7.0,Magnetic & Compass,Standoff,None,object-moved,Has it been moved or disturbed?,Objects & assets
S300,BMM350 TMR magnetometer,7.0,Magnetic & Compass,Standoff,None,which-way-facing,Which way am I pointing?,Navigation & space
S301,LSM6DSV16X IMU with on-chip fusion,20.0,Motion & Vibration,Contact,None,gait-quality,How is this person walking?,Body & health
S301,LSM6DSV16X IMU with on-chip fusion,20.0,Motion & Vibration,Contact,None,object-moved,Has it been moved or disturbed?,Objects & assets
S301,LSM6DSV16X IMU with on-chip fusion,20.0,Motion & Vibration,Contact,None,posture,What posture is this body in?,Body & health
S301,LSM6DSV16X IMU with on-chip fusion,20.0,Motion & Vibration,Contact,None,step-count,How much have they moved today?,Body & health
S301,LSM6DSV16X IMU with on-chip fusion,20.0,Motion & Vibration,Contact,None,which-way-facing,Which way am I pointing?,Navigation & space
S302,LSM6DSO32 high-range IMU,13.0,Motion & Vibration,Contact,None,how-fast-moving,How fast am I moving?,Navigation & space
S302,LSM6DSO32 high-range IMU,13.0,Motion & Vibration,Contact,None,machine-state,"Is it idle, loaded, or jammed?",Machine health
S302,LSM6DSO32 high-range IMU,13.0,Motion & Vibration,Contact,None,object-dropped,"Was it dropped, and how hard?",Objects & assets
S302,LSM6DSO32 high-range IMU,13.0,Motion & Vibration,Contact,None,object-moved,Has it been moved or disturbed?,Objects & assets
S302,LSM6DSO32 high-range IMU,13.0,Motion & Vibration,Contact,None,which-way-facing,Which way am I pointing?,Navigation & space
S303,LIS2DW12 nanoamp accelerometer,6.0,Motion & Vibration,Contact,None,door-state,Is it open or closed?,Objects & assets
S303,LIS2DW12 nanoamp accelerometer,6.0,Motion & Vibration,Contact,None,object-moved,Has it been moved or disturbed?,Objects & assets
S303,LIS2DW12 nanoamp accelerometer,6.0,Motion & Vibration,Contact,None,person-fell,Did someone fall?,Human presence
S303,LIS2DW12 nanoamp accelerometer,6.0,Motion & Vibration,Contact,None,step-count,How much have they moved today?,Body & health
S303,LIS2DW12 nanoamp accelerometer,6.0,Motion & Vibration,Contact,None,tamper-detected,Has someone interfered with it?,Objects & assets
S304,ISM330DHCX industrial IMU,20.0,Motion & Vibration,Contact,None,drift-from-baseline,Has this drifted from how it behaved when new?,Machine health
S304,ISM330DHCX industrial IMU,20.0,Motion & Vibration,Contact,None,imbalance,Is it out of balance or misaligned?,Machine health
S304,ISM330DHCX industrial IMU,20.0,Motion & Vibration,Contact,None,machine-duty-cycle,How much is this machine actually used?,Machine health
S304,ISM330DHCX industrial IMU,20.0,Motion & Vibration,Contact,None,machine-state,"Is it idle, loaded, or jammed?",Machine health
S304,ISM330DHCX industrial IMU,20.0,Motion & Vibration,Contact,None,object-moved,Has it been moved or disturbed?,Objects & assets
S305,IIS3DWB wideband vibration sensor,45.0,Motion & Vibration,Contact,None,bearing-failing,Is a bearing starting to fail?,Machine health
S305,IIS3DWB wideband vibration sensor,45.0,Motion & Vibration,Contact,None,belt-slipping,Is the belt or coupling slipping?,Machine health
S305,IIS3DWB wideband vibration sensor,45.0,Motion & Vibration,Contact,None,drift-from-baseline,Has this drifted from how it behaved when new?,Machine health
S305,IIS3DWB wideband vibration sensor,45.0,Motion & Vibration,Contact,None,imbalance,Is it out of balance or misaligned?,Machine health
S305,IIS3DWB wideband vibration sensor,45.0,Motion & Vibration,Contact,None,lubrication-failing,Is lubrication breaking down?,Machine health
S306,ICM-42688-P low-noise IMU,10.0,Motion & Vibration,Contact,None,how-fast-moving,How fast am I moving?,Navigation & space
S306,ICM-42688-P low-noise IMU,10.0,Motion & Vibration,Contact,None,imbalance,Is it out of balance or misaligned?,Machine health
S306,ICM-42688-P low-noise IMU,10.0,Motion & Vibration,Contact,None,object-moved,Has it been moved or disturbed?,Objects & assets
S306,ICM-42688-P low-noise IMU,10.0,Motion & Vibration,Contact,None,rotation-speed,How fast is it turning?,Machine health
S306,ICM-42688-P low-noise IMU,10.0,Motion & Vibration,Contact,None,which-way-facing,Which way am I pointing?,Navigation & space
S307,ICM-45686 premium 6-axis IMU,12.0,Motion & Vibration,Contact,None,drift-from-baseline,Has this drifted from how it behaved when new?,Machine health
S307,ICM-45686 premium 6-axis IMU,12.0,Motion & Vibration,Contact,None,how-fast-moving,How fast am I moving?,Navigation & space
S307,ICM-45686 premium 6-axis IMU,12.0,Motion & Vibration,Contact,None,machine-state,"Is it idle, loaded, or jammed?",Machine health
S307,ICM-45686 premium 6-axis IMU,12.0,Motion & Vibration,Contact,None,object-dropped,"Was it dropped, and how hard?",Objects & assets
S307,ICM-45686 premium 6-axis IMU,12.0,Motion & Vibration,Contact,None,which-way-facing,Which way am I pointing?,Navigation & space
S308,ADXL1002 wideband analog vibration sensor,95.0,Motion & Vibration,Contact,None,bearing-failing,Is a bearing starting to fail?,Machine health
S308,ADXL1002 wideband analog vibration sensor,95.0,Motion & Vibration,Contact,None,drift-from-baseline,Has this drifted from how it behaved when new?,Machine health
S308,ADXL1002 wideband analog vibration sensor,95.0,Motion & Vibration,Contact,None,imbalance,Is it out of balance or misaligned?,Machine health
S308,ADXL1002 wideband analog vibration sensor,95.0,Motion & Vibration,Contact,None,lubrication-failing,Is lubrication breaking down?,Machine health
S308,ADXL1002 wideband analog vibration sensor,95.0,Motion & Vibration,Contact,None,machine-state,"Is it idle, loaded, or jammed?",Machine health
S309,ADXL1005 ultra-wideband analog accelerometer,110.0,Motion & Vibration,Contact,None,air-leak,"Is compressed air leaking, and where?",Machine health
S309,ADXL1005 ultra-wideband analog accelerometer,110.0,Motion & Vibration,Contact,None,arc-or-discharge,Is there electrical arcing or partial discharge?,Machine health
S309,ADXL1005 ultra-wideband analog accelerometer,110.0,Motion & Vibration,Contact,None,bearing-failing,Is a bearing starting to fail?,Machine health
S309,ADXL1005 ultra-wideband analog accelerometer,110.0,Motion & Vibration,Contact,None,drift-from-baseline,Has this drifted from how it behaved when new?,Machine health
S309,ADXL1005 ultra-wideband analog accelerometer,110.0,Motion & Vibration,Contact,None,imbalance,Is it out of balance or misaligned?,Machine health
S310,ADIS16505-2 tactical-grade IMU,825.0,Motion & Vibration,Contact,None,how-far-travelled,How far have I gone?,Navigation & space
S310,ADIS16505-2 tactical-grade IMU,825.0,Motion & Vibration,Contact,None,how-fast-moving,How fast am I moving?,Navigation & space
S310,ADIS16505-2 tactical-grade IMU,825.0,Motion & Vibration,Contact,None,returned-to-spot,Am I back at the exact same place?,Navigation & space
S310,ADIS16505-2 tactical-grade IMU,825.0,Motion & Vibration,Contact,None,structure-moved,Has this structure shifted or tilted since last time?,Navigation & space
S310,ADIS16505-2 tactical-grade IMU,825.0,Motion & Vibration,Contact,None,which-way-facing,Which way am I pointing?,Navigation & space
S311,352C33 IEPE piezoelectric accelerometer,450.0,Motion & Vibration,Contact,None,bearing-failing,Is a bearing starting to fail?,Machine health
S311,352C33 IEPE piezoelectric accelerometer,450.0,Motion & Vibration,Contact,None,drift-from-baseline,Has this drifted from how it behaved when new?,Machine health
S311,352C33 IEPE piezoelectric accelerometer,450.0,Motion & Vibration,Contact,None,imbalance,Is it out of balance or misaligned?,Machine health
S311,352C33 IEPE piezoelectric accelerometer,450.0,Motion & Vibration,Contact,None,lubrication-failing,Is lubrication breaking down?,Machine health
S311,352C33 IEPE piezoelectric accelerometer,450.0,Motion & Vibration,Contact,None,machine-state,"Is it idle, loaded, or jammed?",Machine health
S312,SCA3300 industrial inclinometer/accelerometer,50.0,Motion & Vibration,Contact,None,am-i-level,"Is this level, and by how much is it off?",Navigation & space
S312,SCA3300 industrial inclinometer/accelerometer,50.0,Motion & Vibration,Contact,None,machine-state,"Is it idle, loaded, or jammed?",Machine health
S312,SCA3300 industrial inclinometer/accelerometer,50.0,Motion & Vibration,Contact,None,object-moved,Has it been moved or disturbed?,Objects & assets
S312,SCA3300 industrial inclinometer/accelerometer,50.0,Motion & Vibration,Contact,None,posture,What posture is this body in?,Body & health
S312,SCA3300 industrial inclinometer/accelerometer,50.0,Motion & Vibration,Contact,None,structure-moved,Has this structure shifted or tilted since last time?,Navigation & space
S314,L3GD20H gyro-only 3-axis,20.0,Motion & Vibration,Contact,None,imbalance,Is it out of balance or misaligned?,Machine health
S314,L3GD20H gyro-only 3-axis,20.0,Motion & Vibration,Contact,None,machine-state,"Is it idle, loaded, or jammed?",Machine health
S314,L3GD20H gyro-only 3-axis,20.0,Motion & Vibration,Contact,None,rotation-speed,How fast is it turning?,Machine health
S314,L3GD20H gyro-only 3-axis,20.0,Motion & Vibration,Contact,None,tremor-present,"Is there a tremor, and at what frequency?",Body & health
S314,L3GD20H gyro-only 3-axis,20.0,Motion & Vibration,Contact,None,which-way-facing,Which way am I pointing?,Navigation & space
S315,AS7265x 18-channel spectral triad,69.95,Colour & Spectral,Standoff,None,colour-match,Does this colour match the reference?,Materials & chemistry
S315,AS7265x 18-channel spectral triad,69.95,Colour & Spectral,Standoff,None,contamination,Has this been contaminated?,Materials & chemistry
S315,AS7265x 18-channel spectral triad,69.95,Colour & Spectral,Standoff,None,fruit-ripe,Is it ripe?,Plants & soil
S315,AS7265x 18-channel spectral triad,69.95,Colour & Spectral,Standoff,None,material-type,What material is this?,Materials & chemistry
S315,AS7265x 18-channel spectral triad,69.95,Colour & Spectral,Standoff,None,object-material,What is this made of?,Objects & assets
S317,Hamamatsu C12880MA micro-spectrometer,330.0,Colour & Spectral,Standoff,None,colour-match,Does this colour match the reference?,Materials & chemistry
S317,Hamamatsu C12880MA micro-spectrometer,330.0,Colour & Spectral,Standoff,None,concentration-liquid,How concentrated is this solution?,Materials & chemistry
S317,Hamamatsu C12880MA micro-spectrometer,330.0,Colour & Spectral,Standoff,None,contamination,Has this been contaminated?,Materials & chemistry
S317,Hamamatsu C12880MA micro-spectrometer,330.0,Colour & Spectral,Standoff,None,material-type,What material is this?,Materials & chemistry
S317,Hamamatsu C12880MA micro-spectrometer,330.0,Colour & Spectral,Standoff,None,object-genuine,Is this authentic or counterfeit?,Objects & assets
S325,MLX90621 16x4 fast thermal array,60.0,Thermal Imaging,Standoff,Aggregate,crossed-boundary,Did something cross this line?,Human presence
S325,MLX90621 16x4 fast thermal array,60.0,Thermal Imaging,Standoff,Aggregate,machine-state,"Is it idle, loaded, or jammed?",Machine health
S325,MLX90621 16x4 fast thermal array,60.0,Thermal Imaging,Standoff,Aggregate,object-temperature,How hot is that surface?,Objects & assets
S325,MLX90621 16x4 fast thermal array,60.0,Thermal Imaging,Standoff,Aggregate,overheating,Is something running hotter than it should?,Machine health
S325,MLX90621 16x4 fast thermal array,60.0,Thermal Imaging,Standoff,Aggregate,someone-present,Is anyone here?,Human presence
S326,Heimann HTPA32x32d thermopile array,140.0,Thermal Imaging,Standoff,Aggregate,how-many-people,How many people are in this space?,Human presence
S326,Heimann HTPA32x32d thermopile array,140.0,Thermal Imaging,Standoff,Aggregate,object-temperature,How hot is that surface?,Objects & assets
S326,Heimann HTPA32x32d thermopile array,140.0,Thermal Imaging,Standoff,Aggregate,overheating,Is something running hotter than it should?,Machine health
S326,Heimann HTPA32x32d thermopile array,140.0,Thermal Imaging,Standoff,Aggregate,someone-still-present,"Is someone still here, sitting perfectly still?",Human presence
S326,Heimann HTPA32x32d thermopile array,140.0,Thermal Imaging,Standoff,Aggregate,where-in-room,Whereabouts in the room are they?,Human presence
S327,Heimann HTPA80x64d thermopile array,350.0,Thermal Imaging,Standoff,Raw-imagery,how-many-people,How many people are in this space?,Human presence
S327,Heimann HTPA80x64d thermopile array,350.0,Thermal Imaging,Standoff,Raw-imagery,object-temperature,How hot is that surface?,Objects & assets
S327,Heimann HTPA80x64d thermopile array,350.0,Thermal Imaging,Standoff,Raw-imagery,overheating,Is something running hotter than it should?,Machine health
S327,Heimann HTPA80x64d thermopile array,350.0,Thermal Imaging,Standoff,Raw-imagery,person-fell,Did someone fall?,Human presence
S327,Heimann HTPA80x64d thermopile array,350.0,Thermal Imaging,Standoff,Raw-imagery,where-in-room,Whereabouts in the room are they?,Human presence
S328,SenXor MI0801 CMOS thermal imager,95.0,Thermal Imaging,Standoff,Raw-imagery,how-many-people,How many people are in this space?,Human presence
S328,SenXor MI0801 CMOS thermal imager,95.0,Thermal Imaging,Standoff,Raw-imagery,object-temperature,How hot is that surface?,Objects & assets
S328,SenXor MI0801 CMOS thermal imager,95.0,Thermal Imaging,Standoff,Raw-imagery,overheating,Is something running hotter than it should?,Machine health
S328,SenXor MI0801 CMOS thermal imager,95.0,Thermal Imaging,Standoff,Raw-imagery,person-fell,Did someone fall?,Human presence
S328,SenXor MI0801 CMOS thermal imager,95.0,Thermal Imaging,Standoff,Raw-imagery,someone-still-present,"Is someone still here, sitting perfectly still?",Human presence
S329,FLIR Lepton 3.1R radiometric thermal module,180.0,Thermal Imaging,Standoff,Raw-imagery,drift-from-baseline,Has this drifted from how it behaved when new?,Machine health
S329,FLIR Lepton 3.1R radiometric thermal module,180.0,Thermal Imaging,Standoff,Raw-imagery,fire-present,Is there a flame?,Security & safety
S329,FLIR Lepton 3.1R radiometric thermal module,180.0,Thermal Imaging,Standoff,Raw-imagery,how-many-people,How many people are in this space?,Human presence
S329,FLIR Lepton 3.1R radiometric thermal module,180.0,Thermal Imaging,Standoff,Raw-imagery,object-temperature,How hot is that surface?,Objects & assets
S329,FLIR Lepton 3.1R radiometric thermal module,180.0,Thermal Imaging,Standoff,Raw-imagery,overheating,Is something running hotter than it should?,Machine health
S330,InfiRay P2 Pro USB-C thermal camera,270.0,Thermal Imaging,Standoff,Raw-imagery,drift-from-baseline,Has this drifted from how it behaved when new?,Machine health
S330,InfiRay P2 Pro USB-C thermal camera,270.0,Thermal Imaging,Standoff,Raw-imagery,filter-clogged,Is the filter blocked?,Machine health
S330,InfiRay P2 Pro USB-C thermal camera,270.0,Thermal Imaging,Standoff,Raw-imagery,object-temperature,How hot is that surface?,Objects & assets
S330,InfiRay P2 Pro USB-C thermal camera,270.0,Thermal Imaging,Standoff,Raw-imagery,overheating,Is something running hotter than it should?,Machine health
S330,InfiRay P2 Pro USB-C thermal camera,270.0,Thermal Imaging,Standoff,Raw-imagery,someone-present,Is anyone here?,Human presence
S331,VL53L4CD short-range precision ToF,12.0,Distance & Ranging,Standoff,None,consumable-remaining,"How much is left, and how long until it runs out?",Objects & assets
S331,VL53L4CD short-range precision ToF,12.0,Distance & Ranging,Standoff,None,container-fullness,How full is it?,Objects & assets
S331,VL53L4CD short-range precision ToF,12.0,Distance & Ranging,Standoff,None,crossed-boundary,Did something cross this line?,Human presence
S331,VL53L4CD short-range precision ToF,12.0,Distance & Ranging,Standoff,None,object-present,Is the thing there?,Objects & assets
S331,VL53L4CD short-range precision ToF,12.0,Distance & Ranging,Standoff,None,obstacle-ahead,Is there something in the way?,Navigation & space
S334,PMW3901 optical flow,25.0,Distance & Ranging,Standoff,None,how-far-travelled,How far have I gone?,Navigation & space
S334,PMW3901 optical flow,25.0,Distance & Ranging,Standoff,None,how-fast-moving,How fast am I moving?,Navigation & space
S334,PMW3901 optical flow,25.0,Distance & Ranging,Standoff,None,object-moved,Has it been moved or disturbed?,Objects & assets
S334,PMW3901 optical flow,25.0,Distance & Ranging,Standoff,None,returned-to-spot,Am I back at the exact same place?,Navigation & space
S334,PMW3901 optical flow,25.0,Distance & Ranging,Standoff,None,structure-moved,Has this structure shifted or tilted since last time?,Navigation & space
S335,PAA5100JE near-field optical flow,25.0,Distance & Ranging,Standoff,None,how-far-travelled,How far have I gone?,Navigation & space
S335,PAA5100JE near-field optical flow,25.0,Distance & Ranging,Standoff,None,how-fast-moving,How fast am I moving?,Navigation & space
S335,PAA5100JE near-field optical flow,25.0,Distance & Ranging,Standoff,None,machine-state,"Is it idle, loaded, or jammed?",Machine health
S335,PAA5100JE near-field optical flow,25.0,Distance & Ranging,Standoff,None,object-moved,Has it been moved or disturbed?,Objects & assets
S335,PAA5100JE near-field optical flow,25.0,Distance & Ranging,Standoff,None,returned-to-spot,Am I back at the exact same place?,Navigation & space
S362,MAX30001 ECG + bioimpedance AFE,45.0,Biometric & Health,Contact,Identifiable,breathing-rate,How fast are they breathing?,Body & health
S362,MAX30001 ECG + bioimpedance AFE,45.0,Biometric & Health,Contact,Identifiable,breathing-stopped,Has breathing become irregular or stopped?,Body & health
S362,MAX30001 ECG + bioimpedance AFE,45.0,Biometric & Health,Contact,Identifiable,heart-rate,What is the heart rate?,Body & health
S362,MAX30001 ECG + bioimpedance AFE,45.0,Biometric & Health,Contact,Identifiable,heart-variability,How stressed or recovered is this body?,Body & health
S362,MAX30001 ECG + bioimpedance AFE,45.0,Biometric & Health,Contact,Identifiable,sleep-stage-proxy,"What sleep stage is this, roughly?",Body & health
S367,OpenBCI Cyton 8-channel biosensing board,499.0,Biometric & Health,Contact,Identifiable,blink-or-eye-move,Did they blink or move their eyes?,Body & health
S367,OpenBCI Cyton 8-channel biosensing board,499.0,Biometric & Health,Contact,Identifiable,heart-rate,What is the heart rate?,Body & health
S367,OpenBCI Cyton 8-channel biosensing board,499.0,Biometric & Health,Contact,Identifiable,muscle-effort,"Which muscle is working, and how hard?",Body & health
S367,OpenBCI Cyton 8-channel biosensing board,499.0,Biometric & Health,Contact,Identifiable,sleep-stage-proxy,"What sleep stage is this, roughly?",Body & health
S367,OpenBCI Cyton 8-channel biosensing board,499.0,Biometric & Health,Contact,Identifiable,stress-arousal,Is this person's arousal or stress rising?,Body & health
S373,Ferroelectret bed sensor (ballistocardiography),130.0,Biometric & Health,Through-barrier,Aggregate,breathing-rate,How fast are they breathing?,Body & health
S373,Ferroelectret bed sensor (ballistocardiography),130.0,Biometric & Health,Through-barrier,Aggregate,breathing-stopped,Has breathing become irregular or stopped?,Body & health
S373,Ferroelectret bed sensor (ballistocardiography),130.0,Biometric & Health,Through-barrier,Aggregate,heart-rate,What is the heart rate?,Body & health
S373,Ferroelectret bed sensor (ballistocardiography),130.0,Biometric & Health,Through-barrier,Aggregate,no-movement-alarm,Has nobody moved for worryingly long?,Human presence
S373,Ferroelectret bed sensor (ballistocardiography),130.0,Biometric & Health,Through-barrier,Aggregate,person-asleep,"Are they asleep, and how well?",Human presence
S395,Tactile pressure array,25.0,Force & Weight,Contact,Aggregate,gait-quality,How is this person walking?,Body & health
S395,Tactile pressure array,25.0,Force & Weight,Contact,Aggregate,object-identity,Which specific object is this?,Objects & assets
S395,Tactile pressure array,25.0,Force & Weight,Contact,Aggregate,object-present,Is the thing there?,Objects & assets
S395,Tactile pressure array,25.0,Force & Weight,Contact,Aggregate,posture,What posture is this body in?,Body & health
S395,Tactile pressure array,25.0,Force & Weight,Contact,Aggregate,someone-present,Is anyone here?,Human presence
S009,TMP36 analog temp,1.5,Temperature,Contact,None,drift-from-baseline,Has this drifted from how it behaved when new?,Machine health
S009,TMP36 analog temp,1.5,Temperature,Contact,None,frost-tonight,Will there be frost tonight?,Weather & outdoors
S009,TMP36 analog temp,1.5,Temperature,Contact,None,object-temperature,How hot is that surface?,Objects & assets
S009,TMP36 analog temp,1.5,Temperature,Contact,None,overheating,Is something running hotter than it should?,Machine health
S017,DPS310 barometer,7,Pressure & Altitude,Standoff,None,door-state,Is it open or closed?,Objects & assets
S017,DPS310 barometer,7,Pressure & Altitude,Standoff,None,how-high,What altitude or floor am I on?,Navigation & space
S017,DPS310 barometer,7,Pressure & Altitude,Standoff,None,storm-approaching,Is a storm coming?,Weather & outdoors
S017,DPS310 barometer,7,Pressure & Altitude,Standoff,None,ventilation-adequate,Is ventilation actually working?,Air & environment
S018,MS5611 high-res altimeter,6,Pressure & Altitude,Standoff,None,door-state,Is it open or closed?,Objects & assets
S018,MS5611 high-res altimeter,6,Pressure & Altitude,Standoff,None,how-fast-moving,How fast am I moving?,Navigation & space
S018,MS5611 high-res altimeter,6,Pressure & Altitude,Standoff,None,how-high,What altitude or floor am I on?,Navigation & space
S018,MS5611 high-res altimeter,6,Pressure & Altitude,Standoff,None,storm-approaching,Is a storm coming?,Weather & outdoors
S027,MQ-3 alcohol sensor,2.5,Gas & VOC,Standoff,None,cycle-complete,Has the cycle finished?,Machine health
S027,MQ-3 alcohol sensor,2.5,Gas & VOC,Standoff,None,food-fresh,Is this food still good?,Materials & chemistry
S027,MQ-3 alcohol sensor,2.5,Gas & VOC,Standoff,None,smell-signature,What does this smell like — which known smell is it?,Air & environment
S027,MQ-3 alcohol sensor,2.5,Gas & VOC,Standoff,None,voc-event,Did something start off-gassing or smelling?,Air & environment
S028,MQ-7 carbon monoxide,2.5,Gas & VOC,Standoff,None,co-present,Is there carbon monoxide?,Air & environment
S028,MQ-7 carbon monoxide,2.5,Gas & VOC,Standoff,None,gas-leak,Is there a flammable gas leak?,Air & environment
S028,MQ-7 carbon monoxide,2.5,Gas & VOC,Standoff,None,machine-running,Is it on?,Machine health
S028,MQ-7 carbon monoxide,2.5,Gas & VOC,Standoff,None,smoke-present,Is there smoke?,Air & environment
S055,OPT4048 tristimulus color,9,Colour & Spectral,Standoff,None,colour-match,Does this colour match the reference?,Materials & chemistry
S055,OPT4048 tristimulus color,9,Colour & Spectral,Standoff,None,drift-from-baseline,Has this drifted from how it behaved when new?,Machine health
S055,OPT4048 tristimulus color,9,Colour & Spectral,Standoff,None,light-dose-daily,Has this plant had enough light today?,Plants & soil
S055,OPT4048 tristimulus color,9,Colour & Spectral,Standoff,None,sky-clear,Is the sky clear or clouded?,Weather & outdoors
S105,TTP223 single touch,0.5,Touch & Capacitive,Through-barrier,None,door-state,Is it open or closed?,Objects & assets
S105,TTP223 single touch,0.5,Touch & Capacitive,Through-barrier,None,object-present,Is the thing there?,Objects & assets
S105,TTP223 single touch,0.5,Touch & Capacitive,Through-barrier,None,someone-present,Is anyone here?,Human presence
S105,TTP223 single touch,0.5,Touch & Capacitive,Through-barrier,None,tamper-detected,Has someone interfered with it?,Objects & assets
S107,Trill flexible touch sliders,20,Touch & Capacitive,Contact,None,object-moved,Has it been moved or disturbed?,Objects & assets
S107,Trill flexible touch sliders,20,Touch & Capacitive,Contact,None,object-present,Is the thing there?,Objects & assets
S107,Trill flexible touch sliders,20,Touch & Capacitive,Contact,None,someone-present,Is anyone here?,Human presence
S107,Trill flexible touch sliders,20,Touch & Capacitive,Contact,None,tank-level,How much is in the tank?,Water
S116,GSR / EDA sensor,10,Biometric & Health,Contact,Identifiable,hydration-proxy,Are they likely dehydrated?,Body & health
S116,GSR / EDA sensor,10,Biometric & Health,Contact,Identifiable,sleep-stage-proxy,"What sleep stage is this, roughly?",Body & health
S116,GSR / EDA sensor,10,Biometric & Health,Contact,Identifiable,someone-present,Is anyone here?,Human presence
S116,GSR / EDA sensor,10,Biometric & Health,Contact,Identifiable,stress-arousal,Is this person's arousal or stress rising?,Body & health
S123,Tipping bucket rain gauge,12,Weather & Outdoor,Contact,None,disease-pressure,Are conditions right for fungal disease?,Plants & soil
S123,Tipping bucket rain gauge,12,Weather & Outdoor,Contact,None,flood-rising,"Is water rising, and how fast?",Weather & outdoors
S123,Tipping bucket rain gauge,12,Weather & Outdoor,Contact,None,is-raining,"Is it raining, and how hard?",Weather & outdoors
S123,Tipping bucket rain gauge,12,Weather & Outdoor,Contact,None,plant-thirsty,Does this plant need water?,Plants & soil
S125,ML8511 / VEML6075 UV outdoor,6,Weather & Outdoor,Remote,None,coating-cured,"Has the paint, resin or glue finished curing?",Materials & chemistry
S125,ML8511 / VEML6075 UV outdoor,6,Weather & Outdoor,Remote,None,sky-clear,Is the sky clear or clouded?,Weather & outdoors
S125,ML8511 / VEML6075 UV outdoor,6,Weather & Outdoor,Remote,None,solar-resource,How much solar energy is available?,Weather & outdoors
S125,ML8511 / VEML6075 UV outdoor,6,Weather & Outdoor,Remote,None,uv-exposure,How much UV have I accumulated today?,Weather & outdoors
S127,Leaf wetness sensor,15,Weather & Outdoor,Contact,None,disease-pressure,Are conditions right for fungal disease?,Plants & soil
S127,Leaf wetness sensor,15,Weather & Outdoor,Contact,None,frost-tonight,Will there be frost tonight?,Weather & outdoors
S127,Leaf wetness sensor,15,Weather & Outdoor,Contact,None,is-raining,"Is it raining, and how hard?",Weather & outdoors
S127,Leaf wetness sensor,15,Weather & Outdoor,Contact,None,mould-risk,Is this surface going to grow mould?,Air & environment
S132,DS18B20 soil temp spear,5,Soil & Agriculture,Immersed,None,compost-active,Is the compost heating properly — or dangerously?,Plants & soil
S132,DS18B20 soil temp spear,5,Soil & Agriculture,Immersed,None,frost-tonight,Will there be frost tonight?,Weather & outdoors
S132,DS18B20 soil temp spear,5,Soil & Agriculture,Immersed,None,growth-rate,How fast is it growing?,Plants & soil
S132,DS18B20 soil temp spear,5,Soil & Agriculture,Immersed,None,soil-ready-to-plant,Is the soil warm enough to sow?,Plants & soil
S239,Dissolved oxygen kit (Atlas EZO-DO),170,Water & Liquid,Immersed,None,compost-active,Is the compost heating properly — or dangerously?,Plants & soil
S239,Dissolved oxygen kit (Atlas EZO-DO),170,Water & Liquid,Immersed,None,contamination,Has this been contaminated?,Materials & chemistry
S239,Dissolved oxygen kit (Atlas EZO-DO),170,Water & Liquid,Immersed,None,livestock-wellbeing,Are the animals comfortable and behaving normally?,Plants & soil
S239,Dissolved oxygen kit (Atlas EZO-DO),170,Water & Liquid,Immersed,None,water-oxygen,Is there enough oxygen for fish or microbes?,Water
S137,Turbidity sensor,12,Water & Liquid,Immersed,None,contamination,Has this been contaminated?,Materials & chemistry
S137,Turbidity sensor,12,Water & Liquid,Immersed,None,cycle-complete,Has the cycle finished?,Machine health
S137,Turbidity sensor,12,Water & Liquid,Immersed,None,filter-clogged,Is the filter blocked?,Machine health
S137,Turbidity sensor,12,Water & Liquid,Immersed,None,water-clarity,"Is the water cloudy — sediment, algae, runoff?",Water
S141,Water leak rope sensor,10,Water & Liquid,Contact,None,flood-rising,"Is water rising, and how fast?",Weather & outdoors
S141,Water leak rope sensor,10,Water & Liquid,Contact,None,mould-risk,Is this surface going to grow mould?,Air & environment
S141,Water leak rope sensor,10,Water & Liquid,Contact,None,perimeter-crossed,"Was the boundary crossed, and where along it?",Security & safety
S141,Water leak rope sensor,10,Water & Liquid,Contact,None,water-leak,Is water escaping where it shouldn't?,Water
S142,Ultrasonic liquid (through-wall),25,Water & Liquid,Through-barrier,None,consumable-remaining,"How much is left, and how long until it runs out?",Objects & assets
S142,Ultrasonic liquid (through-wall),25,Water & Liquid,Through-barrier,None,container-fullness,How full is it?,Objects & assets
S142,Ultrasonic liquid (through-wall),25,Water & Liquid,Through-barrier,None,pump-dry,Is the pump about to run dry?,Water
S142,Ultrasonic liquid (through-wall),25,Water & Liquid,Through-barrier,None,tank-level,How much is in the tank?,Water
S150,MAX471 / shunt + ADS1115,3,Power & Electrical,Contact,None,abnormal-current,Is it drawing an abnormal amount of power?,Machine health
S150,MAX471 / shunt + ADS1115,3,Power & Electrical,Contact,None,battery-charge,How much charge is left?,Energy
S150,MAX471 / shunt + ADS1115,3,Power & Electrical,Contact,None,machine-running,Is it on?,Machine health
S150,MAX471 / shunt + ADS1115,3,Power & Electrical,Contact,None,power-now,How much power is being used right now?,Energy
S152,AS5600 magnetic angle,3,Position & Rotation,Standoff,None,am-i-level,"Is this level, and by how much is it off?",Navigation & space
S152,AS5600 magnetic angle,3,Position & Rotation,Standoff,None,object-moved,Has it been moved or disturbed?,Objects & assets
S152,AS5600 magnetic angle,3,Position & Rotation,Standoff,None,rotation-speed,How fast is it turning?,Machine health
S152,AS5600 magnetic angle,3,Position & Rotation,Standoff,None,which-way-facing,Which way am I pointing?,Navigation & space
S153,600/1024PPR optical encoder,12,Position & Rotation,Contact,None,how-far-travelled,How far have I gone?,Navigation & space
S153,600/1024PPR optical encoder,12,Position & Rotation,Contact,None,machine-duty-cycle,How much is this machine actually used?,Machine health
S153,600/1024PPR optical encoder,12,Position & Rotation,Contact,None,machine-running,Is it on?,Machine health
S153,600/1024PPR optical encoder,12,Position & Rotation,Contact,None,rotation-speed,How fast is it turning?,Machine health
S164,D6T thermal presence,55,Thermal Imaging,Standoff,Aggregate,how-many-people,How many people are in this space?,Human presence
S164,D6T thermal presence,55,Thermal Imaging,Standoff,Aggregate,no-movement-alarm,Has nobody moved for worryingly long?,Human presence
S164,D6T thermal presence,55,Thermal Imaging,Standoff,Aggregate,occupancy-duration,How long has this desk/room/seat been in use?,Human presence
S164,D6T thermal presence,55,Thermal Imaging,Standoff,Aggregate,someone-present,Is anyone here?,Human presence
S171,RD200 radon sensor,180,Radiation & Nuclear,Standoff,None,drift-from-baseline,Has this drifted from how it behaved when new?,Machine health
S171,RD200 radon sensor,180,Radiation & Nuclear,Standoff,None,radon-level,Is radon accumulating?,Air & environment
S171,RD200 radon sensor,180,Radiation & Nuclear,Standoff,None,routine-broken,Has this person's daily routine changed?,Human presence
S171,RD200 radon sensor,180,Radiation & Nuclear,Standoff,None,ventilation-adequate,Is ventilation actually working?,Air & environment
S184,MQ-8 hydrogen sensor,4,Gas & VOC,Standoff,None,battery-health,Is this battery degrading?,Energy
S184,MQ-8 hydrogen sensor,4,Gas & VOC,Standoff,None,drift-from-baseline,Has this drifted from how it behaved when new?,Machine health
S184,MQ-8 hydrogen sensor,4,Gas & VOC,Standoff,None,gas-leak,Is there a flammable gas leak?,Air & environment
S184,MQ-8 hydrogen sensor,4,Gas & VOC,Standoff,None,voc-event,Did something start off-gassing or smelling?,Air & environment
S187,Muon detector (CosmicWatch),100,Radiation & Nuclear,Standoff,None,cosmic-flux,How many cosmic rays are passing through?,Invisible worlds
S187,Muon detector (CosmicWatch),100,Radiation & Nuclear,Standoff,None,drift-from-baseline,Has this drifted from how it behaved when new?,Machine health
S187,Muon detector (CosmicWatch),100,Radiation & Nuclear,Standoff,None,how-high,What altitude or floor am I on?,Navigation & space
S187,Muon detector (CosmicWatch),100,Radiation & Nuclear,Standoff,None,radiation-dose,How much radiation is here?,Invisible worlds
S199,MQ-4 methane / natural gas,2.5,Gas & VOC,Standoff,None,cooking-detected,Is someone cooking?,Air & environment
S199,MQ-4 methane / natural gas,2.5,Gas & VOC,Standoff,None,gas-leak,Is there a flammable gas leak?,Air & environment
S199,MQ-4 methane / natural gas,2.5,Gas & VOC,Standoff,None,stove-left-on,Was the hob left on with nobody there?,Security & safety
S199,MQ-4 methane / natural gas,2.5,Gas & VOC,Standoff,None,voc-event,Did something start off-gassing or smelling?,Air & environment
S201,MQ-131 ozone,30,Gas & VOC,Standoff,None,air-stuffy,Is this room stuffy — does it need fresh air?,Air & environment
S201,MQ-131 ozone,30,Gas & VOC,Standoff,None,ozone-present,Is something emitting ozone?,Air & environment
S201,MQ-131 ozone,30,Gas & VOC,Standoff,None,particulate-level,How polluted is the air right now?,Air & environment
S201,MQ-131 ozone,30,Gas & VOC,Standoff,None,voc-event,Did something start off-gassing or smelling?,Air & environment
S223,Tire pressure TPMS receivers,10,Industrial & Automotive,Remote,Identifiable,drift-from-baseline,Has this drifted from how it behaved when new?,Machine health
S223,Tire pressure TPMS receivers,10,Industrial & Automotive,Remote,Identifiable,machine-state,"Is it idle, loaded, or jammed?",Machine health
S223,Tire pressure TPMS receivers,10,Industrial & Automotive,Remote,Identifiable,object-identity,Which specific object is this?,Objects & assets
S223,Tire pressure TPMS receivers,10,Industrial & Automotive,Remote,Identifiable,overheating,Is something running hotter than it should?,Machine health
S224,Oil/quality dielectric probe,12,Industrial & Automotive,Immersed,None,contamination,Has this been contaminated?,Materials & chemistry
S224,Oil/quality dielectric probe,12,Industrial & Automotive,Immersed,None,drift-from-baseline,Has this drifted from how it behaved when new?,Machine health
S224,Oil/quality dielectric probe,12,Industrial & Automotive,Immersed,None,lubrication-failing,Is lubrication breaking down?,Machine health
S224,Oil/quality dielectric probe,12,Industrial & Automotive,Immersed,None,moisture-content,How wet is this material?,Materials & chemistry
S225,Conductive thread + fabric pads,8,Materials & Textiles,Contact,None,object-moved,Has it been moved or disturbed?,Objects & assets
S225,Conductive thread + fabric pads,8,Materials & Textiles,Contact,None,object-present,Is the thing there?,Objects & assets
S225,Conductive thread + fabric pads,8,Materials & Textiles,Contact,None,posture,What posture is this body in?,Body & health
S225,Conductive thread + fabric pads,8,Materials & Textiles,Contact,None,someone-present,Is anyone here?,Human presence
S229,ESP32 internal sensors (free!),0,Frontier Sensing,Contact,Aggregate,object-present,Is the thing there?,Objects & assets
S229,ESP32 internal sensors (free!),0,Frontier Sensing,Contact,Aggregate,overheating,Is something running hotter than it should?,Machine health
S229,ESP32 internal sensors (free!),0,Frontier Sensing,Contact,Aggregate,someone-present,Is anyone here?,Human presence
S229,ESP32 internal sensors (free!),0,Frontier Sensing,Contact,Aggregate,who-is-it,Which specific person is this?,Human presence
S233,Soil/water nitrate ion-selective,90,Water & Liquid,Immersed,None,concentration-liquid,How concentrated is this solution?,Materials & chemistry
S233,Soil/water nitrate ion-selective,90,Water & Liquid,Immersed,None,contamination,Has this been contaminated?,Materials & chemistry
S233,Soil/water nitrate ion-selective,90,Water & Liquid,Immersed,None,soil-fertility,What is the nutrient status of this soil?,Plants & soil
S233,Soil/water nitrate ion-selective,90,Water & Liquid,Immersed,None,water-nutrients,How concentrated is the nutrient solution?,Water
S237,Atmospheric electricity (field mill lite),15,Frontier Sensing,Remote,None,atmospheric-charge,Is the atmosphere electrically charged?,Invisible worlds
S237,Atmospheric electricity (field mill lite),15,Frontier Sensing,Remote,None,drift-from-baseline,Has this drifted from how it behaved when new?,Machine health
S237,Atmospheric electricity (field mill lite),15,Frontier Sensing,Remote,None,someone-present,Is anyone here?,Human presence
S237,Atmospheric electricity (field mill lite),15,Frontier Sensing,Remote,None,storm-approaching,Is a storm coming?,Weather & outdoors
S256,XY-MD02 Modbus RTU temperature & humidity transmitter,11.0,Industrial & Automotive,Standoff,None,drift-from-baseline,Has this drifted from how it behaved when new?,Machine health
S256,XY-MD02 Modbus RTU temperature & humidity transmitter,11.0,Industrial & Automotive,Standoff,None,mould-risk,Is this surface going to grow mould?,Air & environment
S256,XY-MD02 Modbus RTU temperature & humidity transmitter,11.0,Industrial & Automotive,Standoff,None,too-dry,"Is the air dry enough to damage wood, skin or instruments?",Air & environment
S256,XY-MD02 Modbus RTU temperature & humidity transmitter,11.0,Industrial & Automotive,Standoff,None,ventilation-adequate,Is ventilation actually working?,Air & environment
S268,YRM100 low-cost UHF reader module,32.0,Identity & Tags,Standoff,Identifiable,asset-location,Where is this thing right now?,Objects & assets
S268,YRM100 low-cost UHF reader module,32.0,Identity & Tags,Standoff,Identifiable,object-count,How many went past?,Objects & assets
S268,YRM100 low-cost UHF reader module,32.0,Identity & Tags,Standoff,Identifiable,object-identity,Which specific object is this?,Objects & assets
S268,YRM100 low-cost UHF reader module,32.0,Identity & Tags,Standoff,Identifiable,object-present,Is the thing there?,Objects & assets
S270,ST25DV64K dual-interface NFC tag,8.0,Identity & Tags,Through-barrier,Identifiable,authorised-to-use,Is this person allowed to operate this?,Security & safety
S270,ST25DV64K dual-interface NFC tag,8.0,Identity & Tags,Through-barrier,Identifiable,object-genuine,Is this authentic or counterfeit?,Objects & assets
S270,ST25DV64K dual-interface NFC tag,8.0,Identity & Tags,Through-barrier,Identifiable,object-identity,Which specific object is this?,Objects & assets
S270,ST25DV64K dual-interface NFC tag,8.0,Identity & Tags,Through-barrier,Identifiable,tamper-detected,Has someone interfered with it?,Objects & assets
S272,134.2kHz FDX-B animal microchip reader,35.0,Identity & Tags,Standoff,Identifiable,entered-or-left,"Did they come in, or go out?",Human presence
S272,134.2kHz FDX-B animal microchip reader,35.0,Identity & Tags,Standoff,Identifiable,livestock-wellbeing,Are the animals comfortable and behaving normally?,Plants & soil
S272,134.2kHz FDX-B animal microchip reader,35.0,Identity & Tags,Standoff,Identifiable,object-identity,Which specific object is this?,Objects & assets
S272,134.2kHz FDX-B animal microchip reader,35.0,Identity & Tags,Standoff,Identifiable,who-is-it,Which specific person is this?,Human presence
S273,Wiegand-26 access control reader,20.0,Identity & Tags,Standoff,Identifiable,authorised-to-use,Is this person allowed to operate this?,Security & safety
S273,Wiegand-26 access control reader,20.0,Identity & Tags,Standoff,Identifiable,entered-or-left,"Did they come in, or go out?",Human presence
S273,Wiegand-26 access control reader,20.0,Identity & Tags,Standoff,Identifiable,intrusion,Has someone entered who shouldn't have?,Security & safety
S273,Wiegand-26 access control reader,20.0,Identity & Tags,Standoff,Identifiable,who-is-it,Which specific person is this?,Human presence
S279,STC31 percent-level CO2,28.0,CO2,Standoff,None,compost-active,Is the compost heating properly — or dangerously?,Plants & soil
S279,STC31 percent-level CO2,28.0,CO2,Standoff,None,drift-from-baseline,Has this drifted from how it behaved when new?,Machine health
S279,STC31 percent-level CO2,28.0,CO2,Standoff,None,gas-leak,Is there a flammable gas leak?,Air & environment
S279,STC31 percent-level CO2,28.0,CO2,Standoff,None,ventilation-adequate,Is ventilation actually working?,Air & environment
S280,STCC4 low-cost percent CO2,18.0,CO2,Standoff,None,compost-active,Is the compost heating properly — or dangerously?,Plants & soil
S280,STCC4 low-cost percent CO2,18.0,CO2,Standoff,None,container-fullness,How full is it?,Objects & assets
S280,STCC4 low-cost percent CO2,18.0,CO2,Standoff,None,gas-leak,Is there a flammable gas leak?,Air & environment
S280,STCC4 low-cost percent CO2,18.0,CO2,Standoff,None,ventilation-adequate,Is ventilation actually working?,Air & environment
S281,SprintIR-W fast wide-range NDIR CO2,190.0,CO2,Standoff,None,breathing-rate,How fast are they breathing?,Body & health
S281,SprintIR-W fast wide-range NDIR CO2,190.0,CO2,Standoff,None,compost-active,Is the compost heating properly — or dangerously?,Plants & soil
S281,SprintIR-W fast wide-range NDIR CO2,190.0,CO2,Standoff,None,gas-leak,Is there a flammable gas leak?,Air & environment
S281,SprintIR-W fast wide-range NDIR CO2,190.0,CO2,Standoff,None,ventilation-adequate,Is ventilation actually working?,Air & environment
S282,SenseAir K30 NDIR CO2,95.0,CO2,Standoff,Aggregate,air-stuffy,Is this room stuffy — does it need fresh air?,Air & environment
S282,SenseAir K30 NDIR CO2,95.0,CO2,Standoff,Aggregate,how-many-people,How many people are in this space?,Human presence
S282,SenseAir K30 NDIR CO2,95.0,CO2,Standoff,Aggregate,someone-present,Is anyone here?,Human presence
S282,SenseAir K30 NDIR CO2,95.0,CO2,Standoff,Aggregate,ventilation-adequate,Is ventilation actually working?,Air & environment
S283,Telaire T6713 I2C CO2,80.0,CO2,Standoff,Aggregate,air-stuffy,Is this room stuffy — does it need fresh air?,Air & environment
S283,Telaire T6713 I2C CO2,80.0,CO2,Standoff,Aggregate,how-many-people,How many people are in this space?,Human presence
S283,Telaire T6713 I2C CO2,80.0,CO2,Standoff,Aggregate,occupancy-duration,How long has this desk/room/seat been in use?,Human presence
S283,Telaire T6713 I2C CO2,80.0,CO2,Standoff,Aggregate,ventilation-adequate,Is ventilation actually working?,Air & environment
S284,Cubic CM1107N dual-beam CO2,30.0,CO2,Standoff,Aggregate,air-stuffy,Is this room stuffy — does it need fresh air?,Air & environment
S284,Cubic CM1107N dual-beam CO2,30.0,CO2,Standoff,Aggregate,how-many-people,How many people are in this space?,Human presence
S284,Cubic CM1107N dual-beam CO2,30.0,CO2,Standoff,Aggregate,someone-present,Is anyone here?,Human presence
S284,Cubic CM1107N dual-beam CO2,30.0,CO2,Standoff,Aggregate,ventilation-adequate,Is ventilation actually working?,Air & environment
S287,MPS flammable gas and refrigerant sensor,85.0,Gas & VOC,Standoff,None,air-leak,"Is compressed air leaking, and where?",Machine health
S287,MPS flammable gas and refrigerant sensor,85.0,Gas & VOC,Standoff,None,contamination,Has this been contaminated?,Materials & chemistry
S287,MPS flammable gas and refrigerant sensor,85.0,Gas & VOC,Standoff,None,drift-from-baseline,Has this drifted from how it behaved when new?,Machine health
S287,MPS flammable gas and refrigerant sensor,85.0,Gas & VOC,Standoff,None,gas-leak,Is there a flammable gas leak?,Air & environment
S290,Alphasense NO2-B43F electrochemical cell,120.0,Gas & VOC,Standoff,None,contamination,Has this been contaminated?,Materials & chemistry
S290,Alphasense NO2-B43F electrochemical cell,120.0,Gas & VOC,Standoff,None,heat-island,How much hotter is this spot than the next street?,Weather & outdoors
S290,Alphasense NO2-B43F electrochemical cell,120.0,Gas & VOC,Standoff,None,particulate-level,How polluted is the air right now?,Air & environment
S290,Alphasense NO2-B43F electrochemical cell,120.0,Gas & VOC,Standoff,None,vehicle-approaching,Is a vehicle arriving?,Security & safety
S292,Winsen ZE03-NH3 ammonia module,40.0,Gas & VOC,Standoff,None,compost-active,Is the compost heating properly — or dangerously?,Plants & soil
S292,Winsen ZE03-NH3 ammonia module,40.0,Gas & VOC,Standoff,None,contamination,Has this been contaminated?,Materials & chemistry
S292,Winsen ZE03-NH3 ammonia module,40.0,Gas & VOC,Standoff,None,livestock-wellbeing,Are the animals comfortable and behaving normally?,Plants & soil
S292,Winsen ZE03-NH3 ammonia module,40.0,Gas & VOC,Standoff,None,smell-signature,What does this smell like — which known smell is it?,Air & environment
S295,Honeywell HPM particulate sensor,40.0,Particulate,Standoff,None,cooking-detected,Is someone cooking?,Air & environment
S295,Honeywell HPM particulate sensor,40.0,Particulate,Standoff,None,filter-clogged,Is the filter blocked?,Machine health
S295,Honeywell HPM particulate sensor,40.0,Particulate,Standoff,None,particulate-level,How polluted is the air right now?,Air & environment
S295,Honeywell HPM particulate sensor,40.0,Particulate,Standoff,None,smoke-present,Is there smoke?,Air & environment
S297,Piera IPS-7100 ultrafine particle sensor,70.0,Particulate,Standoff,Aggregate,cooking-detected,Is someone cooking?,Air & environment
S297,Piera IPS-7100 ultrafine particle sensor,70.0,Particulate,Standoff,Aggregate,particulate-level,How polluted is the air right now?,Air & environment
S297,Piera IPS-7100 ultrafine particle sensor,70.0,Particulate,Standoff,Aggregate,smoke-present,Is there smoke?,Air & environment
S297,Piera IPS-7100 ultrafine particle sensor,70.0,Particulate,Standoff,Aggregate,voc-event,Did something start off-gassing or smelling?,Air & environment
S313,SW-520D ball tilt switch,0.5,Motion & Vibration,Contact,None,am-i-level,"Is this level, and by how much is it off?",Navigation & space
S313,SW-520D ball tilt switch,0.5,Motion & Vibration,Contact,None,door-state,Is it open or closed?,Objects & assets
S313,SW-520D ball tilt switch,0.5,Motion & Vibration,Contact,None,object-moved,Has it been moved or disturbed?,Objects & assets
S313,SW-520D ball tilt switch,0.5,Motion & Vibration,Contact,None,tamper-detected,Has someone interfered with it?,Objects & assets
S316,AS7343 14-channel spectral sensor,19.95,Colour & Spectral,Standoff,None,colour-match,Does this colour match the reference?,Materials & chemistry
S316,AS7343 14-channel spectral sensor,19.95,Colour & Spectral,Standoff,None,light-dose-daily,Has this plant had enough light today?,Plants & soil
S316,AS7343 14-channel spectral sensor,19.95,Colour & Spectral,Standoff,None,material-type,What material is this?,Materials & chemistry
S316,AS7343 14-channel spectral sensor,19.95,Colour & Spectral,Standoff,None,which-appliance,Which appliance just turned on?,Energy
S318,TCS3200 frequency-output colour sensor,4.0,Colour & Spectral,Standoff,None,colour-match,Does this colour match the reference?,Materials & chemistry
S318,TCS3200 frequency-output colour sensor,4.0,Colour & Spectral,Standoff,None,fruit-ripe,Is it ripe?,Plants & soil
S318,TCS3200 frequency-output colour sensor,4.0,Colour & Spectral,Standoff,None,object-material,What is this made of?,Objects & assets
S318,TCS3200 frequency-output colour sensor,4.0,Colour & Spectral,Standoff,None,water-clarity,"Is the water cloudy — sediment, algae, runoff?",Water
S319,OPT3001 photometric lux sensor,8.0,Light & UV,Standoff,None,device-left-on,Did someone leave it switched on?,Energy
S319,OPT3001 photometric lux sensor,8.0,Light & UV,Standoff,None,light-dose-daily,Has this plant had enough light today?,Plants & soil
S319,OPT3001 photometric lux sensor,8.0,Light & UV,Standoff,None,occupancy-duration,How long has this desk/room/seat been in use?,Human presence
S319,OPT3001 photometric lux sensor,8.0,Light & UV,Standoff,None,sky-clear,Is the sky clear or clouded?,Weather & outdoors
S320,VEML6030 ambient light sensor,6.0,Light & UV,Standoff,None,device-left-on,Did someone leave it switched on?,Energy
S320,VEML6030 ambient light sensor,6.0,Light & UV,Standoff,None,light-dose-daily,Has this plant had enough light today?,Plants & soil
S320,VEML6030 ambient light sensor,6.0,Light & UV,Standoff,None,sky-clear,Is the sky clear or clouded?,Weather & outdoors
S320,VEML6030 ambient light sensor,6.0,Light & UV,Standoff,None,someone-present,Is anyone here?,Human presence
S321,TSOP38238 38kHz IR receiver,1.0,Light & UV,Standoff,None,crossed-boundary,Did something cross this line?,Human presence
S321,TSOP38238 38kHz IR receiver,1.0,Light & UV,Standoff,None,entered-or-left,"Did they come in, or go out?",Human presence
S321,TSOP38238 38kHz IR receiver,1.0,Light & UV,Standoff,None,object-count,How many went past?,Objects & assets
S321,TSOP38238 38kHz IR receiver,1.0,Light & UV,Standoff,None,object-present,Is the thing there?,Objects & assets
S324,Apogee SQ-500 full-spectrum quantum (PAR) sensor,400.0,Light & UV,Standoff,None,growth-rate,How fast is it growing?,Plants & soil
S324,Apogee SQ-500 full-spectrum quantum (PAR) sensor,400.0,Light & UV,Standoff,None,light-dose-daily,Has this plant had enough light today?,Plants & soil
S324,Apogee SQ-500 full-spectrum quantum (PAR) sensor,400.0,Light & UV,Standoff,None,solar-performance,Is the solar array performing as it should?,Energy
S324,Apogee SQ-500 full-spectrum quantum (PAR) sensor,400.0,Light & UV,Standoff,None,solar-resource,How much solar energy is available?,Weather & outdoors
S346,Ammonium ion-selective electrode,189.0,Water & Liquid,Immersed,None,concentration-liquid,How concentrated is this solution?,Materials & chemistry
S346,Ammonium ion-selective electrode,189.0,Water & Liquid,Immersed,None,contamination,Has this been contaminated?,Materials & chemistry
S346,Ammonium ion-selective electrode,189.0,Water & Liquid,Immersed,None,soil-fertility,What is the nutrient status of this soil?,Plants & soil
S346,Ammonium ion-selective electrode,189.0,Water & Liquid,Immersed,None,water-nutrients,How concentrated is the nutrient solution?,Water
S349,High-range EC probe for salinity (K=10),70.0,Water & Liquid,Immersed,None,concentration-liquid,How concentrated is this solution?,Materials & chemistry
S349,High-range EC probe for salinity (K=10),70.0,Water & Liquid,Immersed,None,contamination,Has this been contaminated?,Materials & chemistry
S349,High-range EC probe for salinity (K=10),70.0,Water & Liquid,Immersed,None,drift-from-baseline,Has this drifted from how it behaved when new?,Machine health
S349,High-range EC probe for salinity (K=10),70.0,Water & Liquid,Immersed,None,water-nutrients,How concentrated is the nutrient solution?,Water
S350,Paddlewheel insertion flow sensor,320.0,Water & Liquid,Immersed,None,flow-rate,How fast is water flowing?,Water
S350,Paddlewheel insertion flow sensor,320.0,Water & Liquid,Immersed,None,machine-running,Is it on?,Machine health
S350,Paddlewheel insertion flow sensor,320.0,Water & Liquid,Immersed,None,pump-dry,Is the pump about to run dry?,Water
S350,Paddlewheel insertion flow sensor,320.0,Water & Liquid,Immersed,None,water-used-total,"How much water was used, by whom, and when?",Water
S353,Vertical float level switch (reed),4.0,Water & Liquid,Immersed,None,container-fullness,How full is it?,Objects & assets
S353,Vertical float level switch (reed),4.0,Water & Liquid,Immersed,None,pump-dry,Is the pump about to run dry?,Water
S353,Vertical float level switch (reed),4.0,Water & Liquid,Immersed,None,tank-level,How much is in the tank?,Water
S353,Vertical float level switch (reed),4.0,Water & Liquid,Immersed,None,water-leak,Is water escaping where it shouldn't?,Water
S355,"METER TEROS 12 soil moisture, EC and temperature",220.0,Soil & Agriculture,Immersed,None,moisture-content,How wet is this material?,Materials & chemistry
S355,"METER TEROS 12 soil moisture, EC and temperature",220.0,Soil & Agriculture,Immersed,None,plant-thirsty,Does this plant need water?,Plants & soil
S355,"METER TEROS 12 soil moisture, EC and temperature",220.0,Soil & Agriculture,Immersed,None,soil-fertility,What is the nutrient status of this soil?,Plants & soil
S355,"METER TEROS 12 soil moisture, EC and temperature",220.0,Soil & Agriculture,Immersed,None,soil-ready-to-plant,Is the soil warm enough to sow?,Plants & soil
S358,True TDR soil water content probe,395.0,Soil & Agriculture,Immersed,None,moisture-content,How wet is this material?,Materials & chemistry
S358,True TDR soil water content probe,395.0,Soil & Agriculture,Immersed,None,plant-thirsty,Does this plant need water?,Plants & soil
S358,True TDR soil water content probe,395.0,Soil & Agriculture,Immersed,None,soil-fertility,What is the nutrient status of this soil?,Plants & soil
S358,True TDR soil water content probe,395.0,Soil & Agriculture,Immersed,None,soil-ready-to-plant,Is the soil warm enough to sow?,Plants & soil
S363,AD5941 bioimpedance / EIS analyser,95.0,Biometric & Health,Contact,Aggregate,breathing-rate,How fast are they breathing?,Body & health
S363,AD5941 bioimpedance / EIS analyser,95.0,Biometric & Health,Contact,Aggregate,drift-from-baseline,Has this drifted from how it behaved when new?,Machine health
S363,AD5941 bioimpedance / EIS analyser,95.0,Biometric & Health,Contact,Aggregate,hydration-proxy,Are they likely dehydrated?,Body & health
S363,AD5941 bioimpedance / EIS analyser,95.0,Biometric & Health,Contact,Aggregate,stress-arousal,Is this person's arousal or stress rising?,Body & health
S364,ADS1292R 2-channel ECG + respiration front end,70.0,Biometric & Health,Contact,Identifiable,breathing-rate,How fast are they breathing?,Body & health
S364,ADS1292R 2-channel ECG + respiration front end,70.0,Biometric & Health,Contact,Identifiable,breathing-stopped,Has breathing become irregular or stopped?,Body & health
S364,ADS1292R 2-channel ECG + respiration front end,70.0,Biometric & Health,Contact,Identifiable,heart-rate,What is the heart rate?,Body & health
S364,ADS1292R 2-channel ECG + respiration front end,70.0,Biometric & Health,Contact,Identifiable,heart-variability,How stressed or recovered is this body?,Body & health
S366,ADS1299 8-channel EEG front end,45.0,Biometric & Health,Contact,Identifiable,blink-or-eye-move,Did they blink or move their eyes?,Body & health
S366,ADS1299 8-channel EEG front end,45.0,Biometric & Health,Contact,Identifiable,muscle-effort,"Which muscle is working, and how hard?",Body & health
S366,ADS1299 8-channel EEG front end,45.0,Biometric & Health,Contact,Identifiable,sleep-stage-proxy,"What sleep stage is this, roughly?",Body & health
S366,ADS1299 8-channel EEG front end,45.0,Biometric & Health,Contact,Identifiable,stress-arousal,Is this person's arousal or stress rising?,Body & health
S368,AFE4490 transmissive pulse-oximetry front end,55.0,Biometric & Health,Contact,Aggregate,blood-oxygen,What is the blood oxygen saturation?,Body & health
S368,AFE4490 transmissive pulse-oximetry front end,55.0,Biometric & Health,Contact,Aggregate,breathing-rate,How fast are they breathing?,Body & health
S368,AFE4490 transmissive pulse-oximetry front end,55.0,Biometric & Health,Contact,Aggregate,heart-rate,What is the heart rate?,Body & health
S368,AFE4490 transmissive pulse-oximetry front end,55.0,Biometric & Health,Contact,Aggregate,heart-variability,How stressed or recovered is this body?,Body & health
S369,MAXM86161 reflective PPG module,120.0,Biometric & Health,Contact,Aggregate,blood-oxygen,What is the blood oxygen saturation?,Body & health
S369,MAXM86161 reflective PPG module,120.0,Biometric & Health,Contact,Aggregate,heart-rate,What is the heart rate?,Body & health
S369,MAXM86161 reflective PPG module,120.0,Biometric & Health,Contact,Aggregate,heart-variability,How stressed or recovered is this body?,Body & health
S369,MAXM86161 reflective PPG module,120.0,Biometric & Health,Contact,Aggregate,stress-arousal,Is this person's arousal or stress rising?,Body & health
S377,BQ27441-G1 Impedance Track fuel gauge,18.0,Power & Electrical,Contact,None,battery-charge,How much charge is left?,Energy
S377,BQ27441-G1 Impedance Track fuel gauge,18.0,Power & Electrical,Contact,None,battery-health,Is this battery degrading?,Energy
S377,BQ27441-G1 Impedance Track fuel gauge,18.0,Power & Electrical,Contact,None,drift-from-baseline,Has this drifted from how it behaved when new?,Machine health
S377,BQ27441-G1 Impedance Track fuel gauge,18.0,Power & Electrical,Contact,None,energy-budget-node,Will this node survive on its battery until spring?,Energy
S382,LEM LA 55-P closed-loop Hall current transducer,35.0,Power & Electrical,Through-barrier,None,abnormal-current,Is it drawing an abnormal amount of power?,Machine health
S382,LEM LA 55-P closed-loop Hall current transducer,35.0,Power & Electrical,Through-barrier,None,machine-running,Is it on?,Machine health
S382,LEM LA 55-P closed-loop Hall current transducer,35.0,Power & Electrical,Through-barrier,None,machine-state,"Is it idle, loaded, or jammed?",Machine health
S382,LEM LA 55-P closed-loop Hall current transducer,35.0,Power & Electrical,Through-barrier,None,power-now,How much power is being used right now?,Energy
S384,Flexible Rogowski coil with integrator,150.0,Power & Electrical,Through-barrier,None,abnormal-current,Is it drawing an abnormal amount of power?,Machine health
S384,Flexible Rogowski coil with integrator,150.0,Power & Electrical,Through-barrier,None,arc-or-discharge,Is there electrical arcing or partial discharge?,Machine health
S384,Flexible Rogowski coil with integrator,150.0,Power & Electrical,Through-barrier,None,machine-state,"Is it idle, loaded, or jammed?",Machine health
S384,Flexible Rogowski coil with integrator,150.0,Power & Electrical,Through-barrier,None,power-now,How much power is being used right now?,Energy
S386,AMC1311 reinforced isolated voltage-sense amplifier,5.0,Power & Electrical,Contact,None,drift-from-baseline,Has this drifted from how it behaved when new?,Machine health
S386,AMC1311 reinforced isolated voltage-sense amplifier,5.0,Power & Electrical,Contact,None,overheating,Is something running hotter than it should?,Machine health
S386,AMC1311 reinforced isolated voltage-sense amplifier,5.0,Power & Electrical,Contact,None,power-now,How much power is being used right now?,Energy
S386,AMC1311 reinforced isolated voltage-sense amplifier,5.0,Power & Electrical,Contact,None,power-quality,Is the supply voltage clean and stable?,Energy
S392,S-type load cell,35.0,Force & Weight,Contact,None,consumable-remaining,"How much is left, and how long until it runs out?",Objects & assets
S392,S-type load cell,35.0,Force & Weight,Contact,None,container-fullness,How full is it?,Objects & assets
S392,S-type load cell,35.0,Force & Weight,Contact,None,hive-state,What is the beehive doing?,Plants & soil
S392,S-type load cell,35.0,Force & Weight,Contact,None,object-present,Is the thing there?,Objects & assets
S393,Button / pancake load cell,25.0,Force & Weight,Contact,None,consumable-remaining,"How much is left, and how long until it runs out?",Objects & assets
S393,Button / pancake load cell,25.0,Force & Weight,Contact,None,object-present,Is the thing there?,Objects & assets
S393,Button / pancake load cell,25.0,Force & Weight,Contact,None,posture,What posture is this body in?,Body & health
S393,Button / pancake load cell,25.0,Force & Weight,Contact,None,someone-present,Is anyone here?,Human presence
S396,EeonTex piezoresistive fabric,15.0,Flex & Stretch,Contact,None,breathing-rate,How fast are they breathing?,Body & health
S396,EeonTex piezoresistive fabric,15.0,Flex & Stretch,Contact,None,object-present,Is the thing there?,Objects & assets
S396,EeonTex piezoresistive fabric,15.0,Flex & Stretch,Contact,None,posture,What posture is this body in?,Body & health
S396,EeonTex piezoresistive fabric,15.0,Flex & Stretch,Contact,None,someone-present,Is anyone here?,Human presence
S397,Capacitive stretch sensor,90.0,Flex & Stretch,Contact,None,breathing-rate,How fast are they breathing?,Body & health
S397,Capacitive stretch sensor,90.0,Flex & Stretch,Contact,None,gait-quality,How is this person walking?,Body & health
S397,Capacitive stretch sensor,90.0,Flex & Stretch,Contact,None,joint-angle,"What angle is this joint at, through its range?",Body & health
S397,Capacitive stretch sensor,90.0,Flex & Stretch,Contact,None,posture,What posture is this body in?,Body & health
S398,Conductive fabric and tape electrodes,12.0,Materials & Textiles,Contact,None,heart-rate,What is the heart rate?,Body & health
S398,Conductive fabric and tape electrodes,12.0,Materials & Textiles,Contact,None,muscle-effort,"Which muscle is working, and how hard?",Body & health
S398,Conductive fabric and tape electrodes,12.0,Materials & Textiles,Contact,None,object-present,Is the thing there?,Objects & assets
S398,Conductive fabric and tape electrodes,12.0,Materials & Textiles,Contact,None,someone-present,Is anyone here?,Human presence
S400,PDM MEMS microphone,3.0,Sound & Audio,Standoff,Raw-imagery,glass-broken,Did glass break?,Security & safety
S400,PDM MEMS microphone,3.0,Sound & Audio,Standoff,Raw-imagery,machine-state,"Is it idle, loaded, or jammed?",Machine health
S400,PDM MEMS microphone,3.0,Sound & Audio,Standoff,Raw-imagery,someone-present,Is anyone here?,Human presence
S400,PDM MEMS microphone,3.0,Sound & Audio,Standoff,Raw-imagery,unusual-sound,Did something sound wrong?,Security & safety
S401,Hydrophone,45.0,Sound & Audio,Immersed,None,livestock-wellbeing,Are the animals comfortable and behaving normally?,Plants & soil
S401,Hydrophone,45.0,Sound & Audio,Immersed,None,machine-state,"Is it idle, loaded, or jammed?",Machine health
S401,Hydrophone,45.0,Sound & Audio,Immersed,None,unusual-sound,Did something sound wrong?,Security & safety
S401,Hydrophone,45.0,Sound & Audio,Immersed,None,water-leak,Is water escaping where it shouldn't?,Water
S402,40kHz ultrasonic transducer pair,3.0,Sound & Audio,Standoff,None,air-leak,"Is compressed air leaking, and where?",Machine health
S402,40kHz ultrasonic transducer pair,3.0,Sound & Audio,Standoff,None,arc-or-discharge,Is there electrical arcing or partial discharge?,Machine health
S402,40kHz ultrasonic transducer pair,3.0,Sound & Audio,Standoff,None,object-present,Is the thing there?,Objects & assets
S402,40kHz ultrasonic transducer pair,3.0,Sound & Audio,Standoff,None,obstacle-ahead,Is there something in the way?,Navigation & space
S403,MEMS ultrasonic ToF (Chirp),15.0,Sound & Audio,Standoff,None,container-fullness,How full is it?,Objects & assets
S403,MEMS ultrasonic ToF (Chirp),15.0,Sound & Audio,Standoff,None,object-present,Is the thing there?,Objects & assets
S403,MEMS ultrasonic ToF (Chirp),15.0,Sound & Audio,Standoff,None,obstacle-ahead,Is there something in the way?,Navigation & space
S403,MEMS ultrasonic ToF (Chirp),15.0,Sound & Audio,Standoff,None,someone-present,Is anyone here?,Human presence
S404,RTL-SDR receiver,30.0,RF & Electromagnetic,Remote,Identifiable,asset-location,Where is this thing right now?,Objects & assets
S404,RTL-SDR receiver,30.0,RF & Electromagnetic,Remote,Identifiable,object-identity,Which specific object is this?,Objects & assets
S404,RTL-SDR receiver,30.0,RF & Electromagnetic,Remote,Identifiable,rf-activity,"What is transmitting nearby, and how strongly?",Invisible worlds
S404,RTL-SDR receiver,30.0,RF & Electromagnetic,Remote,Identifiable,which-appliance,Which appliance just turned on?,Energy
S035,NDIR methane / hydrocarbon module,45,Gas & VOC,Standoff,None,compost-active,Is the compost heating properly — or dangerously?,Plants & soil
S035,NDIR methane / hydrocarbon module,45,Gas & VOC,Standoff,None,gas-leak,Is there a flammable gas leak?,Air & environment
S035,NDIR methane / hydrocarbon module,45,Gas & VOC,Standoff,None,ventilation-adequate,Is ventilation actually working?,Air & environment
S042,SDS011 particulate,20,Particulate,Standoff,None,cooking-detected,Is someone cooking?,Air & environment
S042,SDS011 particulate,20,Particulate,Standoff,None,particulate-level,How polluted is the air right now?,Air & environment
S042,SDS011 particulate,20,Particulate,Standoff,None,smoke-present,Is there smoke?,Air & environment
S043,Ikea VINDRIKTNING hack,13,Particulate,Standoff,None,cooking-detected,Is someone cooking?,Air & environment
S043,Ikea VINDRIKTNING hack,13,Particulate,Standoff,None,particulate-level,How polluted is the air right now?,Air & environment
S043,Ikea VINDRIKTNING hack,13,Particulate,Standoff,None,smoke-present,Is there smoke?,Air & environment
S121,Anemometer cup sensor,12,Weather & Outdoor,Standoff,None,frost-tonight,Will there be frost tonight?,Weather & outdoors
S121,Anemometer cup sensor,12,Weather & Outdoor,Standoff,None,storm-approaching,Is a storm coming?,Weather & outdoors
S121,Anemometer cup sensor,12,Weather & Outdoor,Standoff,None,wind-conditions,"How windy is it, and from where?",Weather & outdoors
S122,Wind vane,12,Weather & Outdoor,Standoff,None,storm-approaching,Is a storm coming?,Weather & outdoors
S122,Wind vane,12,Weather & Outdoor,Standoff,None,which-way-facing,Which way am I pointing?,Navigation & space
S122,Wind vane,12,Weather & Outdoor,Standoff,None,wind-conditions,"How windy is it, and from where?",Weather & outdoors
S124,AS3935 lightning detector,20,Weather & Outdoor,Remote,None,lightning-distance,How far away is the lightning?,Weather & outdoors
S124,AS3935 lightning detector,20,Weather & Outdoor,Remote,None,rf-activity,"What is transmitting nearby, and how strongly?",Invisible worlds
S124,AS3935 lightning detector,20,Weather & Outdoor,Remote,None,storm-approaching,Is a storm coming?,Weather & outdoors
S149,ZMPT101B voltage sensor,3,Power & Electrical,Contact,None,device-left-on,Did someone leave it switched on?,Energy
S149,ZMPT101B voltage sensor,3,Power & Electrical,Contact,None,power-now,How much power is being used right now?,Energy
S149,ZMPT101B voltage sensor,3,Power & Electrical,Contact,None,power-quality,Is the supply voltage clean and stable?,Energy
S154,Linear potentiometer / softpot,6,Position & Rotation,Contact,None,container-fullness,How full is it?,Objects & assets
S154,Linear potentiometer / softpot,6,Position & Rotation,Contact,None,how-far-travelled,How far have I gone?,Navigation & space
S154,Linear potentiometer / softpot,6,Position & Rotation,Contact,None,object-moved,Has it been moved or disturbed?,Objects & assets
S200,MQ-6 LPG/propane,2.5,Gas & VOC,Standoff,None,cooking-detected,Is someone cooking?,Air & environment
S200,MQ-6 LPG/propane,2.5,Gas & VOC,Standoff,None,gas-leak,Is there a flammable gas leak?,Air & environment
S200,MQ-6 LPG/propane,2.5,Gas & VOC,Standoff,None,voc-event,Did something start off-gassing or smelling?,Air & environment
S218,Thermistor airflow (nasal) kit,3,Biometric & Health,Contact,Identifiable,breathing-rate,How fast are they breathing?,Body & health
S218,Thermistor airflow (nasal) kit,3,Biometric & Health,Contact,Identifiable,breathing-stopped,Has breathing become irregular or stopped?,Body & health
S218,Thermistor airflow (nasal) kit,3,Biometric & Health,Contact,Identifiable,sleep-stage-proxy,"What sleep stage is this, roughly?",Body & health
S222,Narrowband O2 sensor (HEGO),15,Industrial & Automotive,Immersed,None,abnormal-current,Is it drawing an abnormal amount of power?,Machine health
S222,Narrowband O2 sensor (HEGO),15,Industrial & Automotive,Immersed,None,machine-state,"Is it idle, loaded, or jammed?",Machine health
S222,Narrowband O2 sensor (HEGO),15,Industrial & Automotive,Immersed,None,overheating,Is something running hotter than it should?,Machine health
S226,Frustration-free moisture: plant leaf clip,5,Materials & Textiles,Contact,None,drift-from-baseline,Has this drifted from how it behaved when new?,Machine health
S226,Frustration-free moisture: plant leaf clip,5,Materials & Textiles,Contact,None,growth-rate,How fast is it growing?,Plants & soil
S226,Frustration-free moisture: plant leaf clip,5,Materials & Textiles,Contact,None,plant-thirsty,Does this plant need water?,Plants & soil
S250,NEO-F10T dual-band GNSS timing receiver,120.0,GNSS & Positioning,Remote,None,drift-from-baseline,Has this drifted from how it behaved when new?,Machine health
S250,NEO-F10T dual-band GNSS timing receiver,120.0,GNSS & Positioning,Remote,None,how-high,What altitude or floor am I on?,Navigation & space
S250,NEO-F10T dual-band GNSS timing receiver,120.0,GNSS & Positioning,Remote,None,where-am-i,Where am I on Earth?,Navigation & space
S271,NTAG I2C Plus 2K dual-interface tag,6.0,Identity & Tags,Through-barrier,Identifiable,authorised-to-use,Is this person allowed to operate this?,Security & safety
S271,NTAG I2C Plus 2K dual-interface tag,6.0,Identity & Tags,Through-barrier,Identifiable,object-genuine,Is this authentic or counterfeit?,Objects & assets
S271,NTAG I2C Plus 2K dual-interface tag,6.0,Identity & Tags,Through-barrier,Identifiable,object-identity,Which specific object is this?,Objects & assets
S274,ID809 capacitive fingerprint module,32.0,Identity & Tags,Contact,Identifiable,authorised-to-use,Is this person allowed to operate this?,Security & safety
S274,ID809 capacitive fingerprint module,32.0,Identity & Tags,Contact,Identifiable,someone-present,Is anyone here?,Human presence
S274,ID809 capacitive fingerprint module,32.0,Identity & Tags,Contact,Identifiable,who-is-it,Which specific person is this?,Human presence
S276,ATECC608B secure element,6.0,Identity & Tags,Contact,None,authorised-to-use,Is this person allowed to operate this?,Security & safety
S276,ATECC608B secure element,6.0,Identity & Tags,Contact,None,object-genuine,Is this authentic or counterfeit?,Objects & assets
S276,ATECC608B secure element,6.0,Identity & Tags,Contact,None,tamper-detected,Has someone interfered with it?,Objects & assets
S288,Figaro TGS6812 catalytic pellistor,35.0,Gas & VOC,Standoff,None,air-leak,"Is compressed air leaking, and where?",Machine health
S288,Figaro TGS6812 catalytic pellistor,35.0,Gas & VOC,Standoff,None,fire-present,Is there a flame?,Security & safety
S288,Figaro TGS6812 catalytic pellistor,35.0,Gas & VOC,Standoff,None,gas-leak,Is there a flammable gas leak?,Air & environment
S289,INIR NDIR methane module,130.0,Gas & VOC,Standoff,None,air-leak,"Is compressed air leaking, and where?",Machine health
S289,INIR NDIR methane module,130.0,Gas & VOC,Standoff,None,compost-active,Is the compost heating properly — or dangerously?,Plants & soil
S289,INIR NDIR methane module,130.0,Gas & VOC,Standoff,None,gas-leak,Is there a flammable gas leak?,Air & environment
S291,Winsen ZE25-O3 ozone module,30.0,Gas & VOC,Standoff,None,air-leak,"Is compressed air leaking, and where?",Machine health
S291,Winsen ZE25-O3 ozone module,30.0,Gas & VOC,Standoff,None,contamination,Has this been contaminated?,Materials & chemistry
S291,Winsen ZE25-O3 ozone module,30.0,Gas & VOC,Standoff,None,ozone-present,Is something emitting ozone?,Air & environment
S293,Alphasense CL2-A1 chlorine cell,130.0,Gas & VOC,Standoff,None,contamination,Has this been contaminated?,Materials & chemistry
S293,Alphasense CL2-A1 chlorine cell,130.0,Gas & VOC,Standoff,None,gas-leak,Is there a flammable gas leak?,Air & environment
S293,Alphasense CL2-A1 chlorine cell,130.0,Gas & VOC,Standoff,None,water-sanitised,Is the sanitiser actually working?,Water
S322,BPW34 PIN photodiode,1.0,Light & UV,Standoff,None,crossed-boundary,Did something cross this line?,Human presence
S322,BPW34 PIN photodiode,1.0,Light & UV,Standoff,None,object-present,Is the thing there?,Objects & assets
S322,BPW34 PIN photodiode,1.0,Light & UV,Standoff,None,radiation-dose,How much radiation is here?,Invisible worlds
S323,ALS-PT19 ambient light phototransistor,3.0,Light & UV,Standoff,None,device-left-on,Did someone leave it switched on?,Energy
S323,ALS-PT19 ambient light phototransistor,3.0,Light & UV,Standoff,None,sky-clear,Is the sky clear or clouded?,Weather & outdoors
S323,ALS-PT19 ambient light phototransistor,3.0,Light & UV,Standoff,None,someone-present,Is anyone here?,Human presence
S348,Free-chlorine amperometric membrane probe,390.0,Water & Liquid,Immersed,None,concentration-liquid,How concentrated is this solution?,Materials & chemistry
S348,Free-chlorine amperometric membrane probe,390.0,Water & Liquid,Immersed,None,contamination,Has this been contaminated?,Materials & chemistry
S348,Free-chlorine amperometric membrane probe,390.0,Water & Liquid,Immersed,None,water-sanitised,Is the sanitiser actually working?,Water
S351,Thermal microflow sensor for liquids,150.0,Water & Liquid,Immersed,None,consumable-remaining,"How much is left, and how long until it runs out?",Objects & assets
S351,Thermal microflow sensor for liquids,150.0,Water & Liquid,Immersed,None,cycle-complete,Has the cycle finished?,Machine health
S351,Thermal microflow sensor for liquids,150.0,Water & Liquid,Immersed,None,flow-rate,How fast is water flowing?,Water
S352,Electromagnetic (mag) flowmeter,300.0,Water & Liquid,Immersed,None,flow-rate,How fast is water flowing?,Water
S352,Electromagnetic (mag) flowmeter,300.0,Water & Liquid,Immersed,None,machine-duty-cycle,How much is this machine actually used?,Machine health
S352,Electromagnetic (mag) flowmeter,300.0,Water & Liquid,Immersed,None,water-used-total,"How much water was used, by whom, and when?",Water
S354,Guided-wave radar level transmitter,290.0,Water & Liquid,Immersed,None,consumable-remaining,"How much is left, and how long until it runs out?",Objects & assets
S354,Guided-wave radar level transmitter,290.0,Water & Liquid,Immersed,None,container-fullness,How full is it?,Objects & assets
S354,Guided-wave radar level transmitter,290.0,Water & Liquid,Immersed,None,tank-level,How much is in the tank?,Water
S356,METER TEROS 21 soil water potential,290.0,Soil & Agriculture,Immersed,None,drift-from-baseline,Has this drifted from how it behaved when new?,Machine health
S356,METER TEROS 21 soil water potential,290.0,Soil & Agriculture,Immersed,None,plant-thirsty,Does this plant need water?,Plants & soil
S356,METER TEROS 21 soil water potential,290.0,Soil & Agriculture,Immersed,None,soil-tension,How hard must roots work to get water?,Plants & soil
S359,Soil CO2 flux chamber (closed dynamic),95.0,Soil & Agriculture,Contact,None,compost-active,Is the compost heating properly — or dangerously?,Plants & soil
S359,Soil CO2 flux chamber (closed dynamic),95.0,Soil & Agriculture,Contact,None,drift-from-baseline,Has this drifted from how it behaved when new?,Machine health
S359,Soil CO2 flux chamber (closed dynamic),95.0,Soil & Agriculture,Contact,None,soil-fertility,What is the nutrient status of this soil?,Plants & soil
S360,Sap flow probe (heat-ratio method),620.0,Soil & Agriculture,Contact,None,disease-pressure,Are conditions right for fungal disease?,Plants & soil
S360,Sap flow probe (heat-ratio method),620.0,Soil & Agriculture,Contact,None,growth-rate,How fast is it growing?,Plants & soil
S360,Sap flow probe (heat-ratio method),620.0,Soil & Agriculture,Contact,None,plant-thirsty,Does this plant need water?,Plants & soil
S361,Point dendrometer (stem diameter),70.0,Soil & Agriculture,Contact,None,drift-from-baseline,Has this drifted from how it behaved when new?,Machine health
S361,Point dendrometer (stem diameter),70.0,Soil & Agriculture,Contact,None,growth-rate,How fast is it growing?,Plants & soil
S361,Point dendrometer (stem diameter),70.0,Soil & Agriculture,Contact,None,plant-thirsty,Does this plant need water?,Plants & soil
S365,ADS1298 8-channel clinical ECG front end,160.0,Biometric & Health,Contact,Identifiable,heart-rate,What is the heart rate?,Body & health
S365,ADS1298 8-channel clinical ECG front end,160.0,Biometric & Health,Contact,Identifiable,heart-variability,How stressed or recovered is this body?,Body & health
S365,ADS1298 8-channel clinical ECG front end,160.0,Biometric & Health,Contact,Identifiable,muscle-effort,"Which muscle is working, and how hard?",Body & health
S370,MAX30208 clinical-accuracy skin temperature,10.0,Biometric & Health,Contact,Aggregate,body-temp-trend,"Is body temperature drifting — fever, ovulation, heat stress?",Body & health
S370,MAX30208 clinical-accuracy skin temperature,10.0,Biometric & Health,Contact,Aggregate,drift-from-baseline,Has this drifted from how it behaved when new?,Machine health
S370,MAX30208 clinical-accuracy skin temperature,10.0,Biometric & Health,Contact,Aggregate,person-asleep,"Are they asleep, and how well?",Human presence
S372,EDA done properly - constant-voltage skin conductance,8.0,Biometric & Health,Contact,Aggregate,drift-from-baseline,Has this drifted from how it behaved when new?,Machine health
S372,EDA done properly - constant-voltage skin conductance,8.0,Biometric & Health,Contact,Aggregate,sleep-stage-proxy,"What sleep stage is this, roughly?",Body & health
S372,EDA done properly - constant-voltage skin conductance,8.0,Biometric & Health,Contact,Aggregate,stress-arousal,Is this person's arousal or stress rising?,Body & health
S375,MAX17260 ModelGauge m5 fuel gauge,4.0,Power & Electrical,Contact,None,battery-charge,How much charge is left?,Energy
S375,MAX17260 ModelGauge m5 fuel gauge,4.0,Power & Electrical,Contact,None,battery-health,Is this battery degrading?,Energy
S375,MAX17260 ModelGauge m5 fuel gauge,4.0,Power & Electrical,Contact,None,energy-budget-node,Will this node survive on its battery until spring?,Energy
S383,LEM IT 60-S ULTRASTAB fluxgate current transducer,900.0,Power & Electrical,Through-barrier,None,abnormal-current,Is it drawing an abnormal amount of power?,Machine health
S383,LEM IT 60-S ULTRASTAB fluxgate current transducer,900.0,Power & Electrical,Through-barrier,None,drift-from-baseline,Has this drifted from how it behaved when new?,Machine health
S383,LEM IT 60-S ULTRASTAB fluxgate current transducer,900.0,Power & Electrical,Through-barrier,None,power-now,How much power is being used right now?,Energy
S385,RV4145A ground-fault / residual current detector,2.0,Power & Electrical,Contact,None,abnormal-current,Is it drawing an abnormal amount of power?,Machine health
S385,RV4145A ground-fault / residual current detector,2.0,Power & Electrical,Contact,None,arc-or-discharge,Is there electrical arcing or partial discharge?,Machine health
S385,RV4145A ground-fault / residual current detector,2.0,Power & Electrical,Contact,None,drift-from-baseline,Has this drifted from how it behaved when new?,Machine health
S391,Azoteq IQS7211 / IQS263 proximity + touch,6.0,Touch & Capacitive,Standoff,Aggregate,are-they-looking,Is someone actually looking at this?,Human presence
S391,Azoteq IQS7211 / IQS263 proximity + touch,6.0,Touch & Capacitive,Standoff,Aggregate,object-present,Is the thing there?,Objects & assets
S391,Azoteq IQS7211 / IQS263 proximity + touch,6.0,Touch & Capacitive,Standoff,Aggregate,someone-present,Is anyone here?,Human presence
S394,Rotary torque sensor,180.0,Force & Weight,Contact,None,abnormal-current,Is it drawing an abnormal amount of power?,Machine health
S394,Rotary torque sensor,180.0,Force & Weight,Contact,None,lubrication-failing,Is lubrication breaking down?,Machine health
S394,Rotary torque sensor,180.0,Force & Weight,Contact,None,machine-state,"Is it idle, loaded, or jammed?",Machine health
S406,SiPM photodetector module,60.0,Radiation & Nuclear,Contact,None,cosmic-flux,How many cosmic rays are passing through?,Invisible worlds
S406,SiPM photodetector module,60.0,Radiation & Nuclear,Contact,None,radiation-dose,How much radiation is here?,Invisible worlds
S406,SiPM photodetector module,60.0,Radiation & Nuclear,Contact,None,which-isotope,Which radioactive isotope is this?,Invisible worlds
S151,KY-040 rotary encoder,1,Position & Rotation,Contact,None,object-moved,Has it been moved or disturbed?,Objects & assets
S151,KY-040 rotary encoder,1,Position & Rotation,Contact,None,rotation-speed,How fast is it turning?,Machine health
S251,10MHz GPSDO — GNSS-disciplined oscillator,130.0,GNSS & Positioning,Remote,None,drift-from-baseline,Has this drifted from how it behaved when new?,Machine health
S251,10MHz GPSDO — GNSS-disciplined oscillator,130.0,GNSS & Positioning,Remote,None,rf-activity,"What is transmitting nearby, and how strongly?",Invisible worlds
S347,Fluoride ion-selective electrode (LaF3 crystal),320.0,Water & Liquid,Immersed,None,concentration-liquid,How concentrated is this solution?,Materials & chemistry
S347,Fluoride ion-selective electrode (LaF3 crystal),320.0,Water & Liquid,Immersed,None,contamination,Has this been contaminated?,Materials & chemistry
S357,Gypsum soil moisture block,10.0,Soil & Agriculture,Immersed,None,plant-thirsty,Does this plant need water?,Plants & soil
S357,Gypsum soil moisture block,10.0,Soil & Agriculture,Immersed,None,soil-tension,How hard must roots work to get water?,Plants & soil
S371,"Oscillometric blood-pressure module (cuff, pump, valve)",60.0,Biometric & Health,Contact,Aggregate,drift-from-baseline,Has this drifted from how it behaved when new?,Machine health
S371,"Oscillometric blood-pressure module (cuff, pump, valve)",60.0,Biometric & Health,Contact,Aggregate,heart-rate,What is the heart rate?,Body & health
S374,MAX17048 ModelGauge fuel gauge,6.0,Power & Electrical,Contact,None,battery-charge,How much charge is left?,Energy
S374,MAX17048 ModelGauge fuel gauge,6.0,Power & Electrical,Contact,None,energy-budget-node,Will this node survive on its battery until spring?,Energy
S376,LC709203F fuel gauge (end of life),8.0,Power & Electrical,Contact,None,battery-charge,How much charge is left?,Energy
S376,LC709203F fuel gauge (end of life),8.0,Power & Electrical,Contact,None,energy-budget-node,Will this node survive on its battery until spring?,Energy
S388,CAP1188 8-channel capacitive touch,8.0,Touch & Capacitive,Through-barrier,None,object-present,Is the thing there?,Objects & assets
S388,CAP1188 8-channel capacitive touch,8.0,Touch & Capacitive,Through-barrier,None,someone-present,Is anyone here?,Human presence
S399,Embroidered / fabric antenna,10.0,Materials & Textiles,Contact,None,asset-location,Where is this thing right now?,Objects & assets
S399,Embroidered / fabric antenna,10.0,Materials & Textiles,Contact,None,object-identity,Which specific object is this?,Objects & assets
S405,SX1262 sub-GHz transceiver,8.0,RF & Electromagnetic,Remote,None,asset-location,Where is this thing right now?,Objects & assets
S405,SX1262 sub-GHz transceiver,8.0,RF & Electromagnetic,Remote,None,rf-activity,"What is transmitting nearby, and how strongly?",Invisible worlds
S407,PIN photodiode radiation detector,2.0,Radiation & Nuclear,Contact,None,cosmic-flux,How many cosmic rays are passing through?,Invisible worlds
S407,PIN photodiode radiation detector,2.0,Radiation & Nuclear,Contact,None,radiation-dose,How much radiation is here?,Invisible worlds
S156,Joystick module,1.5,Position & Rotation,Contact,None,object-moved,Has it been moved or disturbed?,Objects & assets
S160,GPS PPS time source,10,GNSS & Positioning,Remote,None,where-am-i,Where am I on Earth?,Navigation & space
S389,AT42QT1070 / QT1010 touch controller,4.0,Touch & Capacitive,Through-barrier,None,object-present,Is the thing there?,Objects & assets
S390,GT911 / FT6236 touchscreen controller,6.0,Touch & Capacitive,Contact,None,object-present,Is the thing there?,Objects & assets
