outcome_key,domain,question,n_routes,rarity,first_tier,cheapest,most_capable,no_contact,privacy_safe,all_routes
ventilation-adequate,Air & environment,Is ventilation actually working?,36,,CORE,MQ-135 air quality ($2.5),SprintIR-W fast wide-range NDIR CO2,MQ-135 air quality ($2.5),MQ-135 air quality ($2.5),MQ-135 air quality ($2.5) | DHT22 / AM2302 ($4) | AGS02MA TVOC budget ($4) | SHT41 humidity + temp ($6) | BME280 climate combo ($6) | XGZP6897D low-range diff pressure ($6) | HDC3022 humidity + temp ($7) | DPS310 barometer ($7) | ENS160 air quality ($9) | BMP390 precision barometer ($10) | SGP30 eCO2/TVOC (legacy) ($10) | XY-MD02 Modbus RTU temperature & humidity transmitter ($11.0) | SHT31 weatherproof probe ($12) | SGP40 VOC index ($12) | BME688 gas + climate AI ($15) | PMS5003 particulate ($15) | MH-Z19C budget NDIR CO2 ($18) | STCC4 low-cost percent CO2 ($18.0) | MiCS-6814 tri-gas ($20) | ZE08-CH2O formaldehyde ($22) | SCD41 true CO2 ($25) | SenseAir S8 CO2 ($25) | FS3000 air velocity ($26) | STC31 percent-level CO2 ($28.0) | Cubic CM1107N dual-beam CO2 ($30.0) | SDP810 differential pressure ($35) | SCD30 NDIR CO2 ($40) | Thermal flow: SDP + thermistor DIY ($40) | NDIR methane / hydrocarbon module ($45) | SPS30 premium PM ($45) | SEN66 six-in-one air module ($70.0) | Electrochemical gas cells ($80) | Telaire T6713 I2C CO2 ($80.0) | SenseAir K30 NDIR CO2 ($95.0) | RD200 radon sensor ($180) | SprintIR-W fast wide-range NDIR CO2 ($190.0)
cooking-detected,Air & environment,Is someone cooking?,30,,FOUNDATION,MQ-2 smoke/LPG gas ($2),Scent delivery + e-nose loop,MQ-2 smoke/LPG gas ($2),MQ-2 smoke/LPG gas ($2),MQ-2 smoke/LPG gas ($2) | IR flame detector (flicker) ($2) | MQ-135 air quality ($2.5) | MQ-4 methane / natural gas ($2.5) | MQ-6 LPG/propane ($2.5) | INMP441 I2S MEMS mic ($3) | DHT22 / AM2302 ($4) | AGS02MA TVOC budget ($4) | ICS-43434 I2S mic ($5) | SHT41 humidity + temp ($6) | MAX9814 AGC mic amp ($7) | SPH0645 I2S mic ($7) | MLX90614 IR thermometer ($8) | ENS160 air quality ($9) | SGP30 eCO2/TVOC (legacy) ($10) | SGP40 VOC index ($12) | Ikea VINDRIKTNING hack ($13) | MiCS-5524 CO/VOC ($14) | BME688 gas + climate AI ($15) | PMS5003 particulate ($15) | MiCS-6814 tri-gas ($20) | SDS011 particulate ($20) | PMS7003 laser particle counter ($20.0) | BME690 gas + climate ($22.0) | Honeywell HPM particulate sensor ($40.0) | SPS30 premium PM ($45) | SEN55 all-in-one air node ($50.0) | Scent delivery + e-nose loop ($60) | SEN66 six-in-one air module ($70.0) | Piera IPS-7100 ultrafine particle sensor ($70.0)
air-stuffy,Air & environment,Is this room stuffy — does it need fresh air?,24,,FOUNDATION,AHT20 temp/humidity ($2),SenseAir K30 NDIR CO2,AHT20 temp/humidity ($2),AHT20 temp/humidity ($2),AHT20 temp/humidity ($2) | MQ-135 air quality ($2.5) | Si7021 humidity/temp ($4) | SHTC3 tiny low-power RH/T ($4) | AGS02MA TVOC budget ($4) | ENS160 air quality ($9) | SGP30 eCO2/TVOC (legacy) ($10) | SGP40 VOC index ($12) | MiCS-5524 CO/VOC ($14) | BME688 gas + climate AI ($15) | MH-Z19C budget NDIR CO2 ($18) | ZE08-CH2O formaldehyde ($22) | BME690 gas + climate ($22.0) | SCD41 true CO2 ($25) | SenseAir S8 CO2 ($25) | FS3000 air velocity ($26) | MQ-131 ozone ($30) | Cubic CM1107N dual-beam CO2 ($30.0) | SCD30 NDIR CO2 ($40) | SEN55 all-in-one air node ($50.0) | Scent delivery + e-nose loop ($60) | SEN66 six-in-one air module ($70.0) | Telaire T6713 I2C CO2 ($80.0) | SenseAir K30 NDIR CO2 ($95.0)
voc-event,Air & environment,Did something start off-gassing or smelling?,21,,FOUNDATION,MQ-2 smoke/LPG gas ($2),Alphasense PID-AH2 photoionisation VOC,MQ-2 smoke/LPG gas ($2),MQ-2 smoke/LPG gas ($2),MQ-2 smoke/LPG gas ($2) | MQ-3 alcohol sensor ($2.5) | MQ-135 air quality ($2.5) | MQ-4 methane / natural gas ($2.5) | MQ-6 LPG/propane ($2.5) | MQ-8 hydrogen sensor ($4) | AGS02MA TVOC budget ($4) | ENS160 air quality ($9) | SGP30 eCO2/TVOC (legacy) ($10) | SGP40 VOC index ($12) | MiCS-5524 CO/VOC ($14) | BME688 gas + climate AI ($15) | MiCS-6814 tri-gas ($20) | ZE08-CH2O formaldehyde ($22) | BME690 gas + climate ($22.0) | MQ-131 ozone ($30) | SEN55 all-in-one air node ($50.0) | Scent delivery + e-nose loop ($60) | SEN66 six-in-one air module ($70.0) | Piera IPS-7100 ultrafine particle sensor ($70.0) | Alphasense PID-AH2 photoionisation VOC ($320.0)
mould-risk,Air & environment,Is this surface going to grow mould?,19,,FOUNDATION,AHT20 temp/humidity ($2),Scent delivery + e-nose loop,AHT20 temp/humidity ($2),AHT20 temp/humidity ($2),AHT20 temp/humidity ($2) | Capacitive rain/condensation plate ($3) | DHT22 / AM2302 ($4) | Si7021 humidity/temp ($4) | SHTC3 tiny low-power RH/T ($4) | SHT41 humidity + temp ($6) | BME280 climate combo ($6) | HDC3022 humidity + temp ($7) | Water leak rope sensor ($10) | XY-MD02 Modbus RTU temperature & humidity transmitter ($11.0) | SHT31 weatherproof probe ($12) | BME688 gas + climate AI ($15) | Leaf wetness sensor ($15) | BME690 gas + climate ($22.0) | SCD41 true CO2 ($25) | SCD30 NDIR CO2 ($40) | MLX90640 thermal camera ($45) | SEN55 all-in-one air node ($50.0) | Scent delivery + e-nose loop ($60)
gas-leak,Air & environment,Is there a flammable gas leak?,17,,FOUNDATION,MQ-2 smoke/LPG gas ($2),SprintIR-W fast wide-range NDIR CO2,MQ-2 smoke/LPG gas ($2),MQ-2 smoke/LPG gas ($2),MQ-2 smoke/LPG gas ($2) | MQ-7 carbon monoxide ($2.5) | MQ-4 methane / natural gas ($2.5) | MQ-6 LPG/propane ($2.5) | MQ-8 hydrogen sensor ($4) | MiCS-5524 CO/VOC ($14) | STCC4 low-cost percent CO2 ($18.0) | MiCS-6814 tri-gas ($20) | STC31 percent-level CO2 ($28.0) | Figaro TGS6812 catalytic pellistor ($35.0) | NDIR methane / hydrocarbon module ($45) | Scent delivery + e-nose loop ($60) | Electrochemical gas cells ($80) | MPS flammable gas and refrigerant sensor ($85.0) | INIR NDIR methane module ($130.0) | Alphasense CL2-A1 chlorine cell ($130.0) | SprintIR-W fast wide-range NDIR CO2 ($190.0)
smell-signature,Air & environment,What does this smell like — which known smell is it?,14,,CORE,MQ-3 alcohol sensor ($2.5),Alphasense PID-AH2 photoionisation VOC,MQ-3 alcohol sensor ($2.5),MQ-3 alcohol sensor ($2.5),MQ-3 alcohol sensor ($2.5) | MQ-135 air quality ($2.5) | AGS02MA TVOC budget ($4) | ENS160 air quality ($9) | SGP30 eCO2/TVOC (legacy) ($10) | SGP40 VOC index ($12) | MiCS-5524 CO/VOC ($14) | BME688 gas + climate AI ($15) | MiCS-6814 tri-gas ($20) | BME690 gas + climate ($22.0) | Winsen ZE03-NH3 ammonia module ($40.0) | Scent delivery + e-nose loop ($60) | Electrochemical gas cells ($80) | Alphasense PID-AH2 photoionisation VOC ($320.0)
smoke-present,Air & environment,Is there smoke?,13,,FOUNDATION,MQ-2 smoke/LPG gas ($2),Alphasense OPC-N3 optical particle counter,MQ-2 smoke/LPG gas ($2),MQ-2 smoke/LPG gas ($2),MQ-2 smoke/LPG gas ($2) | MQ-7 carbon monoxide ($2.5) | SGP40 VOC index ($12) | Ikea VINDRIKTNING hack ($13) | BME688 gas + climate AI ($15) | PMS5003 particulate ($15) | SDS011 particulate ($20) | PMS7003 laser particle counter ($20.0) | Honeywell HPM particulate sensor ($40.0) | SPS30 premium PM ($45) | SEN55 all-in-one air node ($50.0) | Piera IPS-7100 ultrafine particle sensor ($70.0) | Alphasense OPC-N3 optical particle counter ($500.0)
particulate-level,Air & environment,How polluted is the air right now?,12,,COMPLETE,Ikea VINDRIKTNING hack ($13),Alphasense OPC-N3 optical particle counter,Ikea VINDRIKTNING hack ($13),Ikea VINDRIKTNING hack ($13),Ikea VINDRIKTNING hack ($13) | PMS5003 particulate ($15) | SDS011 particulate ($20) | PMS7003 laser particle counter ($20.0) | MQ-131 ozone ($30) | Honeywell HPM particulate sensor ($40.0) | SPS30 premium PM ($45) | SEN55 all-in-one air node ($50.0) | SEN66 six-in-one air module ($70.0) | Piera IPS-7100 ultrafine particle sensor ($70.0) | Alphasense NO2-B43F electrochemical cell ($120.0) | Alphasense OPC-N3 optical particle counter ($500.0)
too-dry,Air & environment,"Is the air dry enough to damage wood, skin or instruments?",11,,FOUNDATION,AHT20 temp/humidity ($2),BME688 gas + climate AI,AHT20 temp/humidity ($2),AHT20 temp/humidity ($2),AHT20 temp/humidity ($2) | DHT22 / AM2302 ($4) | Si7021 humidity/temp ($4) | SHTC3 tiny low-power RH/T ($4) | SHT41 humidity + temp ($6) | BME280 climate combo ($6) | HDC3022 humidity + temp ($7) | XY-MD02 Modbus RTU temperature & humidity transmitter ($11.0) | SHT31 weatherproof probe ($12) | BME688 gas + climate AI ($15) | SCD41 true CO2 ($25)
co-present,Air & environment,Is there carbon monoxide?,4,,BROAD,MQ-7 carbon monoxide ($2.5),Electrochemical gas cells,MQ-7 carbon monoxide ($2.5),MQ-7 carbon monoxide ($2.5),MQ-7 carbon monoxide ($2.5) | MiCS-5524 CO/VOC ($14) | MiCS-6814 tri-gas ($20) | Electrochemical gas cells ($80)
ozone-present,Air & environment,Is something emitting ozone?,3,rare,COMPLETE,MQ-131 ozone ($30),Electrochemical gas cells,MQ-131 ozone ($30),MQ-131 ozone ($30),MQ-131 ozone ($30) | Winsen ZE25-O3 ozone module ($30.0) | Electrochemical gas cells ($80)
formaldehyde-level,Air & environment,Is new furniture or flooring off-gassing?,2,rare,COMPLETE,ZE08-CH2O formaldehyde ($22),Alphasense PID-AH2 photoionisation VOC,ZE08-CH2O formaldehyde ($22),ZE08-CH2O formaldehyde ($22),ZE08-CH2O formaldehyde ($22) | Alphasense PID-AH2 photoionisation VOC ($320.0)
radon-level,Air & environment,Is radon accumulating?,1,SOLE ROUTE,COMPLETE,RD200 radon sensor ($180),RD200 radon sensor,RD200 radon sensor ($180),RD200 radon sensor ($180),RD200 radon sensor ($180)
posture,Body & health,What posture is this body in?,26,,FOUNDATION,MPU-6050 6-axis IMU ($2),Capacitive stretch sensor,VL53L5CX 8x8 ToF array ($20),MPU-6050 6-axis IMU ($2),"MPU-6050 6-axis IMU ($2) | Velostat pressure sheets ($5) | FSR402 force resistor ($7) | Flex sensor 2.2"" ($8) | BMI270 wearable IMU ($8) | MPU-9250 9-axis (legacy) ($8) | Conductive thread + fabric pads ($8) | BMI323 6-axis IMU ($8.0) | LSM6DSOX ML-core IMU ($10) | Conductive rubber stretch cord ($10) | Scale-hacking: NAU7802 ($12) | ICM-20948 9-axis IMU ($15) | EeonTex piezoresistive fabric ($15.0) | VL53L5CX 8x8 ToF array ($20) | LSM6DSV16X IMU with on-chip fusion ($20.0) | BNO086 high-perf fusion IMU ($22) | BNO055 fusion IMU ($25) | BioAmp EXG Pill ($25) | VL53L8CX 8x8 depth zone array ($25.0) | Button / pancake load cell ($25.0) | Tactile pressure array ($25.0) | HLK-LD6001A 60GHz fall-detection radar ($35.0) | MyoWare 2.0 EMG ($40) | SCA3300 industrial inclinometer/accelerometer ($50.0) | Bend Labs digital flex (1-axis) ($70) | Capacitive stretch sensor ($90.0)"
breathing-rate,Body & health,How fast are they breathing?,23,,FOUNDATION,Wi-Fi CSI sensing (the router IS the sensor) ($0),SprintIR-W fast wide-range NDIR CO2,DFRobot Gravity mmWave presence radar ($22),"Flex sensor 2.2"" ($8)","Wi-Fi CSI sensing (the router IS the sensor) ($0) | Thermistor airflow (nasal) kit ($3) | MAX30102 pulse oximeter ($6) | Flex sensor 2.2"" ($8) | Conductive rubber stretch cord ($10) | AD8232 ECG front-end ($10) | EeonTex piezoresistive fabric ($15.0) | DFRobot Gravity mmWave presence radar ($22) | MAX86150 ECG+PPG combo ($23) | Seeed MR60BHA2 vital-sign radar ($25) | BioAmp EXG Pill ($25) | SDP810 differential pressure ($35) | Thermal flow: SDP + thermistor DIY ($40) | MAX30001 ECG + bioimpedance AFE ($45.0) | AFE4490 transmissive pulse-oximetry front end ($55.0) | Bend Labs digital flex (1-axis) ($70) | Acconeer XM125 pulsed coherent radar ($70.0) | ADS1292R 2-channel ECG + respiration front end ($70.0) | Capacitive stretch sensor ($90.0) | AD5941 bioimpedance / EIS analyser ($95.0) | Time-of-flight gesture radar 60GHz ($110) | Ferroelectret bed sensor (ballistocardiography) ($130.0) | SprintIR-W fast wide-range NDIR CO2 ($190.0)"
heart-rate,Body & health,What is the heart rate?,16,,CORE,Pulse sensor (PPG classic) ($5),OpenBCI Cyton 8-channel biosensing board,Seeed MR60BHA2 vital-sign radar ($25),Conductive fabric and tape electrodes ($12),"Pulse sensor (PPG classic) ($5) | MAX30102 pulse oximeter ($6) | AD8232 ECG front-end ($10) | Conductive fabric and tape electrodes ($12.0) | MAX86150 ECG+PPG combo ($23) | Seeed MR60BHA2 vital-sign radar ($25) | BioAmp EXG Pill ($25) | MAX30001 ECG + bioimpedance AFE ($45.0) | AFE4490 transmissive pulse-oximetry front end ($55.0) | Oscillometric blood-pressure module (cuff, pump, valve) ($60.0) | ADS1292R 2-channel ECG + respiration front end ($70.0) | Time-of-flight gesture radar 60GHz ($110) | MAXM86161 reflective PPG module ($120.0) | Ferroelectret bed sensor (ballistocardiography) ($130.0) | ADS1298 8-channel clinical ECG front end ($160.0) | OpenBCI Cyton 8-channel biosensing board ($499.0)"
gait-quality,Body & health,How is this person walking?,16,,FOUNDATION,MPU-6050 6-axis IMU ($2),Capacitive stretch sensor,— none,MPU-6050 6-axis IMU ($2),"MPU-6050 6-axis IMU ($2) | Velostat pressure sheets ($5) | Flex sensor 2.2"" ($8) | BMI270 wearable IMU ($8) | LSM6DSOX ML-core IMU ($10) | Conductive rubber stretch cord ($10) | Scale-hacking: NAU7802 ($12) | ICM-20948 9-axis IMU ($15) | Weight-in-motion: piezo cable ($15) | LSM6DSV16X IMU with on-chip fusion ($20.0) | BNO086 high-perf fusion IMU ($22) | BNO055 fusion IMU ($25) | Tactile pressure array ($25.0) | MyoWare 2.0 EMG ($40) | Bend Labs digital flex (1-axis) ($70) | Capacitive stretch sensor ($90.0)"
step-count,Body & health,How much have they moved today?,14,,FOUNDATION,MPU-6050 6-axis IMU ($2),Weight-in-motion: piezo cable,— none,MPU-6050 6-axis IMU ($2),MPU-6050 6-axis IMU ($2) | ADXL345 accelerometer ($3) | LIS3DH budget accel ($3) | Velostat pressure sheets ($5) | LIS2DW12 nanoamp accelerometer ($6.0) | BMI270 wearable IMU ($8) | MPU-9250 9-axis (legacy) ($8) | BMI323 6-axis IMU ($8.0) | LSM6DSOX ML-core IMU ($10) | BMA400 ultra-low-power accelerometer ($13.0) | ICM-20948 9-axis IMU ($15) | Weight-in-motion: piezo cable ($15) | LSM6DSV16X IMU with on-chip fusion ($20.0) | BNO086 high-perf fusion IMU ($22)
stress-arousal,Body & health,Is this person's arousal or stress rising?,12,,CORE,Pulse sensor (PPG classic) ($5),OpenBCI Cyton 8-channel biosensing board,— none,EDA done properly - constant-voltage skin conductance ($8),Pulse sensor (PPG classic) ($5) | MAX30102 pulse oximeter ($6) | EDA done properly - constant-voltage skin conductance ($8.0) | AD8232 ECG front-end ($10) | GSR / EDA sensor ($10) | MAX86150 ECG+PPG combo ($23) | BioAmp EXG Pill ($25) | MyoWare 2.0 EMG ($40) | ADS1299 8-channel EEG front end ($45.0) | AD5941 bioimpedance / EIS analyser ($95.0) | MAXM86161 reflective PPG module ($120.0) | OpenBCI Cyton 8-channel biosensing board ($499.0)
tremor-present,Body & health,"Is there a tremor, and at what frequency?",11,,FOUNDATION,MPU-6050 6-axis IMU ($2),Time-of-flight gesture radar 60GHz,Time-of-flight gesture radar 60GHz ($110),MPU-6050 6-axis IMU ($2),MPU-6050 6-axis IMU ($2) | BMI270 wearable IMU ($8) | MPU-9250 9-axis (legacy) ($8) | LSM6DSOX ML-core IMU ($10) | L3GD20H gyro-only 3-axis ($20.0) | BNO086 high-perf fusion IMU ($22) | BNO055 fusion IMU ($25) | BioAmp EXG Pill ($25) | MyoWare 2.0 EMG ($40) | Bend Labs digital flex (1-axis) ($70) | Time-of-flight gesture radar 60GHz ($110)
sleep-stage-proxy,Body & health,"What sleep stage is this, roughly?",11,,CORE,Thermistor airflow (nasal) kit ($3),OpenBCI Cyton 8-channel biosensing board,DFRobot Gravity mmWave presence radar ($22),Velostat pressure sheets ($5),Thermistor airflow (nasal) kit ($3) | Velostat pressure sheets ($5) | MAX30102 pulse oximeter ($6) | BMI270 wearable IMU ($8) | EDA done properly - constant-voltage skin conductance ($8.0) | GSR / EDA sensor ($10) | DFRobot Gravity mmWave presence radar ($22) | Seeed MR60BHA2 vital-sign radar ($25) | MAX30001 ECG + bioimpedance AFE ($45.0) | ADS1299 8-channel EEG front end ($45.0) | OpenBCI Cyton 8-channel biosensing board ($499.0)
heart-variability,Body & health,How stressed or recovered is this body?,10,,CORE,Pulse sensor (PPG classic) ($5),ADS1298 8-channel clinical ECG front end,— none,AFE4490 transmissive pulse-oximetry front end ($55),Pulse sensor (PPG classic) ($5) | MAX30102 pulse oximeter ($6) | AD8232 ECG front-end ($10) | MAX86150 ECG+PPG combo ($23) | BioAmp EXG Pill ($25) | MAX30001 ECG + bioimpedance AFE ($45.0) | AFE4490 transmissive pulse-oximetry front end ($55.0) | ADS1292R 2-channel ECG + respiration front end ($70.0) | MAXM86161 reflective PPG module ($120.0) | ADS1298 8-channel clinical ECG front end ($160.0)
joint-angle,Body & health,"What angle is this joint at, through its range?",10,,BROAD,"Flex sensor 2.2"" ($8)",Capacitive stretch sensor,AS5048A 14-bit angle ($12),"Flex sensor 2.2"" ($8)","Flex sensor 2.2"" ($8) | Conductive rubber stretch cord ($10) | AS5048A 14-bit angle ($12) | ICM-20948 9-axis IMU ($15) | Draw-wire (string pot) sensor ($15) | BNO086 high-perf fusion IMU ($22) | BNO055 fusion IMU ($25) | MyoWare 2.0 EMG ($40) | Bend Labs digital flex (1-axis) ($70) | Capacitive stretch sensor ($90.0)"
muscle-effort,Body & health,"Which muscle is working, and how hard?",7,,BROAD,FSR402 force resistor ($7),OpenBCI Cyton 8-channel biosensing board,— none,FSR402 force resistor ($7),FSR402 force resistor ($7) | Conductive fabric and tape electrodes ($12.0) | BioAmp EXG Pill ($25) | MyoWare 2.0 EMG ($40) | ADS1299 8-channel EEG front end ($45.0) | ADS1298 8-channel clinical ECG front end ($160.0) | OpenBCI Cyton 8-channel biosensing board ($499.0)
breathing-stopped,Body & health,Has breathing become irregular or stopped?,6,,BROAD,Thermistor airflow (nasal) kit ($3),Ferroelectret bed sensor (ballistocardiography),Seeed MR60BHA2 vital-sign radar ($25),Conductive rubber stretch cord ($10),Thermistor airflow (nasal) kit ($3) | Conductive rubber stretch cord ($10) | Seeed MR60BHA2 vital-sign radar ($25) | MAX30001 ECG + bioimpedance AFE ($45.0) | ADS1292R 2-channel ECG + respiration front end ($70.0) | Ferroelectret bed sensor (ballistocardiography) ($130.0)
body-temp-trend,Body & health,"Is body temperature drifting — fever, ovulation, heat stress?",6,,BROAD,MLX90614 IR thermometer ($8),MLX90614 forehead mode,MLX90614 IR thermometer ($8),MLX90614 IR thermometer ($8),MLX90614 IR thermometer ($8) | MAX30205 clinical body temp ($9) | MAX30208 clinical-accuracy skin temperature ($10.0) | TMP117 ultra-precise temp ($11) | MLX90632 miniature IR temp ($14) | MLX90614 forehead mode ($25)
blood-oxygen,Body & health,What is the blood oxygen saturation?,4,,CORE,MAX30102 pulse oximeter ($6),MAXM86161 reflective PPG module,— none,AFE4490 transmissive pulse-oximetry front end ($55),MAX30102 pulse oximeter ($6) | MAX86150 ECG+PPG combo ($23) | AFE4490 transmissive pulse-oximetry front end ($55.0) | MAXM86161 reflective PPG module ($120.0)
blink-or-eye-move,Body & health,Did they blink or move their eyes?,3,rare,COMPLETE,BioAmp EXG Pill ($25),OpenBCI Cyton 8-channel biosensing board,— none,— none,BioAmp EXG Pill ($25) | ADS1299 8-channel EEG front end ($45.0) | OpenBCI Cyton 8-channel biosensing board ($499.0)
hydration-proxy,Body & health,Are they likely dehydrated?,2,rare,COMPLETE,GSR / EDA sensor ($10),AD5941 bioimpedance / EIS analyser,— none,AD5941 bioimpedance / EIS analyser ($95),GSR / EDA sensor ($10) | AD5941 bioimpedance / EIS analyser ($95.0)
device-left-on,Energy,Did someone leave it switched on?,30,,FOUNDATION,Photoresistor (LDR) ($0.2),Eastron SDM120-Modbus DIN energy meter,Photoresistor (LDR) ($0.2),Photoresistor (LDR) ($0.2),Photoresistor (LDR) ($0.2) | BL0940 calibration-free mains metering IC ($1.5) | IR flame detector (flicker) ($2) | BH1750 lux sensor ($2.5) | INA219 current/power monitor ($2.5) | INMP441 I2S MEMS mic ($3) | ACS712 Hall current ($3) | ZMPT101B voltage sensor ($3) | MAX44009 ultra-low-power lux ($3) | ALS-PT19 ambient light phototransistor ($3.0) | ADE7953 dual-channel single-phase energy meter ($3.5) | GUVA-S12SD UV analog ($4) | TSL2561 lux sensor ($4) | INA3221 triple-channel power ($4) | MCP9808 precision temp ($5) | VEML7700 high-accuracy lux ($5) | LTR-390 UV + ambient ($5) | INA226/INA228 precision power ($6) | VEML6030 ambient light sensor ($6.0) | TSL2591 high dynamic lux ($7) | MAX9814 AGC mic amp ($7) | SPH0645 I2S mic ($7) | HLK-LD2412 24GHz presence radar ($7.0) | SI1145 UV/IR/visible ($8) | OPT3001 photometric lux sensor ($8.0) | SCT-013 CT clamp ($10) | PZEM-004T AC power module ($11) | EMF / RF field probes ($12) | AS7331 spectral UV ($27.5) | Eastron SDM120-Modbus DIN energy meter ($38.0)
power-now,Energy,How much power is being used right now?,18,,FOUNDATION,BL0940 calibration-free mains metering IC ($1.5),LEM IT 60-S ULTRASTAB fluxgate current transducer,ACS712 Hall current ($3),BL0940 calibration-free mains metering IC ($1.5),BL0940 calibration-free mains metering IC ($1.5) | INA219 current/power monitor ($2.5) | ACS712 Hall current ($3) | ZMPT101B voltage sensor ($3) | MAX471 / shunt + ADS1115 ($3) | ADS1115 16-bit ADC (the analog fixer) ($3) | ADE7953 dual-channel single-phase energy meter ($3.5) | INA3221 triple-channel power ($4) | INA700 power monitor with on-die shunt ($4.0) | ATM90E32AS polyphase energy metering AFE ($4.0) | AMC1311 reinforced isolated voltage-sense amplifier ($5.0) | INA226/INA228 precision power ($6) | SCT-013 CT clamp ($10) | PZEM-004T AC power module ($11) | LEM LA 55-P closed-loop Hall current transducer ($35.0) | Eastron SDM120-Modbus DIN energy meter ($38.0) | Flexible Rogowski coil with integrator ($150.0) | LEM IT 60-S ULTRASTAB fluxgate current transducer ($900.0)
which-appliance,Energy,Which appliance just turned on?,16,,FOUNDATION,BL0940 calibration-free mains metering IC ($1.5),Eastron SDM120-Modbus DIN energy meter,INMP441 I2S MEMS mic ($3),BL0940 calibration-free mains metering IC ($1.5),BL0940 calibration-free mains metering IC ($1.5) | INA219 current/power monitor ($2.5) | INMP441 I2S MEMS mic ($3) | ADE7953 dual-channel single-phase energy meter ($3.5) | INA3221 triple-channel power ($4) | ATM90E32AS polyphase energy metering AFE ($4.0) | ICS-43434 I2S mic ($5) | YF-S201 flow sensor ($5) | MAX9814 AGC mic amp ($7) | SPH0645 I2S mic ($7) | SCT-013 CT clamp ($10) | DS18B20 water temp + flow combo ($10) | PZEM-004T AC power module ($11) | AS7343 14-channel spectral sensor ($19.95) | RTL-SDR receiver ($30.0) | Eastron SDM120-Modbus DIN energy meter ($38.0)
energy-budget-node,Energy,Will this node survive on its battery until spring?,11,,FOUNDATION,INA219 current/power monitor ($2.5),Pyranometer (solar irradiance),MAX44009 ultra-low-power lux ($3),INA219 current/power monitor ($2.5),INA219 current/power monitor ($2.5) | MAX44009 ultra-low-power lux ($3) | SHTC3 tiny low-power RH/T ($4) | INA3221 triple-channel power ($4) | MAX17260 ModelGauge m5 fuel gauge ($4.0) | INA700 power monitor with on-die shunt ($4.0) | INA226/INA228 precision power ($6) | MAX17048 ModelGauge fuel gauge ($6.0) | LC709203F fuel gauge (end of life) ($8.0) | BQ27441-G1 Impedance Track fuel gauge ($18.0) | Pyranometer (solar irradiance) ($60)
battery-charge,Energy,How much charge is left?,10,,FOUNDATION,INA219 current/power monitor ($2.5),BQ27441-G1 Impedance Track fuel gauge,— none,INA219 current/power monitor ($2.5),INA219 current/power monitor ($2.5) | MAX471 / shunt + ADS1115 ($3) | ADS1115 16-bit ADC (the analog fixer) ($3) | INA3221 triple-channel power ($4) | MAX17260 ModelGauge m5 fuel gauge ($4.0) | INA700 power monitor with on-die shunt ($4.0) | INA226/INA228 precision power ($6) | MAX17048 ModelGauge fuel gauge ($6.0) | LC709203F fuel gauge (end of life) ($8.0) | BQ27441-G1 Impedance Track fuel gauge ($18.0)
solar-performance,Energy,Is the solar array performing as it should?,9,,FOUNDATION,INA219 current/power monitor ($2.5),Apogee SQ-500 full-spectrum quantum (PAR) sensor,Pyranometer (solar irradiance) ($60),INA219 current/power monitor ($2.5),INA219 current/power monitor ($2.5) | ADE7953 dual-channel single-phase energy meter ($3.5) | INA3221 triple-channel power ($4) | ATM90E32AS polyphase energy metering AFE ($4.0) | INA226/INA228 precision power ($6) | DS18B20 water temp + flow combo ($10) | Inclinometer SCL3300 ($35) | Pyranometer (solar irradiance) ($60) | Apogee SQ-500 full-spectrum quantum (PAR) sensor ($400.0)
phantom-load,Energy,What is draining power while doing nothing?,8,,FOUNDATION,BL0940 calibration-free mains metering IC ($1.5),ATM90E32AS polyphase energy metering AFE,SCT-013 CT clamp ($10),BL0940 calibration-free mains metering IC ($1.5),BL0940 calibration-free mains metering IC ($1.5) | INA219 current/power monitor ($2.5) | ADE7953 dual-channel single-phase energy meter ($3.5) | INA3221 triple-channel power ($4) | INA700 power monitor with on-die shunt ($4.0) | ATM90E32AS polyphase energy metering AFE ($4.0) | SCT-013 CT clamp ($10) | PZEM-004T AC power module ($11)
energy-cost,Energy,What did that actually cost to run?,7,,CORE,BL0940 calibration-free mains metering IC ($1.5),Eastron SDM120-Modbus DIN energy meter,— none,BL0940 calibration-free mains metering IC ($1.5),BL0940 calibration-free mains metering IC ($1.5) | ADE7953 dual-channel single-phase energy meter ($3.5) | ATM90E32AS polyphase energy metering AFE ($4.0) | INA226/INA228 precision power ($6) | DS18B20 water temp + flow combo ($10) | PZEM-004T AC power module ($11) | Eastron SDM120-Modbus DIN energy meter ($38.0)
battery-health,Energy,Is this battery degrading?,5,,FOUNDATION,INA219 current/power monitor ($2.5),BQ27441-G1 Impedance Track fuel gauge,MQ-8 hydrogen sensor ($4),INA219 current/power monitor ($2.5),INA219 current/power monitor ($2.5) | MQ-8 hydrogen sensor ($4) | INA3221 triple-channel power ($4) | MAX17260 ModelGauge m5 fuel gauge ($4.0) | BQ27441-G1 Impedance Track fuel gauge ($18.0)
power-quality,Energy,Is the supply voltage clean and stable?,5,,BROAD,ZMPT101B voltage sensor ($3),Eastron SDM120-Modbus DIN energy meter,— none,ZMPT101B voltage sensor ($3),ZMPT101B voltage sensor ($3) | ATM90E32AS polyphase energy metering AFE ($4.0) | AMC1311 reinforced isolated voltage-sense amplifier ($5.0) | PZEM-004T AC power module ($11) | Eastron SDM120-Modbus DIN energy meter ($38.0)
someone-present,Human presence,Is anyone here?,97,,FOUNDATION,ESP32 native touch pins ($0),Type 4 safety light curtain,TTP223 single touch ($0.5),NTC thermistor 10k ($0.3),ESP32 native touch pins ($0) | Wi-Fi CSI sensing (the router IS the sensor) ($0) | ESP32 internal sensors (free!) ($0) | NTC thermistor 10k ($0.3) | Piezo contact mic / disc ($0.5) | TTP223 single touch ($0.5) | KY-037/038 sound modules ($1) | RCWL-0516 doppler radar ($1.2) | HC-SR04 ultrasonic ($1.5) | HC-SR501 PIR motion ($1.5) | AM312 mini PIR ($2) | INMP441 I2S MEMS mic ($3) | MAX44009 ultra-low-power lux ($3) | ALS-PT19 ambient light phototransistor ($3.0) | PDM MEMS microphone ($3.0) | SI4432/CC1101 sub-GHz sniffer ($4) | SHTC3 tiny low-power RH/T ($4) | TSL2561 lux sensor ($4) | US-100 ultrasonic w/ temp comp ($4) | AGS02MA TVOC budget ($4) | VL53L0X ToF laser ($5) | LD2410 mmWave presence ($5) | ICS-43434 I2S mic ($5) | HX711 + load cell ($5) | Velostat pressure sheets ($5) | Pulse sensor (PPG classic) ($5) | YF-S201 flow sensor ($5) | APDS-9960 gesture/color/prox ($6) | MPR121 12-pad cap touch ($6) | MAX30102 pulse oximeter ($6) | VCNL4040 proximity + lux ($6) | MAX4466 adjustable mic amp ($6) | VEML6030 ambient light sensor ($6.0) | Azoteq IQS7211 / IQS263 proximity + touch ($6.0) | MAX9814 AGC mic amp ($7) | SPH0645 I2S mic ($7) | FSR402 force resistor ($7) | HLK-LD2412 24GHz presence radar ($7.0) | MLX90614 IR thermometer ($8) | Sharp GP2Y0A21 IR distance ($8) | VL6180X short-range ToF ($8) | OV2640 camera (ESP32-CAM) ($8) | SI1145 UV/IR/visible ($8) | Conductive thread + fabric pads ($8) | Bat/dolphin: 40kHz ranging array ($8) | nRF52 BLE beacon tag ($8.0) | CAP1188 8-channel capacitive touch ($8.0) | ENS160 air quality ($9) | Capacitive liquid/force FDC1004 ($9) | MAX30205 clinical body temp ($9) | LD1125H 24GHz respiration radar ($9) | RD-03D 24GHz multi-target tracking radar ($9.0) | SGP30 eCO2/TVOC (legacy) ($10) | AD8232 ECG front-end ($10) | GSR / EDA sensor ($10) | Person Sensor (Useful Sensors) ($10) | VL53L1X long-range ToF ($12) | LD2450 multi-target tracking radar ($12) | Scale-hacking: NAU7802 ($12) | Panasonic EKMC PIR (quality) ($12) | Conductive fabric and tape electrodes ($12.0) | MLX90632 miniature IR temp ($14) | Weight-in-motion: piezo cable ($15) | Atmospheric electricity (field mill lite) ($15) | FDC2214 capacitive proximity front-end ($15.0) | EeonTex piezoresistive fabric ($15.0) | MEMS ultrasonic ToF (Chirp) ($15.0) | Grove Vision AI v2 ($16) | MH-Z19C budget NDIR CO2 ($18) | VL53L5CX 8x8 ToF array ($20) | Trill flexible touch sliders ($20) | Fingerprint reader R503 ($20) | DFRobot Gravity mmWave presence radar ($22) | SCD41 true CO2 ($25) | SenseAir S8 CO2 ($25) | Seeed MR60BHA2 vital-sign radar ($25) | MLX90614 forehead mode ($25) | Button / pancake load cell ($25.0) | Tactile pressure array ($25.0) | Geophone SM-24 ($30) | Cubic CM1107N dual-beam CO2 ($30.0) | ID809 capacitive fingerprint module ($32.0) | Grid-EYE AMG8833 thermal array ($35) | DFRobot dB meter ($37) | ADXL355 low-noise accel ($38) | SCD30 NDIR CO2 ($40) | RPLIDAR / LD19 scanning LiDAR ($40) | MLX90640 thermal camera ($45) | HuskyLens AI camera ($45) | D6T thermal presence ($55) | MLX90641 thermal (16x12) ($60) | MLX90621 16x4 fast thermal array ($60.0) | SenseAir K30 NDIR CO2 ($95.0) | Time-of-flight gesture radar 60GHz ($110) | FLIR Lepton 3.5 ($240) | InfiRay P2 Pro USB-C thermal camera ($270.0) | Type 4 safety light curtain ($800.0)
crossed-boundary,Human presence,Did something cross this line?,38,,FOUNDATION,Photoresistor (LDR) ($0.2),Type 4 safety light curtain,Photoresistor (LDR) ($0.2),Photoresistor (LDR) ($0.2),Photoresistor (LDR) ($0.2) | Through-beam slot / photo-interrupter ($1) | TSOP38238 38kHz IR receiver ($1.0) | BPW34 PIN photodiode ($1.0) | RCWL-0516 doppler radar ($1.2) | HC-SR04 ultrasonic ($1.5) | HC-SR501 PIR motion ($1.5) | AM312 mini PIR ($2) | Photoelectric beam sensor E18-D80NK ($3) | US-100 ultrasonic w/ temp comp ($4) | VL53L0X ToF laser ($5) | Velostat pressure sheets ($5) | APDS-9960 gesture/color/prox ($6) | VCNL4040 proximity + lux ($6) | Sharp GP2Y0A21 IR distance ($8) | NEO-6M GPS ($8) | Bat/dolphin: 40kHz ranging array ($8) | Ground vibration fence: fiber + photodiode ($10) | VL53L1X long-range ToF ($12) | LD2450 multi-target tracking radar ($12) | Panasonic EKMC PIR (quality) ($12) | VL53L4CD short-range precision ToF ($12.0) | Weight-in-motion: piezo cable ($15) | VL53L4CX multi-target ToF ($15.0) | Grove Vision AI v2 ($16) | u-blox M10 GNSS ($20) | TF-Luna LiDAR ($25) | Geophone SM-24 ($30) | ADXL355 low-noise accel ($38) | RPLIDAR / LD19 scanning LiDAR ($40) | HuskyLens AI camera ($45) | MLX90621 16x4 fast thermal array ($60.0) | Snow/level laser (outdoor ToF) ($70) | Retro-reflective photoelectric sensor ($70.0) | Through-beam photoelectric pair ($95.0) | MaxBotix MB7389 weather LV ($110) | M6E-Nano UHF RAIN RFID reader ($275.0) | Type 4 safety light curtain ($800.0)
occupancy-duration,Human presence,How long has this desk/room/seat been in use?,33,,FOUNDATION,HC-SR501 PIR motion ($1.5),Omron D6T-32L 1024-pixel thermopile array,HC-SR501 PIR motion ($1.5),HC-SR501 PIR motion ($1.5),HC-SR501 PIR motion ($1.5) | AM312 mini PIR ($2) | RC522 RFID reader ($2) | TSL2561 lux sensor ($4) | LD2410 mmWave presence ($5) | HX711 + load cell ($5) | Velostat pressure sheets ($5) | PN532 NFC controller ($6) | FSR402 force resistor ($7) | HLK-LD2412 24GHz presence radar ($7.0) | nRF52 BLE beacon tag ($8.0) | OPT3001 photometric lux sensor ($8.0) | LD1125H 24GHz respiration radar ($9) | RD-03D 24GHz multi-target tracking radar ($9.0) | Person Sensor (Useful Sensors) ($10) | TMP117 ultra-precise temp ($11) | VL53L1X long-range ToF ($12) | LD2450 multi-target tracking radar ($12) | Scale-hacking: NAU7802 ($12) | Panasonic EKMC PIR (quality) ($12) | MH-Z19C budget NDIR CO2 ($18) | Fingerprint reader R503 ($20) | DFRobot Gravity mmWave presence radar ($22) | DWM1001C UWB module with ready-made RTLS firmware ($22.0) | SCD41 true CO2 ($25) | SenseAir S8 CO2 ($25) | Seeed MR60BHA2 vital-sign radar ($25) | DFRobot dB meter ($37) | SCD30 NDIR CO2 ($40) | D6T thermal presence ($55) | Telaire T6713 I2C CO2 ($80.0) | ANT-B10 Bluetooth angle-of-arrival anchor ($90.0) | Omron D6T-32L 1024-pixel thermopile array ($200.0)
how-many-people,Human presence,How many people are in this space?,32,,FOUNDATION,Wi-Fi CSI sensing (the router IS the sensor) ($0),Heimann HTPA80x64d thermopile array,RD-03D 24GHz multi-target tracking radar ($9),RD-03D 24GHz multi-target tracking radar ($9),Wi-Fi CSI sensing (the router IS the sensor) ($0) | RD-03D 24GHz multi-target tracking radar ($9.0) | Person Sensor (Useful Sensors) ($10) | VL53L1X long-range ToF ($12) | LD2450 multi-target tracking radar ($12) | VL53L4CX multi-target ToF ($15.0) | Grove Vision AI v2 ($16) | MH-Z19C budget NDIR CO2 ($18) | VL53L5CX 8x8 ToF array ($20) | SCD41 true CO2 ($25) | SenseAir S8 CO2 ($25) | VL53L8CX 8x8 depth zone array ($25.0) | Cubic CM1107N dual-beam CO2 ($30.0) | Grid-EYE AMG8833 thermal array ($35) | HLK-LD6001A 60GHz fall-detection radar ($35.0) | SCD30 NDIR CO2 ($40) | RPLIDAR / LD19 scanning LiDAR ($40) | MLX90640 thermal camera ($45) | HuskyLens AI camera ($45) | D6T thermal presence ($55) | MLX90641 thermal (16x12) ($60) | SEN66 six-in-one air module ($70.0) | Telaire T6713 I2C CO2 ($80.0) | SenseAir K30 NDIR CO2 ($95.0) | SenXor MI0801 CMOS thermal imager ($95.0) | RPLIDAR A1 360 degree triangulation LiDAR ($99.0) | Time-of-flight gesture radar 60GHz ($110) | Heimann HTPA32x32d thermopile array ($140.0) | FLIR Lepton 3.1R radiometric thermal module ($180.0) | Omron D6T-32L 1024-pixel thermopile array ($200.0) | FLIR Lepton 3.5 ($240) | Heimann HTPA80x64d thermopile array ($350.0)
where-in-room,Human presence,Whereabouts in the room are they?,27,,CORE,LD2410 mmWave presence ($5),Livox Mid-360 3D LiDAR,LD2410 mmWave presence ($5),LD2410 mmWave presence ($5),LD2410 mmWave presence ($5) | Velostat pressure sheets ($5) | Wi-Fi and magnetic fingerprint positioning ($5.0) | MMC5603 precision magnetometer ($6) | SPH0645 I2S mic ($7) | Bat/dolphin: 40kHz ranging array ($8) | nRF52 BLE beacon tag ($8.0) | LD1125H 24GHz respiration radar ($9) | RD-03D 24GHz multi-target tracking radar ($9.0) | Person Sensor (Useful Sensors) ($10) | LD2450 multi-target tracking radar ($12) | VL53L5CX 8x8 ToF array ($20) | DFRobot Gravity mmWave presence radar ($22) | DWM1001C UWB module with ready-made RTLS firmware ($22.0) | VL53L8CX 8x8 depth zone array ($25.0) | Grid-EYE AMG8833 thermal array ($35) | HLK-LD6001A 60GHz fall-detection radar ($35.0) | RPLIDAR / LD19 scanning LiDAR ($40) | DW1000 UWB two-way ranging radio ($40.0) | DW3000 UWB ranging radio (FiRa generation) ($48.0) | ANT-B10 Bluetooth angle-of-arrival anchor ($90.0) | RPLIDAR A1 360 degree triangulation LiDAR ($99.0) | Time-of-flight gesture radar 60GHz ($110) | Heimann HTPA32x32d thermopile array ($140.0) | Omron D6T-32L 1024-pixel thermopile array ($200.0) | Heimann HTPA80x64d thermopile array ($350.0) | Livox Mid-360 3D LiDAR ($749.0)
entered-or-left,Human presence,"Did they come in, or go out?",24,,FOUNDATION,Reed switch ($0.5),ANT-B10 Bluetooth angle-of-arrival anchor,Reed switch ($0.5),Reed switch ($0.5),Reed switch ($0.5) | TSOP38238 38kHz IR receiver ($1.0) | RC522 RFID reader ($2) | 125kHz RDM6300 RFID ($3) | PN532 NFC controller ($6) | nRF52 BLE beacon tag ($8.0) | LD1125H 24GHz respiration radar ($9) | RD-03D 24GHz multi-target tracking radar ($9.0) | Person Sensor (Useful Sensors) ($10) | VL53L1X long-range ToF ($12) | LD2450 multi-target tracking radar ($12) | Panasonic EKMC PIR (quality) ($12) | Weight-in-motion: piezo cable ($15) | VL53L4CX multi-target ToF ($15.0) | Grove Vision AI v2 ($16) | VL53L5CX 8x8 ToF array ($20) | Fingerprint reader R503 ($20) | Wiegand-26 access control reader ($20.0) | DFRobot Gravity mmWave presence radar ($22) | VL53L8CX 8x8 depth zone array ($25.0) | Grid-EYE AMG8833 thermal array ($35) | 134.2kHz FDX-B animal microchip reader ($35.0) | HuskyLens AI camera ($45) | ANT-B10 Bluetooth angle-of-arrival anchor ($90.0)
person-fell,Human presence,Did someone fall?,18,,FOUNDATION,Wi-Fi CSI sensing (the router IS the sensor) ($0),Heimann HTPA80x64d thermopile array,VL53L5CX 8x8 ToF array ($20),Velostat pressure sheets ($5),Wi-Fi CSI sensing (the router IS the sensor) ($0) | Velostat pressure sheets ($5) | KX132 low-power accel ($6) | LIS2DW12 nanoamp accelerometer ($6.0) | BMI270 wearable IMU ($8) | High-g accel ADXL375 ($18) | VL53L5CX 8x8 ToF array ($20) | DFRobot Gravity mmWave presence radar ($22) | Seeed MR60BHA2 vital-sign radar ($25) | VL53L8CX 8x8 depth zone array ($25.0) | Grid-EYE AMG8833 thermal array ($35) | HLK-LD6001A 60GHz fall-detection radar ($35.0) | MLX90640 thermal camera ($45) | SenXor MI0801 CMOS thermal imager ($95.0) | Time-of-flight gesture radar 60GHz ($110) | Omron D6T-32L 1024-pixel thermopile array ($200.0) | FLIR Lepton 3.5 ($240) | Heimann HTPA80x64d thermopile array ($350.0)
who-is-it,Human presence,Which specific person is this?,14,,FOUNDATION,ESP32 internal sensors (free!) ($0),ANT-B10 Bluetooth angle-of-arrival anchor,nRF52 BLE beacon tag ($8),ESP32 internal sensors (free!) ($0),ESP32 internal sensors (free!) ($0) | RC522 RFID reader ($2) | 125kHz RDM6300 RFID ($3) | PN532 NFC controller ($6) | nRF52 BLE beacon tag ($8.0) | Person Sensor (Useful Sensors) ($10) | PN5180 long-range NFC / ISO15693 reader ($12.0) | Fingerprint reader R503 ($20) | Wiegand-26 access control reader ($20.0) | ID809 capacitive fingerprint module ($32.0) | 134.2kHz FDX-B animal microchip reader ($35.0) | HuskyLens AI camera ($45) | DW3000 UWB ranging radio (FiRa generation) ($48.0) | ANT-B10 Bluetooth angle-of-arrival anchor ($90.0)
someone-still-present,Human presence,"Is someone still here, sitting perfectly still?",12,,CORE,LD2410 mmWave presence ($5),Omron D6T-32L 1024-pixel thermopile array,LD2410 mmWave presence ($5),LD2410 mmWave presence ($5),LD2410 mmWave presence ($5) | HLK-LD2412 24GHz presence radar ($7.0) | LD1125H 24GHz respiration radar ($9) | DFRobot Gravity mmWave presence radar ($22) | Seeed MR60BHA2 vital-sign radar ($25) | Grid-EYE AMG8833 thermal array ($35) | HLK-LD6001A 60GHz fall-detection radar ($35.0) | Acconeer XM125 pulsed coherent radar ($70.0) | SenXor MI0801 CMOS thermal imager ($95.0) | Time-of-flight gesture radar 60GHz ($110) | Heimann HTPA32x32d thermopile array ($140.0) | Omron D6T-32L 1024-pixel thermopile array ($200.0)
no-movement-alarm,Human presence,Has nobody moved for worryingly long?,12,,CORE,HC-SR501 PIR motion ($1.5),Ferroelectret bed sensor (ballistocardiography),HC-SR501 PIR motion ($1.5),HC-SR501 PIR motion ($1.5),HC-SR501 PIR motion ($1.5) | AM312 mini PIR ($2) | LD2410 mmWave presence ($5) | Velostat pressure sheets ($5) | HLK-LD2412 24GHz presence radar ($7.0) | LD1125H 24GHz respiration radar ($9) | Panasonic EKMC PIR (quality) ($12) | DFRobot Gravity mmWave presence radar ($22) | Seeed MR60BHA2 vital-sign radar ($25) | HLK-LD6001A 60GHz fall-detection radar ($35.0) | D6T thermal presence ($55) | Ferroelectret bed sensor (ballistocardiography) ($130.0)
person-asleep,Human presence,"Are they asleep, and how well?",9,,CORE,INMP441 I2S MEMS mic ($3),Ferroelectret bed sensor (ballistocardiography),INMP441 I2S MEMS mic ($3),VEML7700 high-accuracy lux ($5),INMP441 I2S MEMS mic ($3) | VEML7700 high-accuracy lux ($5) | LD2410 mmWave presence ($5) | ICS-43434 I2S mic ($5) | AD8232 ECG front-end ($10) | MAX30208 clinical-accuracy skin temperature ($10.0) | DFRobot Gravity mmWave presence radar ($22) | Seeed MR60BHA2 vital-sign radar ($25) | Ferroelectret bed sensor (ballistocardiography) ($130.0)
routine-broken,Human presence,Has this person's daily routine changed?,7,,CORE,HC-SR501 PIR motion ($1.5),RD200 radon sensor,HC-SR501 PIR motion ($1.5),HC-SR501 PIR motion ($1.5),HC-SR501 PIR motion ($1.5) | LD2410 mmWave presence ($5) | YF-S201 flow sensor ($5) | LD1125H 24GHz respiration radar ($9) | Panasonic EKMC PIR (quality) ($12) | DFRobot Gravity mmWave presence radar ($22) | RD200 radon sensor ($180)
queue-length,Human presence,"How many are waiting, and for how long?",5,,COMPLETE,RD-03D 24GHz multi-target tracking radar ($9),Weight-in-motion: piezo cable,RD-03D 24GHz multi-target tracking radar ($9),RD-03D 24GHz multi-target tracking radar ($9),RD-03D 24GHz multi-target tracking radar ($9.0) | LD2450 multi-target tracking radar ($12) | Weight-in-motion: piezo cable ($15) | Grove Vision AI v2 ($16) | DFRobot dB meter ($37)
are-they-looking,Human presence,Is someone actually looking at this?,2,rare,BROAD,Azoteq IQS7211 / IQS263 proximity + touch ($6),Azoteq IQS7211 / IQS263 proximity + touch,Azoteq IQS7211 / IQS263 proximity + touch ($6),Azoteq IQS7211 / IQS263 proximity + touch ($6),Azoteq IQS7211 / IQS263 proximity + touch ($6.0) | Person Sensor (Useful Sensors) ($10)
magnetic-anomaly,Invisible worlds,Is there ferrous metal or a field distortion here?,9,,FOUNDATION,QMC5883L compass ($2),Wi-Fi and magnetic fingerprint positioning,QMC5883L compass ($2),QMC5883L compass ($2),QMC5883L compass ($2) | Wi-Fi and magnetic fingerprint positioning ($5.0) | MMC5603 precision magnetometer ($6) | BMM350 TMR magnetometer ($7.0) | MLX90393 wide-range 3D mag ($8) | MPU-9250 9-axis (legacy) ($8) | LDC1612 inductive sensing ($9) | EMF / RF field probes ($12) | ICM-20948 9-axis IMU ($15)
hidden-wiring,Invisible worlds,Where is the wiring or metal inside this wall?,7,,FOUNDATION,QMC5883L compass ($2),LDC1612 inductive sensing,QMC5883L compass ($2),QMC5883L compass ($2),QMC5883L compass ($2) | MMC5603 precision magnetometer ($6) | BMM350 TMR magnetometer ($7.0) | MLX90393 wide-range 3D mag ($8) | Capacitive liquid/force FDC1004 ($9) | LDC1612 inductive sensing ($9) | EMF / RF field probes ($12)
through-wall-motion,Invisible worlds,Is something moving on the other side of that wall?,7,,FOUNDATION,Wi-Fi CSI sensing (the router IS the sensor) ($0),Acconeer XM125 pulsed coherent radar,RCWL-0516 doppler radar ($1.2),RCWL-0516 doppler radar ($1.2),Wi-Fi CSI sensing (the router IS the sensor) ($0) | RCWL-0516 doppler radar ($1.2) | LD2410 mmWave presence ($5) | HLK-LD2412 24GHz presence radar ($7.0) | LD1125H 24GHz respiration radar ($9) | DFRobot Gravity mmWave presence radar ($22) | Acconeer XM125 pulsed coherent radar ($70.0)
radiation-dose,Invisible worlds,How much radiation is here?,6,,CORE,BPW34 PIN photodiode ($1),Scintillating gamma spectrometer,BPW34 PIN photodiode ($1),BPW34 PIN photodiode ($1),BPW34 PIN photodiode ($1.0) | PIN photodiode radiation detector ($2.0) | Geiger counter kit ($25) | SiPM photodetector module ($60.0) | Muon detector (CosmicWatch) ($100) | Scintillating gamma spectrometer ($150)
rf-activity,Invisible worlds,"What is transmitting nearby, and how strongly?",6,,BROAD,SI4432/CC1101 sub-GHz sniffer ($4),10MHz GPSDO — GNSS-disciplined oscillator,SI4432/CC1101 sub-GHz sniffer ($4),SX1262 sub-GHz transceiver ($8),SI4432/CC1101 sub-GHz sniffer ($4) | SX1262 sub-GHz transceiver ($8.0) | EMF / RF field probes ($12) | AS3935 lightning detector ($20) | RTL-SDR receiver ($30.0) | 10MHz GPSDO — GNSS-disciplined oscillator ($130.0)
cosmic-flux,Invisible worlds,How many cosmic rays are passing through?,4,,BROAD,PIN photodiode radiation detector ($2),Muon detector (CosmicWatch),Geiger counter kit ($25),PIN photodiode radiation detector ($2),PIN photodiode radiation detector ($2.0) | Geiger counter kit ($25) | SiPM photodetector module ($60.0) | Muon detector (CosmicWatch) ($100)
which-isotope,Invisible worlds,Which radioactive isotope is this?,2,rare,COMPLETE,SiPM photodetector module ($60),Scintillating gamma spectrometer,— none,SiPM photodetector module ($60),SiPM photodetector module ($60.0) | Scintillating gamma spectrometer ($150)
ultrasonic-activity,Invisible worlds,What is making noise above human hearing?,2,rare,CORE,Ultrasonic mic experiments ($6),Acoustic emission (ultrasonic contact),Ultrasonic mic experiments ($6),Acoustic emission (ultrasonic contact) ($10),Ultrasonic mic experiments ($6) | Acoustic emission (ultrasonic contact) ($10)
atmospheric-charge,Invisible worlds,Is the atmosphere electrically charged?,1,SOLE ROUTE,COMPLETE,Atmospheric electricity (field mill lite) ($15),Atmospheric electricity (field mill lite),Atmospheric electricity (field mill lite) ($15),Atmospheric electricity (field mill lite) ($15),Atmospheric electricity (field mill lite) ($15)
drift-from-baseline,Machine health,Has this drifted from how it behaved when new?,88,,FOUNDATION,NTC thermistor 10k ($0.3),LEM IT 60-S ULTRASTAB fluxgate current transducer,BMP280 budget barometer ($1.5),NTC thermistor 10k ($0.3),"NTC thermistor 10k ($0.3) | Piezo contact mic / disc ($0.5) | SW-420 vibration switch ($1) | TMP36 analog temp ($1.5) | BMP280 budget barometer ($1.5) | Capacitive soil moisture v2 ($2) | AHT20 temp/humidity ($2) | RV4145A ground-fault / residual current detector ($2.0) | DS18B20 digital temp probe ($2.5) | ADXL345 accelerometer ($3) | LIS3DH budget accel ($3) | 801S vibration sensor ($3) | ADS1115 16-bit ADC (the analog fixer) ($3) | Capacitive rain/condensation plate ($3) | Strain gauge + amp ($4) | SI4432/CC1101 sub-GHz sniffer ($4) | MQ-8 hydrogen sensor ($4) | Si7021 humidity/temp ($4) | SHTC3 tiny low-power RH/T ($4) | INA3221 triple-channel power ($4) | MCP9808 precision temp ($5) | ICS-43434 I2S mic ($5) | HX711 + load cell ($5) | Frustration-free moisture: plant leaf clip ($5) | AMC1311 reinforced isolated voltage-sense amplifier ($5.0) | SHT41 humidity + temp ($6) | BME280 climate combo ($6) | KX132 low-power accel ($6) | OBD-II port as a sensor bus ($6.0) | HDC3022 humidity + temp ($7) | Nano33-style 1kg beam scale kit ($8) | EDA done properly - constant-voltage skin conductance ($8.0) | OPT4048 tristimulus color ($9) | MAX30205 clinical body temp ($9) | LSM6DSOX ML-core IMU ($10) | Chirp! plant sensor ($10) | Tire pressure TPMS receivers ($10) | Acoustic emission (ultrasonic contact) ($10) | MAX30208 clinical-accuracy skin temperature ($10.0) | TMP117 ultra-precise temp ($11) | XY-MD02 Modbus RTU temperature & humidity transmitter ($11.0) | EC / TDS sensor ($12) | EMF / RF field probes ($12) | Scale-hacking: NAU7802 ($12) | Oil/quality dielectric probe ($12) | ICM-45686 premium 6-axis IMU ($12.0) | Thermocouple multiplexer board ($13) | AS7341 11-channel spectral ($14) | MAX31855 thermocouple amp ($15) | MAX31865 RTD amplifier ($15) | Compost / hay temp lance ($15) | Atmospheric electricity (field mill lite) ($15) | High-g accel ADXL375 ($18) | BQ27441-G1 Impedance Track fuel gauge ($18.0) | ISM330DHCX industrial IMU ($20.0) | Geiger counter kit ($25) | 4-wire PT100 RTD probe with thermowell ($25.0) | FS3000 air velocity ($26) | AS7331 spectral UV ($27.5) | STC31 percent-level CO2 ($28.0) | Geophone SM-24 ($30) | Inclinometer SCL3300 ($35) | DFRobot dB meter ($37) | ADXL355 low-noise accel ($38) | Thermal flow: SDP + thermistor DIY ($40) | Watermark granular-matrix soil water sensor ($45) | IIS3DWB wideband vibration sensor ($45.0) | Scent delivery + e-nose loop ($60) | Oscillometric blood-pressure module (cuff, pump, valve) ($60.0) | High-range EC probe for salinity (K=10) ($70.0) | Point dendrometer (stem diameter) ($70.0) | Transit-time ultrasonic flow (clamp-on) ($85) | MPS flammable gas and refrigerant sensor ($85.0) | ADXL1002 wideband analog vibration sensor ($95.0) | Soil CO2 flux chamber (closed dynamic) ($95.0) | AD5941 bioimpedance / EIS analyser ($95.0) | Muon detector (CosmicWatch) ($100) | ORP (redox) probe ($110) | ADXL1005 ultra-wideband analog accelerometer ($110.0) | NEO-F10T dual-band GNSS timing receiver ($120.0) | 10MHz GPSDO — GNSS-disciplined oscillator ($130.0) | 4-20mA loop pressure transmitter ($150.0) | RD200 radon sensor ($180) | FLIR Lepton 3.1R radiometric thermal module ($180.0) | InfiRay P2 Pro USB-C thermal camera ($270.0) | METER TEROS 21 soil water potential ($290.0) | 352C33 IEPE piezoelectric accelerometer ($450.0) | LEM IT 60-S ULTRASTAB fluxgate current transducer ($900.0)"
machine-running,Machine health,Is it on?,60,,FOUNDATION,Photoresistor (LDR) ($0.2),Paddlewheel insertion flow sensor,Photoresistor (LDR) ($0.2),Photoresistor (LDR) ($0.2),Photoresistor (LDR) ($0.2) | NTC thermistor 10k ($0.3) | A3144 / SS49E Hall switches ($0.4) | Piezo contact mic / disc ($0.5) | SW-420 vibration switch ($1) | KY-037/038 sound modules ($1) | RCWL-0516 doppler radar ($1.2) | MPU-6050 6-axis IMU ($2) | IR flame detector (flicker) ($2) | DS18B20 digital temp probe ($2.5) | MQ-7 carbon monoxide ($2.5) | BH1750 lux sensor ($2.5) | INA219 current/power monitor ($2.5) | Inductive proximity switch M12/M18 ($2.5) | ADXL345 accelerometer ($3) | LIS3DH budget accel ($3) | INMP441 I2S MEMS mic ($3) | 801S vibration sensor ($3) | Piezo shock/knock element ($3) | ACS712 Hall current ($3) | MAX471 / shunt + ADS1115 ($3) | MAX44009 ultra-low-power lux ($3) | GUVA-S12SD UV analog ($4) | SI4432/CC1101 sub-GHz sniffer ($4) | TSL2561 lux sensor ($4) | INA3221 triple-channel power ($4) | INA700 power monitor with on-die shunt ($4.0) | MCP9808 precision temp ($5) | VEML7700 high-accuracy lux ($5) | LTR-390 UV + ambient ($5) | ICS-43434 I2S mic ($5) | INA226/INA228 precision power ($6) | KX132 low-power accel ($6) | MAX4466 adjustable mic amp ($6) | OBD-II port as a sensor bus ($6.0) | TSL2591 high dynamic lux ($7) | MAX9814 AGC mic amp ($7) | SPH0645 I2S mic ($7) | MLX90614 IR thermometer ($8) | BMI270 wearable IMU ($8) | MPU-9250 9-axis (legacy) ($8) | BMI323 6-axis IMU ($8.0) | LSM6DSOX ML-core IMU ($10) | SCT-013 CT clamp ($10) | DS18B20 water temp + flow combo ($10) | PZEM-004T AC power module ($11) | 600/1024PPR optical encoder ($12) | EMF / RF field probes ($12) | Paddle flow switch ($12.0) | BMA400 ultra-low-power accelerometer ($13.0) | MLX90632 miniature IR temp ($14) | FS3000 air velocity ($26) | AS7331 spectral UV ($27.5) | Geophone SM-24 ($30) | Grid-EYE AMG8833 thermal array ($35) | LEM LA 55-P closed-loop Hall current transducer ($35.0) | DFRobot dB meter ($37) | Thermal flow: SDP + thermistor DIY ($40) | Transit-time ultrasonic flow (clamp-on) ($85) | Paddlewheel insertion flow sensor ($320.0)
machine-state,Machine health,"Is it idle, loaded, or jammed?",54,,FOUNDATION,Piezo contact mic / disc ($0.5),Type 4 safety light curtain,KY-037/038 sound modules ($1),KY-037/038 sound modules ($1),Piezo contact mic / disc ($0.5) | KY-037/038 sound modules ($1) | BMP280 budget barometer ($1.5) | MPU-6050 6-axis IMU ($2) | INA219 current/power monitor ($2.5) | INMP441 I2S MEMS mic ($3) | 801S vibration sensor ($3) | ACS712 Hall current ($3) | PDM MEMS microphone ($3.0) | Strain gauge + amp ($4) | INA3221 triple-channel power ($4) | HX711 + load cell ($5) | XGZP6897D low-range diff pressure ($6) | TLV493D 3D magnetic ($6) | Ultrasonic mic experiments ($6) | KX132 low-power accel ($6) | MAX4466 adjustable mic amp ($6) | MLX90393 wide-range 3D mag ($8) | OV2640 camera (ESP32-CAM) ($8) | LDC1612 inductive sensing ($9) | LSM6DSOX ML-core IMU ($10) | SCT-013 CT clamp ($10) | Tire pressure TPMS receivers ($10) | Acoustic emission (ultrasonic contact) ($10) | Scale-hacking: NAU7802 ($12) | AS5048A 14-bit angle ($12) | ICM-45686 premium 6-axis IMU ($12.0) | Thermocouple multiplexer board ($13) | LSM6DSO32 high-range IMU ($13.0) | MAX31855 thermocouple amp ($15) | Draw-wire (string pot) sensor ($15) | Narrowband O2 sensor (HEGO) ($15) | Grove Vision AI v2 ($16) | High-g accel ADXL375 ($18) | ISM330DHCX industrial IMU ($20.0) | L3GD20H gyro-only 3-axis ($20.0) | 4-wire PT100 RTD probe with thermowell ($25.0) | PAA5100JE near-field optical flow ($25.0) | SDP810 differential pressure ($35) | Inclinometer SCL3300 ($35) | LEM LA 55-P closed-loop Hall current transducer ($35.0) | ADXL355 low-noise accel ($38) | MLX90640 thermal camera ($45) | Hydrophone ($45.0) | SCA3300 industrial inclinometer/accelerometer ($50.0) | MLX90641 thermal (16x12) ($60) | MLX90621 16x4 fast thermal array ($60.0) | ADXL1002 wideband analog vibration sensor ($95.0) | 4-20mA loop pressure transmitter ($150.0) | Flexible Rogowski coil with integrator ($150.0) | Rotary torque sensor ($180.0) | FLIR Lepton 3.5 ($240) | 352C33 IEPE piezoelectric accelerometer ($450.0) | Type 4 safety light curtain ($800.0)
cycle-complete,Machine health,Has the cycle finished?,40,,FOUNDATION,A3144 / SS49E Hall switches ($0.4),Type 4 safety light curtain,A3144 / SS49E Hall switches ($0.4),A3144 / SS49E Hall switches ($0.4),A3144 / SS49E Hall switches ($0.4) | Reed switch ($0.5) | Piezo contact mic / disc ($0.5) | SW-420 vibration switch ($1) | KY-037/038 sound modules ($1) | Through-beam slot / photo-interrupter ($1) | MPU-6050 6-axis IMU ($2) | MQ-3 alcohol sensor ($2.5) | INA219 current/power monitor ($2.5) | Inductive proximity switch M12/M18 ($2.5) | INMP441 I2S MEMS mic ($3) | 801S vibration sensor ($3) | Piezo shock/knock element ($3) | ACS712 Hall current ($3) | Strain gauge + amp ($4) | YF-S201 flow sensor ($5) | TLV493D 3D magnetic ($6) | KX132 low-power accel ($6) | MAX4466 adjustable mic amp ($6) | MAX9814 AGC mic amp ($7) | Nano33-style 1kg beam scale kit ($8) | LDC1612 inductive sensing ($9) | DS18B20 water temp + flow combo ($10) | Turbidity sensor ($12) | AS5048A 14-bit angle ($12) | Thermocouple multiplexer board ($13) | MAX31855 thermocouple amp ($15) | MAX31865 RTD amplifier ($15) | Compost / hay temp lance ($15) | Draw-wire (string pot) sensor ($15) | Grove Vision AI v2 ($16) | SCD41 true CO2 ($25) | FS3000 air velocity ($26) | SDP810 differential pressure ($35) | SCD30 NDIR CO2 ($40) | Thermal flow: SDP + thermistor DIY ($40) | Vibrating-fork level switch ($90.0) | ORP (redox) probe ($110) | Thermal microflow sensor for liquids ($150.0) | Type 4 safety light curtain ($800.0)
overheating,Machine health,Is something running hotter than it should?,33,,FOUNDATION,ESP32 internal sensors (free!) ($0),Heimann HTPA80x64d thermopile array,IR flame detector (flicker) ($2),NTC thermistor 10k ($0.3),ESP32 internal sensors (free!) ($0) | NTC thermistor 10k ($0.3) | TMP36 analog temp ($1.5) | BL0940 calibration-free mains metering IC ($1.5) | IR flame detector (flicker) ($2) | DS18B20 digital temp probe ($2.5) | MCP9808 precision temp ($5) | AMC1311 reinforced isolated voltage-sense amplifier ($5.0) | OBD-II port as a sensor bus ($6.0) | MLX90614 IR thermometer ($8) | MAX30205 clinical body temp ($9) | Tire pressure TPMS receivers ($10) | TMP117 ultra-precise temp ($11) | Thermocouple multiplexer board ($13) | MLX90632 miniature IR temp ($14) | MAX31855 thermocouple amp ($15) | MAX31865 RTD amplifier ($15) | Compost / hay temp lance ($15) | Narrowband O2 sensor (HEGO) ($15) | MLX90614 forehead mode ($25) | 4-wire PT100 RTD probe with thermowell ($25.0) | FS3000 air velocity ($26) | Grid-EYE AMG8833 thermal array ($35) | MLX90640 thermal camera ($45) | MLX90641 thermal (16x12) ($60) | MLX90621 16x4 fast thermal array ($60.0) | SenXor MI0801 CMOS thermal imager ($95.0) | Heimann HTPA32x32d thermopile array ($140.0) | FLIR Lepton 3.1R radiometric thermal module ($180.0) | Omron D6T-32L 1024-pixel thermopile array ($200.0) | FLIR Lepton 3.5 ($240) | InfiRay P2 Pro USB-C thermal camera ($270.0) | Heimann HTPA80x64d thermopile array ($350.0)
machine-duty-cycle,Machine health,How much is this machine actually used?,21,,FOUNDATION,Piezo contact mic / disc ($0.5),Electromagnetic (mag) flowmeter,ACS712 Hall current ($3),SW-420 vibration switch ($1),Piezo contact mic / disc ($0.5) | SW-420 vibration switch ($1) | BL0940 calibration-free mains metering IC ($1.5) | MPU-6050 6-axis IMU ($2) | INA219 current/power monitor ($2.5) | ADXL345 accelerometer ($3) | LIS3DH budget accel ($3) | 801S vibration sensor ($3) | ACS712 Hall current ($3) | OBD-II port as a sensor bus ($6.0) | LSM6DSOX ML-core IMU ($10) | PZEM-004T AC power module ($11) | 600/1024PPR optical encoder ($12) | Thermocouple multiplexer board ($13) | MAX31855 thermocouple amp ($15) | Weight-in-motion: piezo cable ($15) | ISM330DHCX industrial IMU ($20.0) | SDP810 differential pressure ($35) | DFRobot dB meter ($37) | Transit-time ultrasonic flow (clamp-on) ($85) | Electromagnetic (mag) flowmeter ($300.0)
bearing-failing,Machine health,Is a bearing starting to fail?,20,,FOUNDATION,Piezo contact mic / disc ($0.5),352C33 IEPE piezoelectric accelerometer,INMP441 I2S MEMS mic ($3),ADXL345 accelerometer ($3),Piezo contact mic / disc ($0.5) | ADXL345 accelerometer ($3) | INMP441 I2S MEMS mic ($3) | 801S vibration sensor ($3) | ACS712 Hall current ($3) | ICS-43434 I2S mic ($5) | Ultrasonic mic experiments ($6) | KX132 low-power accel ($6) | MAX4466 adjustable mic amp ($6) | MLX90614 IR thermometer ($8) | LSM6DSOX ML-core IMU ($10) | Acoustic emission (ultrasonic contact) ($10) | DFRobot dB meter ($37) | ADXL355 low-noise accel ($38) | MLX90640 thermal camera ($45) | IIS3DWB wideband vibration sensor ($45.0) | ADXL1002 wideband analog vibration sensor ($95.0) | ADXL1005 ultra-wideband analog accelerometer ($110.0) | FLIR Lepton 3.5 ($240) | 352C33 IEPE piezoelectric accelerometer ($450.0)
abnormal-current,Machine health,Is it drawing an abnormal amount of power?,18,,FOUNDATION,A3144 / SS49E Hall switches ($0.4),LEM IT 60-S ULTRASTAB fluxgate current transducer,A3144 / SS49E Hall switches ($0.4),A3144 / SS49E Hall switches ($0.4),A3144 / SS49E Hall switches ($0.4) | RV4145A ground-fault / residual current detector ($2.0) | INA219 current/power monitor ($2.5) | ACS712 Hall current ($3) | MAX471 / shunt + ADS1115 ($3) | INA3221 triple-channel power ($4) | INA700 power monitor with on-die shunt ($4.0) | ATM90E32AS polyphase energy metering AFE ($4.0) | INA226/INA228 precision power ($6) | OBD-II port as a sensor bus ($6.0) | MLX90393 wide-range 3D mag ($8) | SCT-013 CT clamp ($10) | Narrowband O2 sensor (HEGO) ($15) | LEM LA 55-P closed-loop Hall current transducer ($35.0) | Eastron SDM120-Modbus DIN energy meter ($38.0) | Flexible Rogowski coil with integrator ($150.0) | Rotary torque sensor ($180.0) | LEM IT 60-S ULTRASTAB fluxgate current transducer ($900.0)
rotation-speed,Machine health,How fast is it turning?,17,,FOUNDATION,A3144 / SS49E Hall switches ($0.4),LDC1612 inductive sensing,A3144 / SS49E Hall switches ($0.4),A3144 / SS49E Hall switches ($0.4),A3144 / SS49E Hall switches ($0.4) | Reed switch ($0.5) | KY-040 rotary encoder ($1) | Through-beam slot / photo-interrupter ($1) | QMC5883L compass ($2) | Inductive proximity switch M12/M18 ($2.5) | AS5600 magnetic angle ($3) | MMC5603 precision magnetometer ($6) | TLV493D 3D magnetic ($6) | KX132 low-power accel ($6) | OBD-II port as a sensor bus ($6.0) | MLX90393 wide-range 3D mag ($8) | LDC1612 inductive sensing ($9) | ICM-42688-P low-noise IMU ($10.0) | 600/1024PPR optical encoder ($12) | AS5048A 14-bit angle ($12) | L3GD20H gyro-only 3-axis ($20.0)
imbalance,Machine health,Is it out of balance or misaligned?,16,,FOUNDATION,MPU-6050 6-axis IMU ($2),352C33 IEPE piezoelectric accelerometer,— none,MPU-6050 6-axis IMU ($2),MPU-6050 6-axis IMU ($2) | ADXL345 accelerometer ($3) | 801S vibration sensor ($3) | Strain gauge + amp ($4) | KX132 low-power accel ($6) | LSM6DSOX ML-core IMU ($10) | Acoustic emission (ultrasonic contact) ($10) | ICM-42688-P low-noise IMU ($10.0) | High-g accel ADXL375 ($18) | ISM330DHCX industrial IMU ($20.0) | L3GD20H gyro-only 3-axis ($20.0) | ADXL355 low-noise accel ($38) | IIS3DWB wideband vibration sensor ($45.0) | ADXL1002 wideband analog vibration sensor ($95.0) | ADXL1005 ultra-wideband analog accelerometer ($110.0) | 352C33 IEPE piezoelectric accelerometer ($450.0)
air-leak,Machine health,"Is compressed air leaking, and where?",16,,FOUNDATION,Piezo contact mic / disc ($0.5),Alphasense PID-AH2 photoionisation VOC,INMP441 I2S MEMS mic ($3),40kHz ultrasonic transducer pair ($3),Piezo contact mic / disc ($0.5) | INMP441 I2S MEMS mic ($3) | 40kHz ultrasonic transducer pair ($3.0) | ICS-43434 I2S mic ($5) | XGZP6897D low-range diff pressure ($6) | Ultrasonic mic experiments ($6) | Acoustic emission (ultrasonic contact) ($10) | FS3000 air velocity ($26) | Winsen ZE25-O3 ozone module ($30.0) | SDP810 differential pressure ($35) | Figaro TGS6812 catalytic pellistor ($35.0) | Thermal flow: SDP + thermistor DIY ($40) | MPS flammable gas and refrigerant sensor ($85.0) | ADXL1005 ultra-wideband analog accelerometer ($110.0) | INIR NDIR methane module ($130.0) | Alphasense PID-AH2 photoionisation VOC ($320.0)
filter-clogged,Machine health,Is the filter blocked?,14,,BROAD,XGZP6897D low-range diff pressure ($6),InfiRay P2 Pro USB-C thermal camera,XGZP6897D low-range diff pressure ($6),XGZP6897D low-range diff pressure ($6),XGZP6897D low-range diff pressure ($6) | DS18B20 water temp + flow combo ($10) | EC / TDS sensor ($12) | Turbidity sensor ($12) | Paddle flow switch ($12.0) | PMS5003 particulate ($15) | PMS7003 laser particle counter ($20.0) | FS3000 air velocity ($26) | SDP810 differential pressure ($35) | Thermal flow: SDP + thermistor DIY ($40) | Honeywell HPM particulate sensor ($40.0) | SPS30 premium PM ($45) | 4-20mA loop pressure transmitter ($150.0) | InfiRay P2 Pro USB-C thermal camera ($270.0)
arc-or-discharge,Machine health,Is there electrical arcing or partial discharge?,7,,CORE,RV4145A ground-fault / residual current detector ($2),Flexible Rogowski coil with integrator,40kHz ultrasonic transducer pair ($3),RV4145A ground-fault / residual current detector ($2),RV4145A ground-fault / residual current detector ($2.0) | 40kHz ultrasonic transducer pair ($3.0) | Ultrasonic mic experiments ($6) | Acoustic emission (ultrasonic contact) ($10) | EMF / RF field probes ($12) | ADXL1005 ultra-wideband analog accelerometer ($110.0) | Flexible Rogowski coil with integrator ($150.0)
lubrication-failing,Machine health,Is lubrication breaking down?,7,,CORE,Ultrasonic mic experiments ($6),352C33 IEPE piezoelectric accelerometer,Ultrasonic mic experiments ($6),Acoustic emission (ultrasonic contact) ($10),Ultrasonic mic experiments ($6) | Acoustic emission (ultrasonic contact) ($10) | Oil/quality dielectric probe ($12) | IIS3DWB wideband vibration sensor ($45.0) | ADXL1002 wideband analog vibration sensor ($95.0) | Rotary torque sensor ($180.0) | 352C33 IEPE piezoelectric accelerometer ($450.0)
belt-slipping,Machine health,Is the belt or coupling slipping?,1,SOLE ROUTE,COMPLETE,IIS3DWB wideband vibration sensor ($45),IIS3DWB wideband vibration sensor,— none,IIS3DWB wideband vibration sensor ($45),IIS3DWB wideband vibration sensor ($45.0)
contamination,Materials & chemistry,Has this been contaminated?,28,,BROAD,Color-changing material readers ($10),Alphasense OPC-N3 optical particle counter,Color-changing material readers ($10),Color-changing material readers ($10),Color-changing material readers ($10) | EC / TDS sensor ($12) | Turbidity sensor ($12) | Oil/quality dielectric probe ($12) | ZE08-CH2O formaldehyde ($22) | Geiger counter kit ($25) | Analog pH kit ($30) | Winsen ZE25-O3 ozone module ($30.0) | Time-of-flight spectroscopy: AS7263 trick ($35) | RS-485 soil NPK/EC probe ($40) | Winsen ZE03-NH3 ammonia module ($40.0) | Scent delivery + e-nose loop ($60) | AS7265x 18-channel spectral triad ($69.95) | High-range EC probe for salinity (K=10) ($70.0) | Electrochemical gas cells ($80) | MPS flammable gas and refrigerant sensor ($85.0) | Soil/water nitrate ion-selective ($90) | ORP (redox) probe ($110) | Alphasense NO2-B43F electrochemical cell ($120.0) | Alphasense CL2-A1 chlorine cell ($130.0) | Scintillating gamma spectrometer ($150) | Dissolved oxygen kit (Atlas EZO-DO) ($170) | Ammonium ion-selective electrode ($189.0) | Alphasense PID-AH2 photoionisation VOC ($320.0) | Fluoride ion-selective electrode (LaF3 crystal) ($320.0) | Hamamatsu C12880MA micro-spectrometer ($330.0) | Free-chlorine amperometric membrane probe ($390.0) | Alphasense OPC-N3 optical particle counter ($500.0)
material-type,Materials & chemistry,What material is this?,12,,BROAD,Capacitive proximity switch M18 ($7),Hamamatsu C12880MA micro-spectrometer,Capacitive proximity switch M18 ($7),Capacitive proximity switch M18 ($7),Capacitive proximity switch M18 ($7.0) | Capacitive liquid/force FDC1004 ($9) | LDC1612 inductive sensing ($9) | AS7341 11-channel spectral ($14) | FDC2214 capacitive proximity front-end ($15.0) | Grove Vision AI v2 ($16) | AS7343 14-channel spectral sensor ($19.95) | AS7263 NIR spectral ($27) | Time-of-flight spectroscopy: AS7263 trick ($35) | AS7265x 18-channel spectral triad ($69.95) | Scintillating gamma spectrometer ($150) | Hamamatsu C12880MA micro-spectrometer ($330.0)
colour-match,Materials & chemistry,Does this colour match the reference?,12,,CORE,TCS3200 frequency-output colour sensor ($4),Hamamatsu C12880MA micro-spectrometer,TCS3200 frequency-output colour sensor ($4),TCS3200 frequency-output colour sensor ($4),TCS3200 frequency-output colour sensor ($4.0) | APDS-9960 gesture/color/prox ($6) | TCS34725 RGB color ($7) | OPT4048 tristimulus color ($9) | Color-changing material readers ($10) | AS7341 11-channel spectral ($14) | OV5640 5MP autofocus cam ($15) | AS7343 14-channel spectral sensor ($19.95) | Time-of-flight spectroscopy: AS7263 trick ($35) | HuskyLens AI camera ($45) | AS7265x 18-channel spectral triad ($69.95) | Hamamatsu C12880MA micro-spectrometer ($330.0)
concentration-liquid,Materials & chemistry,How concentrated is this solution?,12,,BROAD,TCS34725 RGB color ($7),Free-chlorine amperometric membrane probe,TCS34725 RGB color ($7),TCS34725 RGB color ($7),TCS34725 RGB color ($7) | EC / TDS sensor ($12) | AS7341 11-channel spectral ($14) | Analog pH kit ($30) | Time-of-flight spectroscopy: AS7263 trick ($35) | High-range EC probe for salinity (K=10) ($70.0) | Soil/water nitrate ion-selective ($90) | ORP (redox) probe ($110) | Ammonium ion-selective electrode ($189.0) | Fluoride ion-selective electrode (LaF3 crystal) ($320.0) | Hamamatsu C12880MA micro-spectrometer ($330.0) | Free-chlorine amperometric membrane probe ($390.0)
coating-cured,Materials & chemistry,"Has the paint, resin or glue finished curing?",12,,FOUNDATION,AHT20 temp/humidity ($2),ZE08-CH2O formaldehyde,AHT20 temp/humidity ($2),AHT20 temp/humidity ($2),AHT20 temp/humidity ($2) | GUVA-S12SD UV analog ($4) | Si7021 humidity/temp ($4) | AGS02MA TVOC budget ($4) | SHT41 humidity + temp ($6) | ML8511 / VEML6075 UV outdoor ($6) | ENS160 air quality ($9) | SGP30 eCO2/TVOC (legacy) ($10) | Thermocouple multiplexer board ($13) | MAX31855 thermocouple amp ($15) | MAX31865 RTD amplifier ($15) | ZE08-CH2O formaldehyde ($22)
moisture-content,Materials & chemistry,How wet is this material?,11,,CORE,Capacitive soil moisture v2 ($2),True TDR soil water content probe,Capacitive liquid/force FDC1004 ($9),Capacitive soil moisture v2 ($2),"Capacitive soil moisture v2 ($2) | Capacitive liquid/force FDC1004 ($9) | Chirp! plant sensor ($10) | Oil/quality dielectric probe ($12) | FDC2214 capacitive proximity front-end ($15.0) | AS7263 NIR spectral ($27) | Time-of-flight spectroscopy: AS7263 trick ($35) | RS-485 soil NPK/EC probe ($40) | Watermark granular-matrix soil water sensor ($45) | METER TEROS 12 soil moisture, EC and temperature ($220.0) | True TDR soil water content probe ($395.0)"
food-fresh,Materials & chemistry,Is this food still good?,11,,FOUNDATION,DS18B20 digital temp probe ($2.5),Scent delivery + e-nose loop,MQ-3 alcohol sensor ($2.5),DS18B20 digital temp probe ($2.5),DS18B20 digital temp probe ($2.5) | MQ-3 alcohol sensor ($2.5) | MCP9808 precision temp ($5) | Color-changing material readers ($10) | TMP117 ultra-precise temp ($11) | Thermocouple multiplexer board ($13) | BME690 gas + climate ($22.0) | AS7263 NIR spectral ($27) | Analog pH kit ($30) | Time-of-flight spectroscopy: AS7263 trick ($35) | Scent delivery + e-nose loop ($60)
how-fast-moving,Navigation & space,How fast am I moving?,24,,CORE,MS5611 high-res altimeter ($6),ADIS16505-2 tactical-grade IMU,MS5611 high-res altimeter ($6),MS5611 high-res altimeter ($6),MS5611 high-res altimeter ($6) | LPS22HB pressure sensor ($6) | OBD-II port as a sensor bus ($6.0) | NEO-6M GPS ($8) | BMI270 wearable IMU ($8) | MPU-9250 9-axis (legacy) ($8) | ICM-42688-P low-noise IMU ($10.0) | LD2450 multi-target tracking radar ($12) | ICM-45686 premium 6-axis IMU ($12.0) | LSM6DSO32 high-range IMU ($13.0) | ICM-20948 9-axis IMU ($15) | u-blox M10 GNSS ($20) | BN-880 GNSS module with on-board compass ($20.0) | TF-Luna LiDAR ($25) | BNO055 fusion IMU ($25) | PMW3901 optical flow ($25.0) | PAA5100JE near-field optical flow ($25.0) | SAM-M10Q GNSS with integrated patch antenna ($40.0) | LC29H(DA) low-cost L1+L5 RTK rover ($55.0) | Time-of-flight gesture radar 60GHz ($110) | UM982 dual-antenna RTK with true heading ($260.0) | ZED-F9R dead-reckoning GNSS ($280.0) | TI AWR1642 77GHz automotive radar EVM ($299.0) | ADIS16505-2 tactical-grade IMU ($825.0)
structure-moved,Navigation & space,Has this structure shifted or tilted since last time?,24,,FOUNDATION,MPU-6050 6-axis IMU ($2),ADIS16505-2 tactical-grade IMU,LDC1612 inductive sensing ($9),MPU-6050 6-axis IMU ($2),MPU-6050 6-axis IMU ($2) | Strain gauge + amp ($4) | KX132 low-power accel ($6) | MPU-9250 9-axis (legacy) ($8) | LDC1612 inductive sensing ($9) | BMP390 precision barometer ($10) | Ground vibration fence: fiber + photodiode ($10) | ICM-20948 9-axis IMU ($15) | Draw-wire (string pot) sensor ($15) | BNO086 high-perf fusion IMU ($22) | BNO055 fusion IMU ($25) | PMW3901 optical flow ($25.0) | Geophone SM-24 ($30) | Inclinometer SCL3300 ($35) | ADXL355 low-noise accel ($38) | SCA3300 industrial inclinometer/accelerometer ($50.0) | LC29H(DA) low-cost L1+L5 RTK rover ($55.0) | Bend Labs digital flex (1-axis) ($70) | ZED-X20P all-band centimetre GNSS ($90.0) | UM980 triple-band RTK receiver ($200.0) | ZED-F9P RTK centimetre GNSS ($260) | UM982 dual-antenna RTK with true heading ($260.0) | Livox Mid-360 3D LiDAR ($749.0) | ADIS16505-2 tactical-grade IMU ($825.0)
obstacle-ahead,Navigation & space,Is there something in the way?,22,,CORE,HC-SR04 ultrasonic ($1.5),Livox Mid-360 3D LiDAR,HC-SR04 ultrasonic ($1.5),HC-SR04 ultrasonic ($1.5),HC-SR04 ultrasonic ($1.5) | 40kHz ultrasonic transducer pair ($3.0) | US-100 ultrasonic w/ temp comp ($4) | VL53L0X ToF laser ($5) | Sharp GP2Y0A21 IR distance ($8) | VL6180X short-range ToF ($8) | Bat/dolphin: 40kHz ranging array ($8) | VL53L1X long-range ToF ($12) | VL53L4CD short-range precision ToF ($12.0) | VL53L4CX multi-target ToF ($15.0) | MEMS ultrasonic ToF (Chirp) ($15.0) | VL53L5CX 8x8 ToF array ($20) | TF-Luna LiDAR ($25) | VL53L8CX 8x8 depth zone array ($25.0) | RPLIDAR / LD19 scanning LiDAR ($40) | HuskyLens AI camera ($45) | Snow/level laser (outdoor ToF) ($70) | RPLIDAR A1 360 degree triangulation LiDAR ($99.0) | Time-of-flight gesture radar 60GHz ($110) | Benewake TF03 long-range industrial LiDAR ($180.0) | TI AWR1642 77GHz automotive radar EVM ($299.0) | Livox Mid-360 3D LiDAR ($749.0)
which-way-facing,Navigation & space,Which way am I pointing?,21,,FOUNDATION,QMC5883L compass ($2),ADIS16505-2 tactical-grade IMU,QMC5883L compass ($2),QMC5883L compass ($2),QMC5883L compass ($2) | AS5600 magnetic angle ($3) | MMC5603 precision magnetometer ($6) | BMM350 TMR magnetometer ($7.0) | MLX90393 wide-range 3D mag ($8) | MPU-9250 9-axis (legacy) ($8) | ICM-42688-P low-noise IMU ($10.0) | Wind vane ($12) | AS5048A 14-bit angle ($12) | ICM-45686 premium 6-axis IMU ($12.0) | LSM6DSO32 high-range IMU ($13.0) | ICM-20948 9-axis IMU ($15) | BN-880 GNSS module with on-board compass ($20.0) | LSM6DSV16X IMU with on-chip fusion ($20.0) | L3GD20H gyro-only 3-axis ($20.0) | BNO086 high-perf fusion IMU ($22) | BNO055 fusion IMU ($25) | ZED-F9P RTK centimetre GNSS ($260) | UM982 dual-antenna RTK with true heading ($260.0) | ZED-F9R dead-reckoning GNSS ($280.0) | ADIS16505-2 tactical-grade IMU ($825.0)
returned-to-spot,Navigation & space,Am I back at the exact same place?,20,,FOUNDATION,BMP280 budget barometer ($1.5),ADIS16505-2 tactical-grade IMU,BMP280 budget barometer ($1.5),BMP280 budget barometer ($1.5),BMP280 budget barometer ($1.5) | Wi-Fi and magnetic fingerprint positioning ($5.0) | MMC5603 precision magnetometer ($6) | MPU-9250 9-axis (legacy) ($8) | AS5048A 14-bit angle ($12) | ICM-20948 9-axis IMU ($15) | Draw-wire (string pot) sensor ($15) | BNO086 high-perf fusion IMU ($22) | BNO055 fusion IMU ($25) | PMW3901 optical flow ($25.0) | PAA5100JE near-field optical flow ($25.0) | Inclinometer SCL3300 ($35) | RPLIDAR / LD19 scanning LiDAR ($40) | DW1000 UWB two-way ranging radio ($40.0) | DW3000 UWB ranging radio (FiRa generation) ($48.0) | LC29H(DA) low-cost L1+L5 RTK rover ($55.0) | ZED-X20P all-band centimetre GNSS ($90.0) | UM980 triple-band RTK receiver ($200.0) | ZED-F9P RTK centimetre GNSS ($260) | ADIS16505-2 tactical-grade IMU ($825.0)
how-far-travelled,Navigation & space,How far have I gone?,18,,CORE,Linear potentiometer / softpot ($6),ADIS16505-2 tactical-grade IMU,NEO-6M GPS ($8),Linear potentiometer / softpot ($6),Linear potentiometer / softpot ($6) | NEO-6M GPS ($8) | 600/1024PPR optical encoder ($12) | AS5048A 14-bit angle ($12) | Draw-wire (string pot) sensor ($15) | u-blox M10 GNSS ($20) | BN-880 GNSS module with on-board compass ($20.0) | BNO086 high-perf fusion IMU ($22) | DWM1001C UWB module with ready-made RTLS firmware ($22.0) | PMW3901 optical flow ($25.0) | PAA5100JE near-field optical flow ($25.0) | DW1000 UWB two-way ranging radio ($40.0) | SAM-M10Q GNSS with integrated patch antenna ($40.0) | ZED-X20P all-band centimetre GNSS ($90.0) | UM980 triple-band RTK receiver ($200.0) | ZED-F9P RTK centimetre GNSS ($260) | ZED-F9R dead-reckoning GNSS ($280.0) | ADIS16505-2 tactical-grade IMU ($825.0)
am-i-level,Navigation & space,"Is this level, and by how much is it off?",18,,FOUNDATION,SW-520D ball tilt switch ($0.5),UM982 dual-antenna RTK with true heading,AS5600 magnetic angle ($3),SW-520D ball tilt switch ($0.5),SW-520D ball tilt switch ($0.5) | MPU-6050 6-axis IMU ($2) | ADXL345 accelerometer ($3) | LIS3DH budget accel ($3) | AS5600 magnetic angle ($3) | KX132 low-power accel ($6) | BMI270 wearable IMU ($8) | MPU-9250 9-axis (legacy) ($8) | LSM6DSOX ML-core IMU ($10) | ICM-20948 9-axis IMU ($15) | BNO086 high-perf fusion IMU ($22) | BNO055 fusion IMU ($25) | Inclinometer SCL3300 ($35) | ADXL355 low-noise accel ($38) | SCA3300 industrial inclinometer/accelerometer ($50.0) | ZED-X20P all-band centimetre GNSS ($90.0) | UM980 triple-band RTK receiver ($200.0) | UM982 dual-antenna RTK with true heading ($260.0)
where-am-i,Navigation & space,Where am I on Earth?,12,,CORE,NEO-6M GPS ($8),ZED-F9R dead-reckoning GNSS,NEO-6M GPS ($8),GPS PPS time source ($10),NEO-6M GPS ($8) | GPS PPS time source ($10) | u-blox M10 GNSS ($20) | BN-880 GNSS module with on-board compass ($20.0) | SAM-M10Q GNSS with integrated patch antenna ($40.0) | LC29H(DA) low-cost L1+L5 RTK rover ($55.0) | ZED-X20P all-band centimetre GNSS ($90.0) | NEO-F10T dual-band GNSS timing receiver ($120.0) | UM980 triple-band RTK receiver ($200.0) | ZED-F9P RTK centimetre GNSS ($260) | UM982 dual-antenna RTK with true heading ($260.0) | ZED-F9R dead-reckoning GNSS ($280.0)
how-high,Navigation & space,What altitude or floor am I on?,12,,FOUNDATION,BMP280 budget barometer ($1.5),Benewake TF03 long-range industrial LiDAR,BMP280 budget barometer ($1.5),BMP280 budget barometer ($1.5),BMP280 budget barometer ($1.5) | Wi-Fi and magnetic fingerprint positioning ($5.0) | BME280 climate combo ($6) | MS5611 high-res altimeter ($6) | LPS22HB pressure sensor ($6) | DPS310 barometer ($7) | BMP390 precision barometer ($10) | TF-Luna LiDAR ($25) | SAM-M10Q GNSS with integrated patch antenna ($40.0) | Muon detector (CosmicWatch) ($100) | NEO-F10T dual-band GNSS timing receiver ($120.0) | Benewake TF03 long-range industrial LiDAR ($180.0)
map-surroundings,Navigation & space,What is the shape of the space around me?,6,,COMPLETE,Bat/dolphin: 40kHz ranging array ($8),Livox Mid-360 3D LiDAR,Bat/dolphin: 40kHz ranging array ($8),Bat/dolphin: 40kHz ranging array ($8),Bat/dolphin: 40kHz ranging array ($8) | RPLIDAR / LD19 scanning LiDAR ($40) | RPLIDAR A1 360 degree triangulation LiDAR ($99.0) | Time-of-flight gesture radar 60GHz ($110) | TI AWR1642 77GHz automotive radar EVM ($299.0) | Livox Mid-360 3D LiDAR ($749.0)
object-present,Objects & assets,Is the thing there?,69,,FOUNDATION,ESP32 native touch pins ($0),M6E-Nano UHF RAIN RFID reader,A3144 / SS49E Hall switches ($0.4),A3144 / SS49E Hall switches ($0.4),ESP32 native touch pins ($0) | ESP32 internal sensors (free!) ($0) | A3144 / SS49E Hall switches ($0.4) | Reed switch ($0.5) | TTP223 single touch ($0.5) | TSOP38238 38kHz IR receiver ($1.0) | BPW34 PIN photodiode ($1.0) | HC-SR04 ultrasonic ($1.5) | QMC5883L compass ($2) | RC522 RFID reader ($2) | Inductive proximity switch M12/M18 ($2.5) | 125kHz RDM6300 RFID ($3) | Photoelectric beam sensor E18-D80NK ($3) | 40kHz ultrasonic transducer pair ($3.0) | Strain gauge + amp ($4) | US-100 ultrasonic w/ temp comp ($4) | AT42QT1070 / QT1010 touch controller ($4.0) | VL53L0X ToF laser ($5) | HX711 + load cell ($5) | Velostat pressure sheets ($5) | Pulse sensor (PPG classic) ($5) | APDS-9960 gesture/color/prox ($6) | JSN-SR04T waterproof ultrasonic ($6) | MMC5603 precision magnetometer ($6) | TLV493D 3D magnetic ($6) | MPR121 12-pad cap touch ($6) | MAX30102 pulse oximeter ($6) | PN532 NFC controller ($6) | VCNL4040 proximity + lux ($6) | GT911 / FT6236 touchscreen controller ($6.0) | Azoteq IQS7211 / IQS263 proximity + touch ($6.0) | FSR402 force resistor ($7) | Capacitive proximity switch M18 ($7.0) | Sharp GP2Y0A21 IR distance ($8) | MLX90393 wide-range 3D mag ($8) | Nano33-style 1kg beam scale kit ($8) | VL6180X short-range ToF ($8) | OV2640 camera (ESP32-CAM) ($8) | SI1145 UV/IR/visible ($8) | Conductive thread + fabric pads ($8) | Bat/dolphin: 40kHz ranging array ($8) | CAP1188 8-channel capacitive touch ($8.0) | A02YYUW waterproof ultrasonic ($9) | Capacitive liquid/force FDC1004 ($9) | LDC1612 inductive sensing ($9) | Scale-hacking: NAU7802 ($12) | PN5180 long-range NFC / ISO15693 reader ($12.0) | VL53L4CD short-range precision ToF ($12.0) | Conductive fabric and tape electrodes ($12.0) | OV5640 5MP autofocus cam ($15) | VL53L4CX multi-target ToF ($15.0) | FDC2214 capacitive proximity front-end ($15.0) | EeonTex piezoresistive fabric ($15.0) | MEMS ultrasonic ToF (Chirp) ($15.0) | Grove Vision AI v2 ($16) | Optical infrared water-in-fuel ($18) | Trill flexible touch sliders ($20) | TF-Luna LiDAR ($25) | Button / pancake load cell ($25.0) | Tactile pressure array ($25.0) | YRM100 low-cost UHF reader module ($32.0) | S-type load cell ($35.0) | DW1000 UWB two-way ranging radio ($40.0) | HuskyLens AI camera ($45) | Retro-reflective photoelectric sensor ($70.0) | Acconeer XM125 pulsed coherent radar ($70.0) | Through-beam photoelectric pair ($95.0) | MaxBotix MB7389 weather LV ($110) | M6E-Nano UHF RAIN RFID reader ($275.0)
object-moved,Objects & assets,Has it been moved or disturbed?,48,,FOUNDATION,ESP32 native touch pins ($0),Bend Labs digital flex (1-axis),RCWL-0516 doppler radar ($1.2),SW-520D ball tilt switch ($0.5),"ESP32 native touch pins ($0) | SW-520D ball tilt switch ($0.5) | SW-420 vibration switch ($1) | KY-040 rotary encoder ($1) | RCWL-0516 doppler radar ($1.2) | Joystick module ($1.5) | MPU-6050 6-axis IMU ($2) | QMC5883L compass ($2) | ADXL345 accelerometer ($3) | LIS3DH budget accel ($3) | 801S vibration sensor ($3) | Piezo shock/knock element ($3) | AS5600 magnetic angle ($3) | TLV493D 3D magnetic ($6) | MPR121 12-pad cap touch ($6) | Linear potentiometer / softpot ($6) | KX132 low-power accel ($6) | LIS2DW12 nanoamp accelerometer ($6.0) | FSR402 force resistor ($7) | BMM350 TMR magnetometer ($7.0) | MLX90393 wide-range 3D mag ($8) | Flex sensor 2.2"" ($8) | BMI270 wearable IMU ($8) | MPU-9250 9-axis (legacy) ($8) | Conductive thread + fabric pads ($8) | BMI323 6-axis IMU ($8.0) | LSM6DSOX ML-core IMU ($10) | Conductive rubber stretch cord ($10) | Ground vibration fence: fiber + photodiode ($10) | ICM-42688-P low-noise IMU ($10.0) | AS5048A 14-bit angle ($12) | BMA400 ultra-low-power accelerometer ($13.0) | LSM6DSO32 high-range IMU ($13.0) | ICM-20948 9-axis IMU ($15) | Draw-wire (string pot) sensor ($15) | High-g accel ADXL375 ($18) | Trill flexible touch sliders ($20) | LSM6DSV16X IMU with on-chip fusion ($20.0) | ISM330DHCX industrial IMU ($20.0) | BNO086 high-perf fusion IMU ($22) | DWM1001C UWB module with ready-made RTLS firmware ($22.0) | BNO055 fusion IMU ($25) | PMW3901 optical flow ($25.0) | PAA5100JE near-field optical flow ($25.0) | Inclinometer SCL3300 ($35) | ADXL355 low-noise accel ($38) | SCA3300 industrial inclinometer/accelerometer ($50.0) | Bend Labs digital flex (1-axis) ($70)"
object-count,Objects & assets,How many went past?,40,,FOUNDATION,Photoresistor (LDR) ($0.2),TI AWR1642 77GHz automotive radar EVM,Photoresistor (LDR) ($0.2),Photoresistor (LDR) ($0.2),Photoresistor (LDR) ($0.2) | A3144 / SS49E Hall switches ($0.4) | Reed switch ($0.5) | Through-beam slot / photo-interrupter ($1) | TSOP38238 38kHz IR receiver ($1.0) | HC-SR04 ultrasonic ($1.5) | RC522 RFID reader ($2) | Inductive proximity switch M12/M18 ($2.5) | Piezo shock/knock element ($3) | 125kHz RDM6300 RFID ($3) | Photoelectric beam sensor E18-D80NK ($3) | US-100 ultrasonic w/ temp comp ($4) | VL53L0X ToF laser ($5) | HX711 + load cell ($5) | APDS-9960 gesture/color/prox ($6) | PN532 NFC controller ($6) | VCNL4040 proximity + lux ($6) | FSR402 force resistor ($7) | Capacitive proximity switch M18 ($7.0) | Sharp GP2Y0A21 IR distance ($8) | Nano33-style 1kg beam scale kit ($8) | OV2640 camera (ESP32-CAM) ($8) | Bat/dolphin: 40kHz ranging array ($8) | LDC1612 inductive sensing ($9) | VL53L1X long-range ToF ($12) | Scale-hacking: NAU7802 ($12) | Weight-in-motion: piezo cable ($15) | Grove Vision AI v2 ($16) | VL53L5CX 8x8 ToF array ($20) | TF-Luna LiDAR ($25) | VL53L8CX 8x8 depth zone array ($25.0) | Geophone SM-24 ($30) | YRM100 low-cost UHF reader module ($32.0) | RPLIDAR / LD19 scanning LiDAR ($40) | HuskyLens AI camera ($45) | Retro-reflective photoelectric sensor ($70.0) | Through-beam photoelectric pair ($95.0) | RPLIDAR A1 360 degree triangulation LiDAR ($99.0) | M6E-Nano UHF RAIN RFID reader ($275.0) | TI AWR1642 77GHz automotive radar EVM ($299.0)
container-fullness,Objects & assets,How full is it?,40,,FOUNDATION,Reed switch ($0.5),Guided-wave radar level transmitter,Reed switch ($0.5),Reed switch ($0.5),Reed switch ($0.5) | HC-SR04 ultrasonic ($1.5) | Photoelectric beam sensor E18-D80NK ($3) | US-100 ultrasonic w/ temp comp ($4) | Vertical float level switch (reed) ($4.0) | VL53L0X ToF laser ($5) | HX711 + load cell ($5) | Stainless vertical float level switch ($5.0) | JSN-SR04T waterproof ultrasonic ($6) | TLV493D 3D magnetic ($6) | Linear potentiometer / softpot ($6) | VCNL4040 proximity + lux ($6) | Water level capacitive strip ($7) | Capacitive proximity switch M18 ($7.0) | Sharp GP2Y0A21 IR distance ($8) | Nano33-style 1kg beam scale kit ($8) | Non-contact liquid level XKC-Y26 ($8) | VL6180X short-range ToF ($8) | A02YYUW waterproof ultrasonic ($9) | Capacitive liquid/force FDC1004 ($9) | VL53L1X long-range ToF ($12) | Scale-hacking: NAU7802 ($12) | VL53L4CD short-range precision ToF ($12.0) | MPRLS ported pressure ($15) | Draw-wire (string pot) sensor ($15) | MEMS ultrasonic ToF (Chirp) ($15.0) | Grove Vision AI v2 ($16) | Optical infrared water-in-fuel ($18) | STCC4 low-cost percent CO2 ($18.0) | VL53L5CX 8x8 ToF array ($20) | Ultrasonic liquid (through-wall) ($25) | S-type load cell ($35.0) | eTape liquid level ($40) | Snow/level laser (outdoor ToF) ($70) | Submersible hydrostatic level transmitter ($70.0) | Acconeer XM125 pulsed coherent radar ($70.0) | Vibrating-fork level switch ($90.0) | MaxBotix MB7389 weather LV ($110) | Benewake TF03 long-range industrial LiDAR ($180.0) | Guided-wave radar level transmitter ($290.0)
door-state,Objects & assets,Is it open or closed?,37,,FOUNDATION,ESP32 native touch pins ($0),Retro-reflective photoelectric sensor,Photoresistor (LDR) ($0.2),Photoresistor (LDR) ($0.2),"ESP32 native touch pins ($0) | Photoresistor (LDR) ($0.2) | A3144 / SS49E Hall switches ($0.4) | Reed switch ($0.5) | TTP223 single touch ($0.5) | SW-520D ball tilt switch ($0.5) | BMP280 budget barometer ($1.5) | MPU-6050 6-axis IMU ($2) | QMC5883L compass ($2) | BH1750 lux sensor ($2.5) | Inductive proximity switch M12/M18 ($2.5) | ADXL345 accelerometer ($3) | LIS3DH budget accel ($3) | SI4432/CC1101 sub-GHz sniffer ($4) | VEML7700 high-accuracy lux ($5) | MS5611 high-res altimeter ($6) | LPS22HB pressure sensor ($6) | XGZP6897D low-range diff pressure ($6) | MMC5603 precision magnetometer ($6) | TLV493D 3D magnetic ($6) | MPR121 12-pad cap touch ($6) | VCNL4040 proximity + lux ($6) | LIS2DW12 nanoamp accelerometer ($6.0) | DPS310 barometer ($7) | TSL2591 high dynamic lux ($7) | FSR402 force resistor ($7) | BMM350 TMR magnetometer ($7.0) | MLX90393 wide-range 3D mag ($8) | Flex sensor 2.2"" ($8) | LDC1612 inductive sensing ($9) | BMP390 precision barometer ($10) | Conductive rubber stretch cord ($10) | AS5048A 14-bit angle ($12) | BMA400 ultra-low-power accelerometer ($13.0) | Draw-wire (string pot) sensor ($15) | FDC2214 capacitive proximity front-end ($15.0) | Retro-reflective photoelectric sensor ($70.0)"
tamper-detected,Objects & assets,Has someone interfered with it?,33,,FOUNDATION,ESP32 native touch pins ($0),Inclinometer SCL3300,A3144 / SS49E Hall switches ($0.4),A3144 / SS49E Hall switches ($0.4),ESP32 native touch pins ($0) | A3144 / SS49E Hall switches ($0.4) | Reed switch ($0.5) | Piezo contact mic / disc ($0.5) | TTP223 single touch ($0.5) | SW-520D ball tilt switch ($0.5) | SW-420 vibration switch ($1) | MPU-6050 6-axis IMU ($2) | QMC5883L compass ($2) | ADXL345 accelerometer ($3) | LIS3DH budget accel ($3) | 801S vibration sensor ($3) | Piezo shock/knock element ($3) | Strain gauge + amp ($4) | SI4432/CC1101 sub-GHz sniffer ($4) | MMC5603 precision magnetometer ($6) | TLV493D 3D magnetic ($6) | MPR121 12-pad cap touch ($6) | KX132 low-power accel ($6) | ATECC608B secure element ($6.0) | LIS2DW12 nanoamp accelerometer ($6.0) | HDC3022 humidity + temp ($7) | MLX90393 wide-range 3D mag ($8) | BMI270 wearable IMU ($8) | ST25DV64K dual-interface NFC tag ($8.0) | BMI323 6-axis IMU ($8.0) | LDC1612 inductive sensing ($9) | LSM6DSOX ML-core IMU ($10) | Ground vibration fence: fiber + photodiode ($10) | BMA400 ultra-low-power accelerometer ($13.0) | High-g accel ADXL375 ($18) | Fingerprint reader R503 ($20) | Inclinometer SCL3300 ($35)
consumable-remaining,Objects & assets,"How much is left, and how long until it runs out?",24,,CORE,HC-SR04 ultrasonic ($1.5),Guided-wave radar level transmitter,HC-SR04 ultrasonic ($1.5),HC-SR04 ultrasonic ($1.5),HC-SR04 ultrasonic ($1.5) | Strain gauge + amp ($4) | US-100 ultrasonic w/ temp comp ($4) | VL53L0X ToF laser ($5) | HX711 + load cell ($5) | JSN-SR04T waterproof ultrasonic ($6) | Water level capacitive strip ($7) | Nano33-style 1kg beam scale kit ($8) | Non-contact liquid level XKC-Y26 ($8) | A02YYUW waterproof ultrasonic ($9) | Capacitive liquid/force FDC1004 ($9) | Scale-hacking: NAU7802 ($12) | VL53L4CD short-range precision ToF ($12.0) | MPRLS ported pressure ($15) | Optical infrared water-in-fuel ($18) | Ultrasonic liquid (through-wall) ($25) | Button / pancake load cell ($25.0) | S-type load cell ($35.0) | eTape liquid level ($40) | Snow/level laser (outdoor ToF) ($70) | MaxBotix MB7389 weather LV ($110) | Thermal microflow sensor for liquids ($150.0) | M6E-Nano UHF RAIN RFID reader ($275.0) | Guided-wave radar level transmitter ($290.0)
asset-location,Objects & assets,Where is this thing right now?,22,,FOUNDATION,RC522 RFID reader ($2),Livox Mid-360 3D LiDAR,Wi-Fi and magnetic fingerprint positioning ($5),Wi-Fi and magnetic fingerprint positioning ($5),RC522 RFID reader ($2) | 125kHz RDM6300 RFID ($3) | Wi-Fi and magnetic fingerprint positioning ($5.0) | PN532 NFC controller ($6) | NEO-6M GPS ($8) | nRF52 BLE beacon tag ($8.0) | SX1262 sub-GHz transceiver ($8.0) | Embroidered / fabric antenna ($10.0) | u-blox M10 GNSS ($20) | BN-880 GNSS module with on-board compass ($20.0) | DWM1001C UWB module with ready-made RTLS firmware ($22.0) | RTL-SDR receiver ($30.0) | YRM100 low-cost UHF reader module ($32.0) | DW1000 UWB two-way ranging radio ($40.0) | SAM-M10Q GNSS with integrated patch antenna ($40.0) | DW3000 UWB ranging radio (FiRa generation) ($48.0) | LC29H(DA) low-cost L1+L5 RTK rover ($55.0) | ANT-B10 Bluetooth angle-of-arrival anchor ($90.0) | ZED-F9P RTK centimetre GNSS ($260) | M6E-Nano UHF RAIN RFID reader ($275.0) | ZED-F9R dead-reckoning GNSS ($280.0) | Livox Mid-360 3D LiDAR ($749.0)
object-temperature,Objects & assets,How hot is that surface?,20,,FOUNDATION,NTC thermistor 10k ($0.3),Heimann HTPA80x64d thermopile array,MLX90614 IR thermometer ($8),NTC thermistor 10k ($0.3),NTC thermistor 10k ($0.3) | TMP36 analog temp ($1.5) | DS18B20 digital temp probe ($2.5) | ADS1115 16-bit ADC (the analog fixer) ($3) | MCP9808 precision temp ($5) | MLX90614 IR thermometer ($8) | MAX30205 clinical body temp ($9) | TMP117 ultra-precise temp ($11) | Thermocouple multiplexer board ($13) | MLX90632 miniature IR temp ($14) | MAX31855 thermocouple amp ($15) | MAX31865 RTD amplifier ($15) | MLX90614 forehead mode ($25) | Grid-EYE AMG8833 thermal array ($35) | MLX90621 16x4 fast thermal array ($60.0) | SenXor MI0801 CMOS thermal imager ($95.0) | Heimann HTPA32x32d thermopile array ($140.0) | FLIR Lepton 3.1R radiometric thermal module ($180.0) | InfiRay P2 Pro USB-C thermal camera ($270.0) | Heimann HTPA80x64d thermopile array ($350.0)
object-identity,Objects & assets,Which specific object is this?,18,,FOUNDATION,RC522 RFID reader ($2),M6E-Nano UHF RAIN RFID reader,NTAG I2C Plus 2K dual-interface tag ($6),Embroidered / fabric antenna ($10),RC522 RFID reader ($2) | 125kHz RDM6300 RFID ($3) | PN532 NFC controller ($6) | NTAG I2C Plus 2K dual-interface tag ($6.0) | OV2640 camera (ESP32-CAM) ($8) | ST25DV64K dual-interface NFC tag ($8.0) | Tire pressure TPMS receivers ($10) | Embroidered / fabric antenna ($10.0) | PN5180 long-range NFC / ISO15693 reader ($12.0) | OV5640 5MP autofocus cam ($15) | Grove Vision AI v2 ($16) | Fingerprint reader R503 ($20) | Tactile pressure array ($25.0) | RTL-SDR receiver ($30.0) | YRM100 low-cost UHF reader module ($32.0) | 134.2kHz FDX-B animal microchip reader ($35.0) | HuskyLens AI camera ($45) | M6E-Nano UHF RAIN RFID reader ($275.0)
object-dropped,Objects & assets,"Was it dropped, and how hard?",16,,FOUNDATION,Piezo contact mic / disc ($0.5),BNO086 high-perf fusion IMU,— none,SW-420 vibration switch ($1),Piezo contact mic / disc ($0.5) | SW-420 vibration switch ($1) | MPU-6050 6-axis IMU ($2) | ADXL345 accelerometer ($3) | LIS3DH budget accel ($3) | Piezo shock/knock element ($3) | HX711 + load cell ($5) | KX132 low-power accel ($6) | BMI270 wearable IMU ($8) | MPU-9250 9-axis (legacy) ($8) | LSM6DSOX ML-core IMU ($10) | Scale-hacking: NAU7802 ($12) | ICM-45686 premium 6-axis IMU ($12.0) | LSM6DSO32 high-range IMU ($13.0) | High-g accel ADXL375 ($18) | BNO086 high-perf fusion IMU ($22)
object-genuine,Objects & assets,Is this authentic or counterfeit?,12,,BROAD,PN532 NFC controller ($6),Hamamatsu C12880MA micro-spectrometer,NTAG I2C Plus 2K dual-interface tag ($6),ATECC608B secure element ($6),PN532 NFC controller ($6) | NTAG I2C Plus 2K dual-interface tag ($6.0) | ATECC608B secure element ($6.0) | ST25DV64K dual-interface NFC tag ($8.0) | LDC1612 inductive sensing ($9) | PN5180 long-range NFC / ISO15693 reader ($12.0) | OV5640 5MP autofocus cam ($15) | AS7263 NIR spectral ($27) | Time-of-flight spectroscopy: AS7263 trick ($35) | HuskyLens AI camera ($45) | Scintillating gamma spectrometer ($150) | Hamamatsu C12880MA micro-spectrometer ($330.0)
object-material,Objects & assets,What is this made of?,7,,CORE,TCS3200 frequency-output colour sensor ($4),Scintillating gamma spectrometer,TCS3200 frequency-output colour sensor ($4),TCS3200 frequency-output colour sensor ($4),TCS3200 frequency-output colour sensor ($4.0) | TCS34725 RGB color ($7) | LDC1612 inductive sensing ($9) | Geiger counter kit ($25) | Time-of-flight spectroscopy: AS7263 trick ($35) | AS7265x 18-channel spectral triad ($69.95) | Scintillating gamma spectrometer ($150)
livestock-wellbeing,Plants & soil,Are the animals comfortable and behaving normally?,18,,CORE,MQ-135 air quality ($2.5),Dissolved oxygen kit (Atlas EZO-DO),MQ-135 air quality ($2.5),MQ-135 air quality ($2.5),MQ-135 air quality ($2.5) | 125kHz RDM6300 RFID ($3) | DHT22 / AM2302 ($4) | SHTC3 tiny low-power RH/T ($4) | HX711 + load cell ($5) | Ultrasonic mic experiments ($6) | MLX90614 IR thermometer ($8) | LD1125H 24GHz respiration radar ($9) | LSM6DSOX ML-core IMU ($10) | Ground vibration fence: fiber + photodiode ($10) | SHT31 weatherproof probe ($12) | Scale-hacking: NAU7802 ($12) | Panasonic EKMC PIR (quality) ($12) | MiCS-6814 tri-gas ($20) | 134.2kHz FDX-B animal microchip reader ($35.0) | Winsen ZE03-NH3 ammonia module ($40.0) | Hydrophone ($45.0) | Dissolved oxygen kit (Atlas EZO-DO) ($170)
growth-rate,Plants & soil,How fast is it growing?,17,,CORE,Capacitive soil moisture v2 ($2),Livox Mid-360 3D LiDAR,OV2640 camera (ESP32-CAM) ($8),Capacitive soil moisture v2 ($2),Capacitive soil moisture v2 ($2) | HX711 + load cell ($5) | DS18B20 soil temp spear ($5) | Frustration-free moisture: plant leaf clip ($5) | Nano33-style 1kg beam scale kit ($8) | OV2640 camera (ESP32-CAM) ($8) | Chirp! plant sensor ($10) | SHT31 weatherproof probe ($12) | Scale-hacking: NAU7802 ($12) | OV5640 5MP autofocus cam ($15) | Draw-wire (string pot) sensor ($15) | Thermal flow: SDP + thermistor DIY ($40) | Watermark granular-matrix soil water sensor ($45) | Point dendrometer (stem diameter) ($70.0) | Apogee SQ-500 full-spectrum quantum (PAR) sensor ($400.0) | Sap flow probe (heat-ratio method) ($620.0) | Livox Mid-360 3D LiDAR ($749.0)
light-dose-daily,Plants & soil,Has this plant had enough light today?,17,,FOUNDATION,Photoresistor (LDR) ($0.2),Apogee SQ-500 full-spectrum quantum (PAR) sensor,Photoresistor (LDR) ($0.2),Photoresistor (LDR) ($0.2),Photoresistor (LDR) ($0.2) | BH1750 lux sensor ($2.5) | MAX44009 ultra-low-power lux ($3) | TSL2561 lux sensor ($4) | VEML7700 high-accuracy lux ($5) | LTR-390 UV + ambient ($5) | VCNL4040 proximity + lux ($6) | VEML6030 ambient light sensor ($6.0) | TSL2591 high dynamic lux ($7) | SI1145 UV/IR/visible ($8) | OPT3001 photometric lux sensor ($8.0) | OPT4048 tristimulus color ($9) | Chirp! plant sensor ($10) | AS7341 11-channel spectral ($14) | AS7343 14-channel spectral sensor ($19.95) | Pyranometer (solar irradiance) ($60) | Apogee SQ-500 full-spectrum quantum (PAR) sensor ($400.0)
plant-thirsty,Plants & soil,Does this plant need water?,16,,CORE,Capacitive soil moisture v2 ($2),Sap flow probe (heat-ratio method),AS7263 NIR spectral ($27),Capacitive soil moisture v2 ($2),"Capacitive soil moisture v2 ($2) | HX711 + load cell ($5) | Frustration-free moisture: plant leaf clip ($5) | Chirp! plant sensor ($10) | Gypsum soil moisture block ($10.0) | Tipping bucket rain gauge ($12) | Scale-hacking: NAU7802 ($12) | MPRLS ported pressure ($15) | AS7263 NIR spectral ($27) | RS-485 soil NPK/EC probe ($40) | Watermark granular-matrix soil water sensor ($45) | Point dendrometer (stem diameter) ($70.0) | METER TEROS 12 soil moisture, EC and temperature ($220.0) | METER TEROS 21 soil water potential ($290.0) | True TDR soil water content probe ($395.0) | Sap flow probe (heat-ratio method) ($620.0)"
compost-active,Plants & soil,Is the compost heating properly — or dangerously?,14,,FOUNDATION,DS18B20 digital temp probe ($2.5),SprintIR-W fast wide-range NDIR CO2,DHT22 / AM2302 ($4),DS18B20 digital temp probe ($2.5),DS18B20 digital temp probe ($2.5) | DHT22 / AM2302 ($4) | DS18B20 soil temp spear ($5) | SHT31 weatherproof probe ($12) | Compost / hay temp lance ($15) | STCC4 low-cost percent CO2 ($18.0) | STC31 percent-level CO2 ($28.0) | SCD30 NDIR CO2 ($40) | Winsen ZE03-NH3 ammonia module ($40.0) | NDIR methane / hydrocarbon module ($45) | Soil CO2 flux chamber (closed dynamic) ($95.0) | INIR NDIR methane module ($130.0) | Dissolved oxygen kit (Atlas EZO-DO) ($170) | SprintIR-W fast wide-range NDIR CO2 ($190.0)
disease-pressure,Plants & soil,Are conditions right for fungal disease?,13,,FOUNDATION,AHT20 temp/humidity ($2),Sap flow probe (heat-ratio method),AHT20 temp/humidity ($2),AHT20 temp/humidity ($2),AHT20 temp/humidity ($2) | Capacitive rain/condensation plate ($3) | DHT22 / AM2302 ($4) | Si7021 humidity/temp ($4) | SHT41 humidity + temp ($6) | BME280 climate combo ($6) | HDC3022 humidity + temp ($7) | SHT31 weatherproof probe ($12) | Tipping bucket rain gauge ($12) | Leaf wetness sensor ($15) | Watermark granular-matrix soil water sensor ($45) | Alphasense OPC-N3 optical particle counter ($500.0) | Sap flow probe (heat-ratio method) ($620.0)
soil-fertility,Plants & soil,What is the nutrient status of this soil?,8,,BROAD,EC / TDS sensor ($12),True TDR soil water content probe,— none,EC / TDS sensor ($12),"EC / TDS sensor ($12) | Analog pH kit ($30) | RS-485 soil NPK/EC probe ($40) | Soil/water nitrate ion-selective ($90) | Soil CO2 flux chamber (closed dynamic) ($95.0) | Ammonium ion-selective electrode ($189.0) | METER TEROS 12 soil moisture, EC and temperature ($220.0) | True TDR soil water content probe ($395.0)"
fruit-ripe,Plants & soil,Is it ripe?,7,,CORE,TCS3200 frequency-output colour sensor ($4),AS7265x 18-channel spectral triad,TCS3200 frequency-output colour sensor ($4),TCS3200 frequency-output colour sensor ($4),TCS3200 frequency-output colour sensor ($4.0) | TCS34725 RGB color ($7) | AS7341 11-channel spectral ($14) | Grove Vision AI v2 ($16) | AS7263 NIR spectral ($27) | Time-of-flight spectroscopy: AS7263 trick ($35) | AS7265x 18-channel spectral triad ($69.95)
soil-ready-to-plant,Plants & soil,Is the soil warm enough to sow?,6,,FOUNDATION,DS18B20 digital temp probe ($2.5),True TDR soil water content probe,— none,DS18B20 digital temp probe ($2.5),"DS18B20 digital temp probe ($2.5) | DS18B20 soil temp spear ($5) | Chirp! plant sensor ($10) | RS-485 soil NPK/EC probe ($40) | METER TEROS 12 soil moisture, EC and temperature ($220.0) | True TDR soil water content probe ($395.0)"
soil-tension,Plants & soil,How hard must roots work to get water?,4,,COMPLETE,Gypsum soil moisture block ($10),METER TEROS 21 soil water potential,— none,Gypsum soil moisture block ($10),Gypsum soil moisture block ($10.0) | MPRLS ported pressure ($15) | Watermark granular-matrix soil water sensor ($45) | METER TEROS 21 soil water potential ($290.0)
hive-state,Plants & soil,What is the beehive doing?,3,rare,BROAD,HX711 + load cell ($5),S-type load cell,— none,HX711 + load cell ($5),HX711 + load cell ($5) | Scale-hacking: NAU7802 ($12) | S-type load cell ($35.0)
intrusion,Security & safety,Has someone entered who shouldn't have?,27,,FOUNDATION,Reed switch ($0.5),RPLIDAR A1 360 degree triangulation LiDAR,Reed switch ($0.5),Reed switch ($0.5),Reed switch ($0.5) | Piezo contact mic / disc ($0.5) | SW-420 vibration switch ($1) | RCWL-0516 doppler radar ($1.2) | HC-SR501 PIR motion ($1.5) | AM312 mini PIR ($2) | ADXL345 accelerometer ($3) | LIS3DH budget accel ($3) | INMP441 I2S MEMS mic ($3) | Piezo shock/knock element ($3) | SI4432/CC1101 sub-GHz sniffer ($4) | LD2410 mmWave presence ($5) | ICS-43434 I2S mic ($5) | MAX9814 AGC mic amp ($7) | SPH0645 I2S mic ($7) | OV2640 camera (ESP32-CAM) ($8) | LD1125H 24GHz respiration radar ($9) | Ground vibration fence: fiber + photodiode ($10) | LD2450 multi-target tracking radar ($12) | Panasonic EKMC PIR (quality) ($12) | Weight-in-motion: piezo cable ($15) | Wiegand-26 access control reader ($20.0) | DFRobot Gravity mmWave presence radar ($22) | Geophone SM-24 ($30) | RPLIDAR / LD19 scanning LiDAR ($40) | Through-beam photoelectric pair ($95.0) | RPLIDAR A1 360 degree triangulation LiDAR ($99.0)
vehicle-approaching,Security & safety,Is a vehicle arriving?,15,,FOUNDATION,QMC5883L compass ($2),TI AWR1642 77GHz automotive radar EVM,QMC5883L compass ($2),QMC5883L compass ($2),QMC5883L compass ($2) | Photoelectric beam sensor E18-D80NK ($3) | MMC5603 precision magnetometer ($6) | Panasonic EKMC PIR (quality) ($12) | Weight-in-motion: piezo cable ($15) | Grove Vision AI v2 ($16) | TF-Luna LiDAR ($25) | Geophone SM-24 ($30) | ADXL355 low-noise accel ($38) | Snow/level laser (outdoor ToF) ($70) | Retro-reflective photoelectric sensor ($70.0) | Through-beam photoelectric pair ($95.0) | Alphasense NO2-B43F electrochemical cell ($120.0) | Benewake TF03 long-range industrial LiDAR ($180.0) | TI AWR1642 77GHz automotive radar EVM ($299.0)
unusual-sound,Security & safety,Did something sound wrong?,13,,FOUNDATION,Piezo contact mic / disc ($0.5),Hydrophone,KY-037/038 sound modules ($1),KY-037/038 sound modules ($1),Piezo contact mic / disc ($0.5) | KY-037/038 sound modules ($1) | INMP441 I2S MEMS mic ($3) | Piezo shock/knock element ($3) | PDM MEMS microphone ($3.0) | ICS-43434 I2S mic ($5) | Ultrasonic mic experiments ($6) | MAX4466 adjustable mic amp ($6) | MAX9814 AGC mic amp ($7) | SPH0645 I2S mic ($7) | Geophone SM-24 ($30) | DFRobot dB meter ($37) | Hydrophone ($45.0)
authorised-to-use,Security & safety,Is this person allowed to operate this?,12,,FOUNDATION,RC522 RFID reader ($2),DW3000 UWB ranging radio (FiRa generation),NTAG I2C Plus 2K dual-interface tag ($6),ATECC608B secure element ($6),RC522 RFID reader ($2) | 125kHz RDM6300 RFID ($3) | PN532 NFC controller ($6) | NTAG I2C Plus 2K dual-interface tag ($6.0) | ATECC608B secure element ($6.0) | ST25DV64K dual-interface NFC tag ($8.0) | Person Sensor (Useful Sensors) ($10) | PN5180 long-range NFC / ISO15693 reader ($12.0) | Fingerprint reader R503 ($20) | Wiegand-26 access control reader ($20.0) | ID809 capacitive fingerprint module ($32.0) | DW3000 UWB ranging radio (FiRa generation) ($48.0)
glass-broken,Security & safety,Did glass break?,9,,FOUNDATION,Piezo contact mic / disc ($0.5),PDM MEMS microphone,KY-037/038 sound modules ($1),KY-037/038 sound modules ($1),Piezo contact mic / disc ($0.5) | KY-037/038 sound modules ($1) | INMP441 I2S MEMS mic ($3) | Piezo shock/knock element ($3) | PDM MEMS microphone ($3.0) | ICS-43434 I2S mic ($5) | MAX4466 adjustable mic amp ($6) | MAX9814 AGC mic amp ($7) | SPH0645 I2S mic ($7)
perimeter-crossed,Security & safety,"Was the boundary crossed, and where along it?",9,,BROAD,Photoelectric beam sensor E18-D80NK ($3),Type 4 safety light curtain,Photoelectric beam sensor E18-D80NK ($3),Photoelectric beam sensor E18-D80NK ($3),Photoelectric beam sensor E18-D80NK ($3) | Water leak rope sensor ($10) | Ground vibration fence: fiber + photodiode ($10) | LD2450 multi-target tracking radar ($12) | Weight-in-motion: piezo cable ($15) | Geophone SM-24 ($30) | RPLIDAR / LD19 scanning LiDAR ($40) | Through-beam photoelectric pair ($95.0) | Type 4 safety light curtain ($800.0)
fire-present,Security & safety,Is there a flame?,8,,CORE,IR flame detector (flicker) ($2),FLIR Lepton 3.5,IR flame detector (flicker) ($2),IR flame detector (flicker) ($2),IR flame detector (flicker) ($2) | MAX31855 thermocouple amp ($15) | Compost / hay temp lance ($15) | PMS7003 laser particle counter ($20.0) | MLX90614 forehead mode ($25) | Figaro TGS6812 catalytic pellistor ($35.0) | FLIR Lepton 3.1R radiometric thermal module ($180.0) | FLIR Lepton 3.5 ($240)
stove-left-on,Security & safety,Was the hob left on with nobody there?,8,,FOUNDATION,MQ-2 smoke/LPG gas ($2),MLX90641 thermal (16x12),MQ-2 smoke/LPG gas ($2),MQ-2 smoke/LPG gas ($2),MQ-2 smoke/LPG gas ($2) | IR flame detector (flicker) ($2) | MQ-4 methane / natural gas ($2.5) | INMP441 I2S MEMS mic ($3) | MLX90614 IR thermometer ($8) | Grid-EYE AMG8833 thermal array ($35) | MLX90640 thermal camera ($45) | MLX90641 thermal (16x12) ($60)
vehicle-speed,Security & safety,How fast are vehicles going past?,6,,CORE,NEO-6M GPS ($8),TI AWR1642 77GHz automotive radar EVM,NEO-6M GPS ($8),Weight-in-motion: piezo cable ($15),NEO-6M GPS ($8) | Weight-in-motion: piezo cable ($15) | High-g accel ADXL375 ($18) | TF-Luna LiDAR ($25) | Geophone SM-24 ($30) | TI AWR1642 77GHz automotive radar EVM ($299.0)
tank-level,Water,How much is in the tank?,39,,FOUNDATION,ESP32 native touch pins ($0),Guided-wave radar level transmitter,Reed switch ($0.5),Reed switch ($0.5),ESP32 native touch pins ($0) | Reed switch ($0.5) | HC-SR04 ultrasonic ($1.5) | SI4432/CC1101 sub-GHz sniffer ($4) | US-100 ultrasonic w/ temp comp ($4) | Vertical float level switch (reed) ($4.0) | VL53L0X ToF laser ($5) | HX711 + load cell ($5) | Stainless vertical float level switch ($5.0) | LPS22HB pressure sensor ($6) | JSN-SR04T waterproof ultrasonic ($6) | TLV493D 3D magnetic ($6) | MPR121 12-pad cap touch ($6) | Water level capacitive strip ($7) | Capacitive proximity switch M18 ($7.0) | MLX90393 wide-range 3D mag ($8) | Non-contact liquid level XKC-Y26 ($8) | VL6180X short-range ToF ($8) | Bat/dolphin: 40kHz ranging array ($8) | A02YYUW waterproof ultrasonic ($9) | Capacitive liquid/force FDC1004 ($9) | Scale-hacking: NAU7802 ($12) | MPRLS ported pressure ($15) | Draw-wire (string pot) sensor ($15) | VL53L4CX multi-target ToF ($15.0) | FDC2214 capacitive proximity front-end ($15.0) | Optical infrared water-in-fuel ($18) | Trill flexible touch sliders ($20) | TF-Luna LiDAR ($25) | Ultrasonic liquid (through-wall) ($25) | eTape liquid level ($40) | Snow/level laser (outdoor ToF) ($70) | Submersible hydrostatic level transmitter ($70.0) | Acconeer XM125 pulsed coherent radar ($70.0) | Vibrating-fork level switch ($90.0) | MaxBotix MB7389 weather LV ($110) | 4-20mA loop pressure transmitter ($150.0) | Benewake TF03 long-range industrial LiDAR ($180.0) | Guided-wave radar level transmitter ($290.0)
water-leak,Water,Is water escaping where it shouldn't?,19,,FOUNDATION,Piezo contact mic / disc ($0.5),Transit-time ultrasonic flow (clamp-on),HDC3022 humidity + temp ($7),Capacitive soil moisture v2 ($2),Piezo contact mic / disc ($0.5) | Capacitive soil moisture v2 ($2) | Capacitive rain/condensation plate ($3) | Vertical float level switch (reed) ($4.0) | YF-S201 flow sensor ($5) | Stainless vertical float level switch ($5.0) | HDC3022 humidity + temp ($7) | Water level capacitive strip ($7) | Non-contact liquid level XKC-Y26 ($8) | Capacitive liquid/force FDC1004 ($9) | Water leak rope sensor ($10) | Acoustic emission (ultrasonic contact) ($10) | Paddle flow switch ($12.0) | MPRLS ported pressure ($15) | Optical infrared water-in-fuel ($18) | eTape liquid level ($40) | Hydrophone ($45.0) | Transit-time ultrasonic flow (clamp-on) ($85) | Vibrating-fork level switch ($90.0)
pump-dry,Water,Is the pump about to run dry?,18,,BROAD,Vertical float level switch (reed) ($4),Paddlewheel insertion flow sensor,Water level capacitive strip ($7),Vertical float level switch (reed) ($4),Vertical float level switch (reed) ($4.0) | YF-S201 flow sensor ($5) | Stainless vertical float level switch ($5.0) | Water level capacitive strip ($7) | Non-contact liquid level XKC-Y26 ($8) | A02YYUW waterproof ultrasonic ($9) | Capacitive liquid/force FDC1004 ($9) | DS18B20 water temp + flow combo ($10) | Paddle flow switch ($12.0) | MPRLS ported pressure ($15) | Optical infrared water-in-fuel ($18) | Ultrasonic liquid (through-wall) ($25) | eTape liquid level ($40) | Submersible hydrostatic level transmitter ($70.0) | Transit-time ultrasonic flow (clamp-on) ($85) | Vibrating-fork level switch ($90.0) | 4-20mA loop pressure transmitter ($150.0) | Paddlewheel insertion flow sensor ($320.0)
flow-rate,Water,How fast is water flowing?,11,,FOUNDATION,A3144 / SS49E Hall switches ($0.4),Paddlewheel insertion flow sensor,A3144 / SS49E Hall switches ($0.4),A3144 / SS49E Hall switches ($0.4),A3144 / SS49E Hall switches ($0.4) | Reed switch ($0.5) | Through-beam slot / photo-interrupter ($1) | YF-S201 flow sensor ($5) | Nano33-style 1kg beam scale kit ($8) | DS18B20 water temp + flow combo ($10) | Paddle flow switch ($12.0) | Transit-time ultrasonic flow (clamp-on) ($85) | Thermal microflow sensor for liquids ($150.0) | Electromagnetic (mag) flowmeter ($300.0) | Paddlewheel insertion flow sensor ($320.0)
water-used-total,Water,"How much water was used, by whom, and when?",9,,FOUNDATION,A3144 / SS49E Hall switches ($0.4),Paddlewheel insertion flow sensor,A3144 / SS49E Hall switches ($0.4),A3144 / SS49E Hall switches ($0.4),A3144 / SS49E Hall switches ($0.4) | Reed switch ($0.5) | YF-S201 flow sensor ($5) | Nano33-style 1kg beam scale kit ($8) | DS18B20 water temp + flow combo ($10) | Submersible hydrostatic level transmitter ($70.0) | Transit-time ultrasonic flow (clamp-on) ($85) | Electromagnetic (mag) flowmeter ($300.0) | Paddlewheel insertion flow sensor ($320.0)
water-nutrients,Water,How concentrated is the nutrient solution?,8,,CORE,ADS1115 16-bit ADC (the analog fixer) ($3),Ammonium ion-selective electrode,TCS34725 RGB color ($7),ADS1115 16-bit ADC (the analog fixer) ($3),ADS1115 16-bit ADC (the analog fixer) ($3) | TCS34725 RGB color ($7) | Color-changing material readers ($10) | EC / TDS sensor ($12) | RS-485 soil NPK/EC probe ($40) | High-range EC probe for salinity (K=10) ($70.0) | Soil/water nitrate ion-selective ($90) | Ammonium ion-selective electrode ($189.0)
water-hot-enough,Water,Is the water at the right temperature?,7,,FOUNDATION,NTC thermistor 10k ($0.3),4-wire PT100 RTD probe with thermowell,MLX90614 IR thermometer ($8),NTC thermistor 10k ($0.3),NTC thermistor 10k ($0.3) | DS18B20 digital temp probe ($2.5) | MLX90614 IR thermometer ($8) | DS18B20 water temp + flow combo ($10) | TMP117 ultra-precise temp ($11) | MAX31865 RTD amplifier ($15) | 4-wire PT100 RTD probe with thermowell ($25.0)
water-sanitised,Water,Is the sanitiser actually working?,5,,COMPLETE,AS7331 spectral UV ($27.5),Free-chlorine amperometric membrane probe,AS7331 spectral UV ($27.5),AS7331 spectral UV ($27.5),AS7331 spectral UV ($27.5) | Analog pH kit ($30) | ORP (redox) probe ($110) | Alphasense CL2-A1 chlorine cell ($130.0) | Free-chlorine amperometric membrane probe ($390.0)
thermal-energy-moved,Water,How much heat did this water actually carry?,5,,FOUNDATION,DS18B20 digital temp probe ($2.5),Transit-time ultrasonic flow (clamp-on),Transit-time ultrasonic flow (clamp-on) ($85),DS18B20 digital temp probe ($2.5),DS18B20 digital temp probe ($2.5) | DS18B20 water temp + flow combo ($10) | MAX31865 RTD amplifier ($15) | 4-wire PT100 RTD probe with thermowell ($25.0) | Transit-time ultrasonic flow (clamp-on) ($85)
water-ph,Water,Is the water too acidic or alkaline?,4,,CORE,ADS1115 16-bit ADC (the analog fixer) ($3),Analog pH kit,TCS34725 RGB color ($7),ADS1115 16-bit ADC (the analog fixer) ($3),ADS1115 16-bit ADC (the analog fixer) ($3) | TCS34725 RGB color ($7) | Color-changing material readers ($10) | Analog pH kit ($30)
water-clarity,Water,"Is the water cloudy — sediment, algae, runoff?",3,rare,CORE,TCS3200 frequency-output colour sensor ($4),Turbidity sensor,TCS3200 frequency-output colour sensor ($4),TCS3200 frequency-output colour sensor ($4),TCS3200 frequency-output colour sensor ($4.0) | TSL2591 high dynamic lux ($7) | Turbidity sensor ($12)
water-oxygen,Water,Is there enough oxygen for fish or microbes?,2,rare,COMPLETE,ORP (redox) probe ($110),Dissolved oxygen kit (Atlas EZO-DO),— none,ORP (redox) probe ($110),ORP (redox) probe ($110) | Dissolved oxygen kit (Atlas EZO-DO) ($170)
frost-tonight,Weather & outdoors,Will there be frost tonight?,17,,FOUNDATION,NTC thermistor 10k ($0.3),Capacitive rain/condensation plate,AHT20 temp/humidity ($2),NTC thermistor 10k ($0.3),NTC thermistor 10k ($0.3) | TMP36 analog temp ($1.5) | AHT20 temp/humidity ($2) | DS18B20 digital temp probe ($2.5) | Capacitive rain/condensation plate ($3) | DHT22 / AM2302 ($4) | Si7021 humidity/temp ($4) | SHTC3 tiny low-power RH/T ($4) | MCP9808 precision temp ($5) | DS18B20 soil temp spear ($5) | SHT41 humidity + temp ($6) | BME280 climate combo ($6) | MLX90614 IR thermometer ($8) | TMP117 ultra-precise temp ($11) | SHT31 weatherproof probe ($12) | Anemometer cup sensor ($12) | Leaf wetness sensor ($15)
sky-clear,Weather & outdoors,Is the sky clear or clouded?,17,,FOUNDATION,Photoresistor (LDR) ($0.2),Pyranometer (solar irradiance),Photoresistor (LDR) ($0.2),Photoresistor (LDR) ($0.2),Photoresistor (LDR) ($0.2) | BMP280 budget barometer ($1.5) | BH1750 lux sensor ($2.5) | MAX44009 ultra-low-power lux ($3) | ALS-PT19 ambient light phototransistor ($3.0) | GUVA-S12SD UV analog ($4) | TSL2561 lux sensor ($4) | VEML7700 high-accuracy lux ($5) | LTR-390 UV + ambient ($5) | ML8511 / VEML6075 UV outdoor ($6) | VEML6030 ambient light sensor ($6.0) | TSL2591 high dynamic lux ($7) | MLX90614 IR thermometer ($8) | SI1145 UV/IR/visible ($8) | OPT3001 photometric lux sensor ($8.0) | OPT4048 tristimulus color ($9) | Pyranometer (solar irradiance) ($60)
flood-rising,Weather & outdoors,"Is water rising, and how fast?",16,,BROAD,US-100 ultrasonic w/ temp comp ($4),Benewake TF03 long-range industrial LiDAR,US-100 ultrasonic w/ temp comp ($4),US-100 ultrasonic w/ temp comp ($4),US-100 ultrasonic w/ temp comp ($4) | Stainless vertical float level switch ($5.0) | LPS22HB pressure sensor ($6) | JSN-SR04T waterproof ultrasonic ($6) | Water level capacitive strip ($7) | Non-contact liquid level XKC-Y26 ($8) | A02YYUW waterproof ultrasonic ($9) | Water leak rope sensor ($10) | Tipping bucket rain gauge ($12) | MPRLS ported pressure ($15) | Optical infrared water-in-fuel ($18) | eTape liquid level ($40) | Snow/level laser (outdoor ToF) ($70) | Submersible hydrostatic level transmitter ($70.0) | MaxBotix MB7389 weather LV ($110) | Benewake TF03 long-range industrial LiDAR ($180.0)
storm-approaching,Weather & outdoors,Is a storm coming?,11,,FOUNDATION,BMP280 budget barometer ($1.5),Atmospheric electricity (field mill lite),BMP280 budget barometer ($1.5),BMP280 budget barometer ($1.5),BMP280 budget barometer ($1.5) | BME280 climate combo ($6) | MS5611 high-res altimeter ($6) | LPS22HB pressure sensor ($6) | DPS310 barometer ($7) | BMP390 precision barometer ($10) | Anemometer cup sensor ($12) | Wind vane ($12) | BME688 gas + climate AI ($15) | Atmospheric electricity (field mill lite) ($15) | AS3935 lightning detector ($20)
snow-depth,Weather & outdoors,How deep is the snow?,7,,BROAD,US-100 ultrasonic w/ temp comp ($4),Benewake TF03 long-range industrial LiDAR,US-100 ultrasonic w/ temp comp ($4),US-100 ultrasonic w/ temp comp ($4),US-100 ultrasonic w/ temp comp ($4) | JSN-SR04T waterproof ultrasonic ($6) | A02YYUW waterproof ultrasonic ($9) | Draw-wire (string pot) sensor ($15) | Snow/level laser (outdoor ToF) ($70) | MaxBotix MB7389 weather LV ($110) | Benewake TF03 long-range industrial LiDAR ($180.0)
is-raining,Weather & outdoors,"Is it raining, and how hard?",5,,FOUNDATION,Reed switch ($0.5),SI4432/CC1101 sub-GHz sniffer,Reed switch ($0.5),Reed switch ($0.5),Reed switch ($0.5) | Capacitive rain/condensation plate ($3) | SI4432/CC1101 sub-GHz sniffer ($4) | Tipping bucket rain gauge ($12) | Leaf wetness sensor ($15)
wind-conditions,Weather & outdoors,"How windy is it, and from where?",5,,CORE,A3144 / SS49E Hall switches ($0.4),Ground vibration fence: fiber + photodiode,A3144 / SS49E Hall switches ($0.4),A3144 / SS49E Hall switches ($0.4),A3144 / SS49E Hall switches ($0.4) | SI4432/CC1101 sub-GHz sniffer ($4) | Ground vibration fence: fiber + photodiode ($10) | Anemometer cup sensor ($12) | Wind vane ($12)
uv-exposure,Weather & outdoors,How much UV have I accumulated today?,5,,BROAD,GUVA-S12SD UV analog ($4),AS7331 spectral UV,GUVA-S12SD UV analog ($4),GUVA-S12SD UV analog ($4),GUVA-S12SD UV analog ($4) | LTR-390 UV + ambient ($5) | ML8511 / VEML6075 UV outdoor ($6) | SI1145 UV/IR/visible ($8) | AS7331 spectral UV ($27.5)
heat-island,Weather & outdoors,How much hotter is this spot than the next street?,4,,FOUNDATION,AHT20 temp/humidity ($2),Alphasense OPC-N3 optical particle counter,AHT20 temp/humidity ($2),AHT20 temp/humidity ($2),AHT20 temp/humidity ($2) | u-blox M10 GNSS ($20) | Alphasense NO2-B43F electrochemical cell ($120.0) | Alphasense OPC-N3 optical particle counter ($500.0)
solar-resource,Weather & outdoors,How much solar energy is available?,3,rare,BROAD,ML8511 / VEML6075 UV outdoor ($6),Apogee SQ-500 full-spectrum quantum (PAR) sensor,ML8511 / VEML6075 UV outdoor ($6),ML8511 / VEML6075 UV outdoor ($6),ML8511 / VEML6075 UV outdoor ($6) | Pyranometer (solar irradiance) ($60) | Apogee SQ-500 full-spectrum quantum (PAR) sensor ($400.0)
lightning-distance,Weather & outdoors,How far away is the lightning?,1,SOLE ROUTE,COMPLETE,AS3935 lightning detector ($20),AS3935 lightning detector,AS3935 lightning detector ($20),AS3935 lightning detector ($20),AS3935 lightning detector ($20)
